year_int,month_int,date_dt,month_idx_int,percentile_chr,actual_num,fixed_num,gap_lp_num,trend_lp_num,excess_lp_num,excess_roll12_lp_num,band_lp_num,trend_slope_lp_per_yr_num
2016,1,2016-01-01,24192,p10,11.857871092147372,11.857871092147372,0,-0.768344021750238,0.768344021750238,0.768344021750238,0.35731319214154056,0.2312217895442915
2016,2,2016-02-01,24193,p10,11.864077171737906,11.864077171737906,0,-0.7490755392881852,0.7490755392881852,0.7587097805192116,0.35731319214154056,0.2312217895442915
2016,3,2016-03-01,24194,p10,11.836382623652392,11.955942044093327,-1.0050335853501562,-0.7298070568261892,-0.275226528523967,0.41406434417148535,0.35731319214154056,0.2312217895442915
2016,4,2016-04-01,24195,p10,11.797730450134194,11.797730450134194,0,-0.7105385743641364,0.7105385743641364,0.4881829017196481,0.35731319214154056,0.2312217895442915
2016,5,2016-05-01,24196,p10,11.948632746834026,12.105679398490112,-1.3057856917456592,-0.6912700919021404,-0.6145155998435188,0.26764320140701475,0.35731319214154056,0.2312217895442915
2016,6,2016-06-01,24197,p10,11.757894736842106,11.757894736842106,0,-0.6720016094400876,0.6720016094400876,0.3350362694125269,0.35731319214154056,0.2312217895442915
2016,7,2016-07-01,24198,p10,11.87342081714832,12.0824139228407,-1.7448643334946408,-0.6527331269780916,-1.0921312065165492,0.13115520142265888,0.35731319214154056,0.2312217895442915
2016,8,2016-08-01,24199,p10,11.739507915393132,11.739507915393132,0,-0.6334646445160388,0.6334646445160388,0.19394388180933136,0.35731319214154056,0.2312217895442915
2016,9,2016-09-01,24200,p10,11.912545861796366,12.042737619848785,-1.0869672236903878,-0.6141961620540428,-0.47277106163634497,0.11986444364870066,0.35731319214154056,0.2312217895442915
2016,10,2016-10-01,24201,p10,12.342947161872397,12.342947161872397,0,-0.59492767959199,0.59492767959199,0.1673707672430296,0.35731319214154056,0.2312217895442915
2016,11,2016-11-01,24202,p10,12.014122708567156,12.338828727717619,-2.6668247082161294,-0.575659197129994,-2.0911655110861354,-0.03795071260507631,0.35731319214154056,0.2312217895442915
2016,12,2016-12-01,24203,p10,11.968439671212229,11.993507181718163,-0.2092277376664643,-0.5563907146679412,0.3471629770014769,-0.005857905137863541,0.35731319214154056,0.2312217895442915
2017,1,2017-01-01,24204,p10,12.270590542075999,12.270590542075999,0,-0.5371222322059452,0.5371222322059452,-0.025126387599887934,0.35731319214154056,0.2312217895442915
2017,2,2017-02-01,24205,p10,12.253956379410763,12.253956379410763,0,-0.5178537497438924,0.5178537497438924,-0.04439487006191233,0.35731319214154056,0.2312217895442915
2017,3,2017-03-01,24206,p10,12.260235093183304,12.324762646305322,-0.5249355886143791,-0.49858526728189645,-0.026350321332482607,-0.02365518612928863,0.35731319214154056,0.2312217895442915
2017,4,2017-04-01,24207,p10,12.236876410127854,12.236876410127854,0,-0.47931678481984363,0.47931678481984363,-0.042923668591313024,0.35731319214154056,0.2312217895442915
2017,5,2017-05-01,24208,p10,12.564317028149516,12.693181818181818,-1.0204170174241736,-0.46004830235784766,-0.5603687150663259,-0.038411428193213616,0.35731319214154056,0.2312217895442915
2017,6,2017-06-01,24209,p10,12.489360102640177,12.875628971793999,-3.045920748470869,-0.44077981989579484,-2.605140928575074,-0.3115066396944771,0.35731319214154056,0.2312217895442915
2017,7,2017-07-01,24210,p10,12.870855585503442,12.870855585503442,0,-0.42151133743379887,0.42151133743379887,-0.1853697610319481,0.35731319214154056,0.2312217895442915
2017,8,2017-08-01,24211,p10,12.842032651184182,12.842032651184182,0,-0.40224285497174606,0.40224285497174606,-0.2046382434939725,0.35731319214154056,0.2312217895442915
2017,9,2017-09-01,24212,p10,12.34652141434263,12.653585159362551,-2.4566230283726194,-0.3829743725097501,-2.0736486558628693,-0.33804470967951616,0.35731319214154056,0.2312217895442915
2017,10,2017-10-01,24213,p10,12.777650674916195,12.777650674916195,0,-0.36370589004769727,0.36370589004769727,-0.35731319214154056,0.35731319214154056,0.2312217895442915
2017,11,2017-11-01,24214,p10,12.759374223988083,12.759374223988083,0,-0.3444374075857013,0.3444374075857013,-0.15434628225222086,0.35731319214154056,0.2312217895442915
2017,12,2017-12-01,24215,p10,12.740897233711232,12.740897233711232,0,-0.3251689251236485,0.3251689251236485,-0.15617911990870656,0.35731319214154056,0.2312217895442915
2018,1,2018-01-01,24216,p10,12.693307246119033,12.693307246119033,0,-0.3059004426616525,0.3059004426616525,-0.17544760237073095,0.35731319214154056,0.2312217895442915
2018,2,2018-02-01,24217,p10,12.666147353474798,12.666147353474798,0,-0.2866319601995997,0.2866319601995997,-0.19471608483275535,0.35731319214154056,0.2312217895442915
2018,3,2018-03-01,24218,p10,12.65267325952484,12.65267325952484,0,-0.2673634777376037,0.2673634777376037,-0.17023993491024816,0.35731319214154056,0.2312217895442915
2018,4,2018-04-01,24219,p10,12.622585146316059,12.622585146316059,0,-0.2480949952755509,0.2480949952755509,-0.18950841737227256,0.35731319214154056,0.2312217895442915
2018,5,2018-05-01,24220,p10,12.600916216242728,12.600916216242728,0,-0.22882651281355493,0.22882651281355493,-0.12374214838228248,0.35731319214154056,0.2312217895442915
2018,6,2018-06-01,24221,p10,12.590047927550012,12.590047927550012,0,-0.2095580303515021,0.2095580303515021,0.11081609819493221,0.35731319214154056,0.2312217895442915
2018,7,2018-07-01,24222,p10,12.576735169429297,12.576735169429297,0,-0.19028954788950614,0.19028954788950614,0.09154761573290782,0.35731319214154056,0.2312217895442915
2018,8,2018-08-01,24223,p10,12.56799859110833,12.56799859110833,0,-0.17102106542745332,0.17102106542745332,0.07227913327088342,0.35731319214154056,0.2312217895442915
2018,9,2018-09-01,24224,p10,12.54222890507528,12.54222890507528,0,-0.15175258296545735,0.15175258296545735,0.2577292365065773,0.35731319214154056,0.2312217895442915
2018,10,2018-10-01,24225,p10,12.520590672060042,12.520590672060042,0,-0.13248410050340453,0.13248410050340453,0.23846075404455291,0.35731319214154056,0.2312217895442915
2018,11,2018-11-01,24226,p10,12.51632076390919,12.51632076390919,0,-0.11321561804140856,0.11321561804140856,0.21919227158252852,0.35731319214154056,0.2312217895442915
2018,12,2018-12-01,24227,p10,12.507667890283447,12.507667890283447,0,-0.093947135579355745,0.093947135579355745,0.19992378912050413,0.35731319214154056,0.2312217895442915
2019,1,2019-01-01,24228,p10,12.51412594497701,12.51412594497701,0,-0.07467865311735977,0.07467865311735977,0.18065530665847973,0.35731319214154056,0.2312217895442915
2019,2,2019-02-01,24229,p10,12.4912482010191,12.4912482010191,0,-0.055410170655306956,0.055410170655306956,0.16138682419645534,0.35731319214154056,0.2312217895442915
2019,3,2019-03-01,24230,p10,12.463010216456938,12.463010216456938,0,-0.036141688193310983,0.036141688193310983,0.14211834173443094,0.35731319214154056,0.2312217895442915
2019,4,2019-04-01,24231,p10,12.427921826625388,12.427921826625388,0,-0.016873205731258167,0.016873205731258167,0.12284985927240655,0.35731319214154056,0.2312217895442915
2019,5,2019-05-01,24232,p10,12.518261710252816,12.543099531106492,-0.19821612039912112,0.0023952767307378053,-0.20061139712985893,0.08706336677712206,0.35731319214154056,0.2312217895442915
2019,6,2019-06-01,24233,p10,12.413030033628388,12.413030033628388,0,0.02166375919279062,-0.02166375919279062,0.06779488431509767,0.35731319214154056,0.2312217895442915
2019,7,2019-07-01,24234,p10,12.39649881299338,12.39649881299338,0,0.040932241654786594,-0.040932241654786594,0.04852640185307327,0.35731319214154056,0.2312217895442915
2019,8,2019-08-01,24235,p10,12.390759139577506,12.51466673097328,-0.9950330853167979,0.06020072411683941,-1.0552338094336373,-0.05366150438535095,0.35731319214154056,0.2312217895442915
2019,9,2019-09-01,24236,p10,12.383233879286244,12.445150048682677,-0.49875415110391624,0.07946920657883538,-0.5782233576827516,-0.1144928327727017,0.35731319214154056,0.2312217895442915
2019,10,2019-10-01,24237,p10,12.36130758201257,12.36130758201257,0,0.0987376890408882,-0.0987376890408882,-0.1337613152347261,0.35731319214154056,0.2312217895442915
2019,11,2019-11-01,24238,p10,12.863117325488991,12.657307448281168,1.6129381929883497,0.11800617150288417,1.4949320214854656,-0.018618281614388003,0.35731319214154056,0.2312217895442915
2019,12,2019-12-01,24239,p10,12.315089111948383,12.315089111948383,0,0.137274653964937,-0.137274653964937,-0.0378867640764124,0.35731319214154056,0.2312217895442915
2020,1,2020-01-01,24240,p10,12.441043162025077,12.293520911091973,1.1928570865273813,0.15654313642693296,1.0363139501004484,0.04224951067217832,0.35731319214154056,0.2312217895442915
2020,2,2020-02-01,24241,p10,12.897951670125178,12.590857582741245,2.4097551579060523,0.17581161888898578,2.2339435390170665,0.22379395803565827,0.35731319214154056,0.2312217895442915
2020,3,2020-03-01,24242,p10,12.935307995511696,12.44253435758744,3.883983331626396,0.19508010135098175,3.688903230275414,0.5281907532091669,0.35731319214154056,0.2312217895442915
2020,4,2020-04-01,24243,p10,14.844854484870666,13.607783277798111,8.70113769896297,0.21434858381303457,8.486789115149936,1.2340170789940568,0.35731319214154056,0.2312217895442915
2020,5,2020-05-01,24244,p10,13.964917935002216,13.59416790132959,2.69074529199244,0.23361706627503054,2.4571282257174096,1.4554953808979958,0.35731319214154056,0.2312217895442915
2020,6,2020-06-01,24245,p10,13.859391483648222,13.551405006233818,2.2472855852058577,0.25288554873708335,1.9944000364687744,1.623500697203126,0.35731319214154056,0.2312217895442915
2020,7,2020-07-01,24246,p10,13.511493813230317,13.511493813230317,0,0.2721540311990793,-0.2721540311990793,1.6042322147411017,0.35731319214154056,0.2312217895442915
2020,8,2020-08-01,24247,p10,13.78009678649757,13.47387241346429,2.2472855852058577,0.29142251366113214,1.9558630715447256,1.855156954822632,0.35731319214154056,0.2312217895442915
2020,9,2020-09-01,24248,p10,13.449889107817661,13.449889107817661,0,0.3106909961231281,-0.3106909961231281,1.877451318285934,0.35731319214154056,0.2312217895442915
2020,10,2020-10-01,24249,p10,13.437865545738987,13.437865545738987,0,0.32995947858518093,-0.32995947858518093,1.8581828358239096,0.35731319214154056,0.2312217895442915
2020,11,2020-11-01,24250,p10,13.559803319251532,13.424205286059019,1.0050335853501287,0.3492279610471769,0.6558056243029518,1.7882556360587,0.35731319214154056,0.2312217895442915
2020,12,2020-12-01,24251,p10,13.36819648246436,13.36819648246436,0,0.3684964435092297,-0.3684964435092297,1.7689871535966757,0.35731319214154056,0.2312217895442915
2021,1,2021-01-01,24252,p10,13.322066657238487,13.322066657238487,0,0.3877649259712257,-0.3877649259712257,1.6503139139240361,0.35731319214154056,0.2312217895442915
2021,2,2021-02-01,24253,p10,13.275006811285126,13.275006811285126,0,0.4070334084332785,-0.4070334084332785,1.4302325016365074,0.35731319214154056,0.2312217895442915
2021,3,2021-03-01,24254,p10,13.323339780786588,13.203309692671395,0.9049835519917856,0.4263018908952745,0.4786816610965111,1.1627140375382654,0.35731319214154056,0.2312217895442915
2021,4,2021-04-01,24255,p10,13.436340687846924,13.137755339228104,2.2472855852058577,0.4455703733573273,1.8017152118485305,0.6056245455964817,0.35731319214154056,0.2312217895442915
2021,5,2021-05-01,24256,p10,13.669345510738511,13.25783877892828,3.0566788349762364,0.46483885581932327,2.591839979156913,0.6168505250497737,0.35731319214154056,0.2312217895442915
2021,6,2021-06-01,24257,p10,13.88951899363198,13.638916608385173,1.820730475547025,0.4841073382813761,1.336623137265649,0.5620357834495132,0.35731319214154056,0.2312217895442915
2021,7,2021-07-01,24258,p10,13.591316117330207,13.561897684175813,0.21668480850902933,0.5033758207433721,-0.28669101223434273,0.5608243683632412,0.35731319214154056,0.2312217895442915
2021,8,2021-08-01,24259,p10,14.064544384529057,14.064544384529057,0,0.5226443032054249,-0.5226443032054249,0.35428208713406206,0.35731319214154056,0.2312217895442915
2021,9,2021-09-01,24260,p10,14.019900316513263,14.019900316513263,0,0.5419127856674208,-0.5419127856674208,0.33501360467203767,0.35731319214154056,0.2312217895442915
2021,10,2021-10-01,24261,p10,13.924661246612466,13.924661246612466,0,0.5611812681294737,-0.5611812681294737,0.3157451222100133,0.35731319214154056,0.2312217895442915
2021,11,2021-11-01,24262,p10,13.832817337461302,13.832817337461302,0,0.5804497505914696,-0.5804497505914696,0.2127238409688115,0.35731319214154056,0.2312217895442915
2021,12,2021-12-01,24263,p10,13.75223039040754,13.75223039040754,0,0.5997182330535225,-0.5997182330535225,0.1934553585067871,0.35731319214154056,0.2312217895442915
2022,1,2022-01-01,24264,p10,13.680221516178847,13.680221516178847,0,0.6189867155155184,-0.6189867155155184,0.1741868760447627,0.35731319214154056,0.2312217895442915
2022,2,2022-02-01,24265,p10,13.993289670988798,13.596718708653084,2.874941328598579,0.6382551979775712,2.236686130621008,0.3944968376326199,0.35731319214154056,0.2312217895442915
2022,3,2022-03-01,24266,p10,13.4713567839196,13.4713567839196,0,0.6575236804395672,-0.6575236804395672,0.29981305917128004,0.35731319214154056,0.2312217895442915
2022,4,2022-04-01,24267,p10,13.496466500418528,13.440464564732142,0.4158010148663898,0.67679216290162,-0.2609911480352302,0.1279208625143,0.35731319214154056,0.2312217895442915
2022,5,2022-05-01,24268,p10,13.913982547811546,13.913982547811546,0,0.696060645363616,-0.696060645363616,-0.1460708561957441,0.35731319214154056,0.2312217895442915
2022,6,2022-06-01,24269,p10,14.05693190400989,13.873181160166624,1.31580845775112,0.7153291278256688,0.6004793299254512,-0.2074161734740939,0.35731319214154056,0.2312217895442915
2022,7,2022-07-01,24270,p10,13.76500214316331,13.76500214316331,0,0.7345976102876648,-0.7345976102876648,-0.24474172331187075,0.35731319214154056,0.2312217895442915
2022,8,2022-08-01,24271,p10,14.282055010092025,13.950585777330328,2.3482356235142436,0.7538660927497176,1.594369530764526,-0.06832390381437484,0.35731319214154056,0.2312217895442915
2022,9,2022-09-01,24272,p10,14.235424995950797,14.235424995950797,0,0.7731345752117136,-0.7731345752117136,-0.08759238627639923,0.35731319214154056,0.2312217895442915
2022,10,2022-10-01,24273,p10,13.673307068582384,13.618831741615919,0.3992021269537457,0.7924030576737664,-0.3932009307200207,-0.07359402482561149,0.35731319214154056,0.2312217895442915
2022,11,2022-11-01,24274,p10,14.125366897590107,13.930328177734921,1.3903905169491257,0.8116715401357624,0.5787189768133634,0.02300336912479126,0.35731319214154056,0.2312217895442915
2022,12,2022-12-01,24275,p10,14.10734802149157,14.10734802149157,0,0.8309400225978152,-0.8309400225978152,0.0037348866627668668,0.35731319214154056,0.2312217895442915
2023,1,2023-01-01,24276,p10,14.040214229262306,14.040214229262306,0,0.8502085050598112,-0.8502085050598112,-0.015533595799257527,0.35731319214154056,0.2312217895442915
2023,2,2023-02-01,24277,p10,14.540246509872974,14.00171886135916,3.7740327982847113,0.869476987521864,2.9045558107628473,0.040122210879229084,0.35731319214154056,0.2312217895442915
2023,3,2023-03-01,24278,p10,14.503884948646752,13.966704024622798,3.7740327982847113,0.88874546998386,2.8852873283008513,0.3353564616075973,0.35731319214154056,0.2312217895442915
2023,4,2023-04-01,24279,p10,14.036338688420669,13.929191064844938,0.7662872745569097,0.9080139524459128,-0.14172667788900306,0.3452951674531162,0.35731319214154056,0.2312217895442915
2023,5,2023-05-01,24280,p10,14.435669155657669,14.435669155657669,0,0.9272824349079087,-0.9272824349079087,0.32602668499109183,0.35731319214154056,0.2312217895442915
2023,6,2023-06-01,24281,p10,14.935387426293499,14.6686840793954,1.801850550267843,0.9465509173699616,0.8552996328978815,0.3472617102387944,0.35731319214154056,0.2312217895442915
2023,7,2023-07-01,24282,p10,14.755635683539161,14.382749583233117,2.559554718896372,0.9658193998319575,1.5937353190644146,0.5412894543514677,0.35731319214154056,0.2312217895442915
2023,8,2023-08-01,24283,p10,14.338392148432334,13.807340587379285,3.7740327982847113,0.9850878822940103,2.788944915990701,0.6408374031203156,0.35731319214154056,0.2312217895442915
2023,9,2023-09-01,24284,p10,14.813225373343329,14.695660092602509,0.7968169649176882,1.0043563647560063,-0.20753939983831815,0.6879703344014318,0.35731319214154056,0.2312217895442915
2023,10,2023-10-01,24285,p10,14.709918803524273,14.266085046521386,3.0636969461889803,1.0236248472180591,2.040072098970921,0.8907430868756769,0.35731319214154056,0.2312217895442915
2023,11,2023-11-01,24286,p10,14.784849879969748,14.784849879969748,0,1.042893329680055,-1.042893329680055,0.7556087280012255,0.35731319214154056,0.2312217895442915
2023,12,2023-12-01,24287,p10,14.769793035479633,14.769793035479633,0,1.062161812142108,-1.062161812142108,0.7363402455392011,0.35731319214154056,0.2312217895442915
2024,1,2024-01-01,24288,p10,15.031230054170827,14.715889563523886,2.1202207650602904,1.081430294604104,1.0387904704561866,0.8937568268322008,0.35731319214154056,0.2312217895442915
2024,2,2024-02-01,24289,p10,14.667041830800978,14.667041830800978,0,1.1006987770661567,-1.1006987770661567,0.5599856111797838,0.35731319214154056,0.2312217895442915
2024,3,2024-03-01,24290,p10,14.60984783862608,14.60984783862608,0,1.1199672595281527,-1.1199672595281527,0.22621439552736686,0.35731319214154056,0.2312217895442915
2024,4,2024-04-01,24291,p10,15.080153989919278,14.847097064620527,1.5575211785471155,1.1392357419902055,0.41828543655691,0.27288207173119294,0.35731319214154056,0.2312217895442915
2024,5,2024-05-01,24292,p10,14.577162820481647,14.577162820481647,0,1.1585042244522015,-1.1585042244522015,0.25361358926916855,0.35731319214154056,0.2312217895442915
2024,6,2024-06-01,24293,p10,14.56122878611219,14.56122878611219,0,1.1777727069142543,-1.1777727069142543,0.0841908942848239,0.35731319214154056,0.2312217895442915
2024,7,2024-07-01,24294,p10,14.953411856007634,14.538039304451866,2.817087696669644,1.1970411893762503,1.6200465072933938,0.0863834933039055,0.35731319214154056,0.2312217895442915
2024,8,2024-08-01,24295,p10,15.293372803512765,14.878637269858181,2.7493140580198707,1.2163096718382462,1.5330043861816245,-0.01827821751351753,0.35731319214154056,0.2312217895442915
2024,9,2024-09-01,24296,p10,14.485927859133602,14.485927859133602,0,1.235578154300299,-1.235578154300299,-0.10394811371868261,0.35731319214154056,0.2312217895442915
2024,10,2024-10-01,24297,p10,15.37555228868431,14.9627857842901,2.721256352488479,1.254846636762295,1.4664097157261842,-0.15175331232241068,0.35731319214154056,0.2312217895442915
2024,11,2024-11-01,24298,p10,14.94070155455377,14.631583591356105,2.0906684819313863,1.2741151192243478,0.8165533627070385,0.0032005787098471163,0.35731319214154056,0.2312217895442915
2024,12,2024-12-01,24299,p10,15.211019010433338,14.748521810791782,3.0877238564439446,1.2933836016863438,1.7943402547576008,0.24124241761815618,0.35731319214154056,0.2312217895442915
2025,1,2025-01-01,24300,p10,15.362612917885876,14.850525820623012,3.3901551675681416,1.3126520841483966,2.077503083419745,0.32780180203178605,0.35731319214154056,0.2312217895442915
2025,2,2025-02-01,24301,p10,15.320227399220801,14.940869387430572,2.507363755211596,1.3319205666103926,1.1754431886012036,0.5174802991707328,0.35731319214154056,0.2312217895442915
2025,3,2025-03-01,24302,p10,15.053041257180086,14.695850447687677,2.401487620387392,1.3511890490724454,1.0502985713149466,0.6983357850743244,0.35731319214154056,0.2312217895442915
2025,4,2025-04-01,24303,p10,15.249878684277043,14.661604432361312,3.9339414560032293,1.3704575315344414,2.563483924468788,0.8771023257336475,0.35731319214154056,0.2312217895442915
2025,5,2025-05-01,24304,p10,14.98885553129549,14.734807132459974,1.709443335930004,1.3897260139964942,0.3197173219335099,1.0002874545991234,0.35731319214154056,0.2312217895442915
2025,6,2025-06-01,24305,p10,15.052132486388386,14.697368421052632,2.385121582218006,1.4089944964584902,0.9761270857595159,1.1797791039886043,0.35731319214154056,0.2312217895442915
2025,7,2025-07-01,24306,p10,14.676985327722884,14.676985327722884,0,1.428262978920543,-1.428262978920543,0.9257533134707763,0.35731319214154056,0.2312217895442915
2025,8,2025-08-01,24307,p10,15.144542517822195,14.538760817109308,4.082199452025499,1.447531461382539,2.63466799064296,1.0175586138425543,0.35731319214154056,0.2312217895442915
2025,9,2025-09-01,24308,p10,15.100391062765967,14.64737933088299,3.0459207484708437,1.4667999438445918,1.579120804626252,1.2521168604197668,0.35731319214154056,0.2312217895442915
2025,11,2025-11-01,24310,p10,15.048029989456834,15.048029989456834,0,1.5053369087686406,-1.5053369087686406,1.0215547579850308,0.35731319214154056,0.2312217895442915
2025,12,2025-12-01,24311,p10,15,14.5,3.3901551675681416,1.5246053912306365,1.865549776337505,1.0280283508559311,0.35731319214154056,0.2312217895442915
2026,1,2026-01-01,24312,p10,14.954596608327838,14.954596608327838,0,1.5438738736926894,-1.5438738736926894,0.6988122638457098,0.35731319214154056,0.2312217895442915
2026,2,2026-02-01,24313,p10,14.902778959417757,14.902778959417757,0,1.5631423561546853,-1.5631423561546853,0.44984994159517444,0.35731319214154056,0.2312217895442915
2026,3,2026-03-01,24314,p10,14.809769032704358,14.711037239152995,0.668898815079671,1.5824108386167381,-0.9135120235370672,0.27132170569953684,0.35731319214154056,0.2312217895442915
2026,4,2026-04-01,24315,p10,14.745507836414843,14.745507836414843,0,1.6016793210787341,-1.6016793210787341,-0.10732949844114698,0.35731319214154056,0.2312217895442915
2026,5,2026-05-01,24316,p10,14.681578165359909,14.681578165359909,0,1.620947803540787,-1.620947803540787,-0.28375360075699213,0.35731319214154056,0.2312217895442915
2026,6,2026-06-01,24317,p10,14.696695803395729,14.696695803395729,0,1.640216286002783,-1.640216286002783,-0.5216029981899284,0.35731319214154056,0.2312217895442915
2026,7,2026-07-01,24318,p10,14.689301070350382,14.689301070350382,0,1.6594847684648357,-1.6594847684648357,-0.5426231608757732,0.35731319214154056,0.2312217895442915
2026,8,2026-08-01,24319,p10,14.643864142454342,14.643864142454342,0,1.6787532509268317,-1.6787532509268317,-0.9347523646548451,0.35731319214154056,0.2312217895442915
2016,1,2016-01-01,24192,p25,15.349355358168541,15.810494789529828,-2.9600469776290743,-1.2425826286820438,-1.7174643489470305,-1.7174643489470305,0.7068491603458116,0.41287737290399573
2016,2,2016-02-01,24193,p25,15.21007649186721,15.726799971838618,-3.340812634387907,-1.2081761809399723,-2.132636453447935,-1.9250504011974827,0.7068491603458116,0.41287737290399573
2016,3,2016-03-01,24194,p25,15.124266685778055,15.174242523522366,-0.3298900465493374,-1.1737697331980144,0.843879686648677,-1.0020737052487627,0.7068491603458116,0.41287737290399573
2016,4,2016-04-01,24195,p25,15.293354287210992,15.730307266845593,-2.8170876966696334,-1.1393632854559428,-1.6777244112136906,-1.1709863817399948,0.7068491603458116,0.41287737290399573
2016,5,2016-05-01,24196,p25,15.377484641325278,15.704665165608795,-2.105340919783238,-1.104956837713985,-1.0003840820692531,-1.1368659218058466,0.7068491603458116,0.41287737290399573
2016,6,2016-06-01,24197,p25,15.023976608187136,15.154619883040937,-0.8658062743114542,-1.070550389972027,0.20474411566057282,-0.9132642488947765,0.7068491603458116,0.41287737290399573
2016,7,2016-07-01,24198,p25,15.674482926928476,15.674482926928476,0,-1.0361439422299554,1.0361439422299554,-0.6347773644483863,0.7068491603458116,0.41287737290399573
2016,8,2016-08-01,24199,p25,15.391799266848773,15.652677220524176,-1.6807118316381173,-1.0017374944879975,-0.6789743371501198,-0.640301986036103,0.7068491603458116,0.41287737290399573
2016,9,2016-09-01,24200,p25,15.623010966290316,15.623010966290316,0,-0.9673310467460396,0.9673310467460396,-0.4616760935047538,0.7068491603458116,0.41287737290399573
2016,10,2016-10-01,24201,p25,15.591091151838818,15.591091151838818,0,-0.9329245990039681,0.9329245990039681,-0.32221602425388163,0.7068491603458116,0.41287737290399573
2016,11,2016-11-01,24202,p25,15.585888919222256,15.585888919222256,0,-0.8985181512620102,0.8985181512620102,-0.21124019011607326,0.7068491603458116,0.41287737290399573
2016,12,2016-12-01,24203,p25,15.559144451958698,15.559144451958698,0,-0.8641117035199386,0.8641117035199386,-0.12162753231307227,0.7068491603458116,0.41287737290399573
2017,1,2017-01-01,24204,p25,15.499693316306525,15.499693316306525,0,-0.8297052557779807,0.8297052557779807,0.09063660141401199,0.7068491603458116,0.41287737290399573
2017,2,2017-02-01,24205,p25,15.478681742413595,15.478681742413595,0,-0.7952988080360228,0.7952988080360228,0.33463120653767514,0.7068491603458116,0.41287737290399573
2017,3,2017-03-01,24206,p25,15.486612749284173,15.486612749284173,0,-0.7608923602939512,0.7608923602939512,0.3277155960081147,0.7068491603458116,0.41287737290399573
2017,4,2017-04-01,24207,p25,15.457107044372027,15.457107044372027,0,-0.7264859125519934,0.7264859125519934,0.5280664563219216,0.7068491603458116,0.41287737290399573
2017,5,2017-05-01,24208,p25,15.463774803876328,15.463774803876328,0,-0.6920794648100355,0.6920794648100355,0.6691050852285291,0.7068491603458116,0.41287737290399573
2017,6,2017-06-01,24209,p25,15.450754766152798,15.450754766152798,0,-0.6576730170679639,0.6576730170679639,0.7068491603458116,0.7068491603458116,0.41287737290399573
2017,7,2017-07-01,24210,p25,15.445026702604132,15.766798092241718,-2.0619287202735705,-0.623266569326006,-1.4386621509475646,0.500615319247685,0.7068491603458116,0.41287737290399573
2017,8,2017-08-01,24211,p25,15.410439181421019,15.731489997700622,-2.061928720273559,-0.5888601215840481,-1.473068598689511,0.4344407974527357,0.7068491603458116,0.41287737290399573
2017,9,2017-09-01,24212,p25,15.353187250996017,15.353187250996017,0,-0.5544536738419765,0.5544536738419765,0.40003434971073043,0.7068491603458116,0.41287737290399573
2017,10,2017-10-01,24213,p25,15.793176234196416,15.972063343645244,-1.1263192278710827,-0.5200472261000186,-0.6062720017710641,0.2717679663128111,0.7068491603458116,0.41287737290399573
2017,11,2017-11-01,24214,p25,15.311249068785699,15.464361559473556,-0.9950330853168092,-0.48564077835794706,-0.5093923069588622,0.15444209479440507,0.7068491603458116,0.41287737290399573
2017,12,2017-12-01,24215,p25,15.400832550474888,15.3145584749209,0.5617659392301001,-0.45123433061598917,1.0130002698460894,0.1668494753215843,0.7068491603458116,0.41287737290399573
2018,1,2018-01-01,24216,p25,15.612767912726412,15.622358411534591,-0.06140842210784839,-0.4168278828740313,0.3554194607661829,0.12732565907060114,0.7068491603458116,0.41287737290399573
2018,2,2018-02-01,24217,p25,15.832684191843498,15.832684191843498,0,-0.3824214351319597,0.3824214351319597,0.09291921132859589,0.7068491603458116,0.41287737290399573
2018,3,2018-03-01,24218,p25,15.815841574406052,15.815841574406052,0,-0.3480149873900018,0.3480149873900018,0.058512763586600104,0.7068491603458116,0.41287737290399573
2018,4,2018-04-01,24219,p25,15.778231432895074,15.778231432895074,0,-0.3136085396480439,0.3136085396480439,0.02410631584460432,0.7068491603458116,0.41287737290399573
2018,5,2018-05-01,24220,p25,15.751145270303411,15.751145270303411,0,-0.27920209190597234,0.27920209190597234,-0.01030013189740094,0.7068491603458116,0.41287737290399573
2018,6,2018-06-01,24221,p25,15.422808711248765,15.737559909437515,-2.0202707317519466,-0.24479564416401445,-1.7754750875879322,-0.21306247395205893,0.7068491603458116,0.41287737290399573
2018,7,2018-07-01,24222,p25,16.349755720258084,16.349755720258084,0,-0.21038919642205656,0.21038919642205656,-0.07564152833792386,0.7068491603458116,0.41287737290399573
2018,8,2018-08-01,24223,p25,15.709998238885412,15.709998238885412,0,-0.17598274867998498,0.17598274867998498,0.06177941727620081,0.7068491603458116,0.41287737290399573
2018,9,2018-09-01,24224,p25,15.991341853970983,15.991341853970983,0,-0.1415763009380271,0.1415763009380271,0.02737296953420502,0.7068491603458116,0.41287737290399573
2018,10,2018-10-01,24225,p25,16.276767873678054,16.276767873678054,0,-0.10716985319595551,0.10716985319595551,0.08682645744812333,0.7068491603458116,0.41287737290399573
2018,11,2018-11-01,24226,p25,16.271216993081946,16.271216993081946,0,-0.07276340545399762,0.07276340545399762,0.1353394334825283,0.7068491603458116,0.41287737290399573
2018,12,2018-12-01,24227,p25,16.25996825736848,16.25996825736848,0,-0.03835695771203973,0.03835695771203973,0.0541191574713575,0.7068491603458116,0.41287737290399573
2019,1,2019-01-01,24228,p25,16.268363728470113,16.268363728470113,0,-0.003950509969968152,0.003950509969968152,0.024830078238339603,0.7068491603458116,0.41287737290399573
2019,2,2019-02-01,24229,p25,16.483549096638928,16.23862266132483,1.4970339458865243,0.03045593777198974,1.4665780081145345,0.11517645932022084,0.7068491603458116,0.41287737290399573
2019,3,2019-03-01,24230,p25,16.20191328139402,16.20191328139402,0,0.06486238551394763,-0.06486238551394763,0.08077001157822505,0.7068491603458116,0.41287737290399573
2019,4,2019-04-01,24231,p25,16.7297226876935,16.570562435500516,0.9559165248966754,0.0992688332560192,0.8566476916406562,0.1260232742442761,0.7068491603458116,0.41287737290399573
2019,5,2019-05-01,24232,p25,16.76552907623145,16.76552907623145,0,0.1336752809979771,-0.1336752809979771,0.0916168265022803,0.7068491603458116,0.41287737290399573
2019,6,2019-06-01,24233,p25,16.550706711504517,16.757590545398322,-1.2422519998557096,0.16808172874004867,-1.4103337285957582,0.12204527308496145,0.7068491603458116,0.41287737290399573
2019,7,2019-07-01,24234,p25,16.735273397541064,16.735273397541064,0,0.20248817648200657,-0.20248817648200657,0.0876388253429562,0.7068491603458116,0.41287737290399573
2019,8,2019-08-01,24235,p25,16.727524838429634,16.727524838429634,0,0.23689462422396446,-0.23689462422396446,0.05323237760096041,0.7068491603458116,0.41287737290399573
2019,9,2019-09-01,24236,p25,16.71736573703643,16.71736573703643,0,0.27130107196603603,-0.27130107196603603,0.018825929858955148,0.7068491603458116,0.41287737290399573
2019,10,2019-10-01,24237,p25,16.68776523571697,16.68776523571697,0,0.3057075197079939,-0.3057075197079939,-0.015580517883040637,0.7068491603458116,0.41287737290399573
2019,11,2019-11-01,24238,p25,17.288029685457204,17.288029685457204,0,0.3401139674499518,-0.3401139674499518,-0.04998696562503643,0.7068491603458116,0.41287737290399573
2019,12,2019-12-01,24239,p25,17.148761588388126,17.179549311167992,-0.1793722454026655,0.3745204151920234,-0.5538926605946889,-0.09934110048393048,0.7068491603458116,0.41287737290399573
2020,1,2020-01-01,24240,p25,17.210929275528763,17.023111594942634,1.0972678669475668,0.4089268629339813,0.6883410040135856,-0.04230855931362903,0.7068491603458116,0.41287737290399573
2020,2,2020-02-01,24241,p25,17.197268893500237,17.197268893500237,0,0.4433333106759392,-0.4433333106759392,-0.20146783587950184,0.7068491603458116,0.41287737290399573
2020,3,2020-03-01,24242,p25,17.24707732734893,17.123883917867865,0.7168489478612496,0.47773975841801075,0.2391091894432389,-0.1761368712997363,0.7068491603458116,0.41287737290399573
2020,4,2020-04-01,24243,p25,18.556068106088333,17.937532502552056,3.39015516756812,0.5121462061599686,2.878008961408151,-0.007690098819111711,0.7068491603458116,0.41287737290399573
2020,5,2020-05-01,24244,p25,18.53750168363126,17.610626599449695,5.129329438755069,0.5465526539020402,4.582776784853029,0.3853475733351388,0.7068491603458116,0.41287737290399573
2020,6,2020-06-01,24245,p25,18.479188644864298,17.76835585499185,3.9226046500837075,0.5809591016439981,3.3416455484397094,0.7813458464214278,0.7068491603458116,0.41287737290399573
2020,7,2020-07-01,24246,p25,18.424764290768614,17.71602502438371,3.9226046500837075,0.615365549385956,3.3072391006977515,1.073823119519741,0.7068491603458116,0.41287737290399573
2020,8,2020-08-01,24247,p25,18.37346238199676,17.92532915316757,2.4692612590371414,0.6497719971280276,1.8194892619091139,1.245188443364164,0.7068491603458116,0.41287737290399573
2020,9,2020-09-01,24248,p25,18.218486155134833,17.60712755932494,3.41330063694584,0.6841784448699855,2.7291221920758546,1.495223715367655,0.7068491603458116,0.41287737290399573
2020,10,2020-10-01,24249,p25,17.97009110707459,17.65246883053894,1.7833120054905036,0.7185848926119434,1.0647271128785603,1.6094266014165346,0.7068491603458116,0.41287737290399573
2020,11,2020-11-01,24250,p25,18.30573448098957,17.695543331623252,3.3901551675681416,0.7529913403540149,2.6371638272141267,1.8575330843052078,0.7068491603458116,0.41287737290399573
2020,12,2020-12-01,24251,p25,18.229358839724124,17.621713545066655,3.39015516756812,0.7873977880959728,2.602757379472147,2.1205872543107773,0.7068491603458116,0.41287737290399573
2021,1,2021-01-01,24252,p25,18.16645453259794,17.467651581577336,3.9226046500837075,0.8218042358380444,3.100800414245663,2.3216255384967837,0.7068491603458116,0.41287737290399573
2021,2,2021-02-01,24253,p25,18.102282015388806,17.498872614875847,3.39015516756812,0.8562106835800023,2.5339444839881176,2.5697320213854553,0.7068491603458116,0.41287737290399573
2021,3,2021-03-01,24254,p25,18.004513217279175,17.755681611532676,1.391690526699233,0.8906171313219602,0.5010733953772728,2.591562371879958,0.7068491603458116,0.41287737290399573
2021,4,2021-04-01,24255,p25,17.915120917129233,17.915120917129233,0,0.9250235790640318,-0.9250235790640318,2.274642993507276,0.7068491603458116,0.41287737290399573
2021,5,2021-05-01,24256,p25,17.829581100963274,17.829581100963274,0,0.9594300268059897,-0.9594300268059897,1.8127924258690247,0.7068491603458116,0.41287737290399573
2021,6,2021-06-01,24257,p25,17.73130084293444,17.73130084293444,0,0.9938364745479475,-0.9938364745479475,1.4515022572867198,0.7068491603458116,0.41287737290399573
2021,7,2021-07-01,24258,p25,17.65105989263663,17.65105989263663,0,1.0282429222900191,-1.0282429222900191,1.0902120887044056,0.7068491603458116,0.41287737290399573
2021,8,2021-08-01,24259,p25,17.58068048066132,17.58068048066132,0,1.062649370031977,-1.062649370031977,0.8500338693759815,0.7068491603458116,0.41287737290399573
2021,9,2021-09-01,24260,p25,17.52487539564158,17.52487539564158,0,1.097055817773935,-1.097055817773935,0.5311857018884989,0.7068491603458116,0.41287737290399573
2021,10,2021-10-01,24261,p25,17.405826558265584,17.405826558265584,0,1.1314622655160065,-1.1314622655160065,0.3481699203556184,0.7068491603458116,0.41287737290399573
2021,11,2021-11-01,24262,p25,17.291021671826627,17.291021671826627,0,1.1658687132579644,-1.1658687132579644,0.031250541982944136,0.7068491603458116,0.41287737290399573
2021,12,2021-12-01,24263,p25,17.62004518770966,17.190287988009423,2.469261259037163,1.200275161000036,1.2689860980371273,-0.07989706480330751,0.7068491603458116,0.41287737290399573
2022,1,2022-01-01,24264,p25,17.538423989894508,17.10027689522356,2.5299474482898923,1.2346816087419938,1.2952658395478984,-0.23035827936145456,0.7068491603458116,0.41287737290399573
2022,2,2022-02-01,24265,p25,18.128958278204113,17.420795845461765,3.9845908547199778,1.2690880564839517,2.715502798236026,-0.21522841984079552,0.7068491603458116,0.41287737290399573
2022,3,2022-03-01,24266,p25,17.51276381909548,17.11984924623116,2.2691411202070673,1.3034945042260233,0.965646615981044,-0.17651398479048128,0.7068491603458116,0.41287737290399573
2022,4,2022-04-01,24267,p25,17.920619419642858,17.920619419642858,0,1.3379009519679812,-1.3379009519679812,-0.21092043253247705,0.7068491603458116,0.41287737290399573
2022,5,2022-05-01,24268,p25,17.80989766119878,17.80989766119878,0,1.372307399709939,-1.372307399709939,-0.24532688027447283,0.7068491603458116,0.41287737290399573
2022,6,2022-06-01,24269,p25,17.640071408953588,17.640071408953588,0,1.4067138474520107,-1.4067138474520107,-0.2797333280164781,0.7068491603458116,0.41287737290399573
2022,7,2022-07-01,24270,p25,17.619202743249037,17.619202743249037,0,1.4411202951939686,-1.4411202951939686,-0.3141397757584739,0.7068491603458116,0.41287737290399573
2022,8,2022-08-01,24271,p25,18.039334097362392,17.5779138585748,2.5911381784501244,1.4755267429359264,1.115611435514198,-0.13261804196295932,0.7068491603458116,0.41287737290399573
2022,9,2022-09-01,24272,p25,18.068039417937552,17.69572830265884,2.0821327813585517,1.509933190677998,0.5721995906805537,0.006486575408248078,0.7068491603458116,0.41287737290399573
2022,10,2022-10-01,24273,p25,17.704481264100696,17.432104629268377,1.5504186535965254,1.544339638419956,0.006079015176569502,0.1012816821326294,0.7068491603458116,0.41287737290399573
2022,11,2022-11-01,24274,p25,17.656708621987633,17.385066950880134,1.5504186535965037,1.5787460861620275,-0.028327432565523836,0.19607678885699945,0.7068491603458116,0.41287737290399573
2022,12,2022-12-01,24275,p25,18.07748130892441,17.36288987260501,4.033187443102439,1.6131525339039854,2.4200349091984537,0.2919975231204433,0.7068491603458116,0.41287737290399573
2023,1,2023-01-01,24276,p25,18.090276026164894,17.712270258453984,2.111692344092283,1.6475589816459433,0.4641333624463395,0.22273648336198007,0.7068491603458116,0.41287737290399573
2023,2,2023-02-01,24277,p25,18.30994004946967,17.771412400955857,2.985296314968113,1.6819654293880149,1.303330885580098,0.10505549064065274,0.7068491603458116,0.41287737290399573
2023,3,2023-03-01,24278,p25,18.102997139607243,17.726970492790475,2.0990275891835832,1.7163718771299727,0.3826557120536105,0.05647291531336662,0.7068491603458116,0.41287737290399573
2023,4,2023-04-01,24279,p25,18.215096007874152,18.161522196086285,0.2945510229756966,1.7507783248719306,-1.456227301896234,0.046612386152678896,0.7068491603458116,0.41287737290399573
2023,5,2023-05-01,24280,p25,18.178250047865212,18.01785372391346,0.8862687257845324,1.7851847726140022,-0.8989160468294698,0.08606166555938467,0.7068491603458116,0.41287737290399573
2023,6,2023-06-01,24281,p25,18.135827589070676,18.135827589070676,0,1.81959122035596,-1.81959122035596,0.05165521781738888,0.7068491603458116,0.41287737290399573
2023,7,2023-07-01,24282,p25,18.111610586293555,18.111610586293555,0,1.8539976680980317,-1.8539976680980317,0.017248770075383623,0.7068491603458116,0.41287737290399573
2023,8,2023-08-01,24283,p25,18.05575307580368,18.05575307580368,0,1.8884041158399896,-1.8884041158399896,-0.233085859204132,0.7068491603458116,0.41287737290399573
2023,9,2023-09-01,24284,p25,17.98748795334547,17.98748795334547,0,1.9228105635819475,-1.9228105635819475,-0.4410033720593404,0.7068491603458116,0.41287737290399573
2023,10,2023-10-01,24285,p25,17.964699688212114,17.964699688212114,0,1.957217011324019,-1.957217011324019,-0.6046113742677228,0.7068491603458116,0.41287737290399573
2023,11,2023-11-01,24286,p25,18.26985020881976,17.953031997106123,1.749315744751712,1.991623459065977,-0.2423077143142649,-0.6224430644134512,0.7068491603458116,0.41287737290399573
2023,12,2023-12-01,24287,p25,18.56773981603154,18.251244250985547,1.719240054037299,2.026029906807935,-0.30678985277063586,-0.8496784612442086,0.7068491603458116,0.41287737290399573
2024,1,2024-01-01,24288,p25,18.7102024450518,18.079521463757917,3.4289073478632166,2.0604363545500064,1.3684709933132102,-0.7743169920053028,0.7068491603458116,0.41287737290399573
2024,2,2024-02-01,24289,p25,18.33380228850122,17.809979365972616,2.8987536873252187,2.0948428022919643,0.8039108850332544,-0.8159353253842064,0.7068491603458116,0.41287737290399573
2024,3,2024-03-01,24290,p25,18.2623097982826,17.74052951833167,2.8987536873252187,2.129249250033922,0.7695044372912965,-0.7836979316143993,0.7068491603458116,0.41287737290399573
2024,4,2024-04-01,24291,p25,18.754227871099612,18.233277096902402,2.8170876966696223,2.1636556977759938,0.6534319988936286,-0.6078929898819108,0.7068491603458116,0.41287737290399573
2024,5,2024-05-01,24292,p25,18.221453525602058,18.047915872977274,0.9569451016150893,2.1980621455179516,-1.2411170439028623,-0.6364097396380268,0.7068491603458116,0.41287737290399573
2024,6,2024-06-01,24293,p25,18.72157986785853,18.357549148205724,1.9635974516858934,2.2324685932600232,-0.26887114157412983,-0.5071830664062076,0.7068491603458116,0.41287737290399573
2024,7,2024-07-01,24294,p25,18.691764820009542,18.613392640470718,0.4201686853699977,2.266875041001981,-1.8467063556319834,-0.5065754570340368,0.7068491603458116,0.41287737290399573
2024,8,2024-08-01,24295,p25,18.663099014456257,18.663099014456257,0,2.301281488743939,-2.301281488743939,-0.5409819047760327,0.7068491603458116,0.41287737290399573
2024,9,2024-09-01,24296,p25,18.62476439031463,18.107409823917003,2.8170876966696223,2.3356879364860106,0.48139976018361175,-0.3406310444622361,0.7068491603458116,0.41287737290399573
2024,10,2024-10-01,24297,p25,18.574492697739434,18.36810944554233,1.1173300598125036,2.3700943842279685,-1.252764324415465,-0.2819266538865232,0.7068491603458116,0.41287737290399573
2024,11,2024-11-01,24298,p25,18.547077791859852,18.547077791859852,0,2.4045008319699264,-2.4045008319699264,-0.4621094136911617,0.7068491603458116,0.41287737290399573
2024,12,2024-12-01,24299,p25,18.499887985662166,18.499887985662166,0,2.438907279711998,-2.438907279711998,-0.6397858659362752,0.7068491603458116,0.41287737290399573
2025,1,2025-01-01,24300,p25,18.58876163064191,18.43513550146305,0.8298802814695064,2.473313727453956,-1.6434334459844493,-0.8907779025444135,0.7068491603458116,0.41287737290399573
2025,2,2025-02-01,24301,p25,18.384272879064962,18.384272879064962,0,2.5077201751960274,-2.5077201751960274,-1.1667471575635202,0.7068491603458116,0.41287737290399573
2025,3,2025-03-01,24302,p25,18.369813059609594,18.369813059609594,0,2.5421266229379853,-2.5421266229379853,-1.442716412582627,0.7068491603458116,0.41287737290399573
2025,4,2025-04-01,24303,p25,18.78518067896293,18.32700554045164,2.4692612590371414,2.576533070679943,-0.10727181164280175,-1.5061083967939963,0.7068491603458116,0.41287737290399573
2025,5,2025-05-01,24304,p25,18.291484716157207,18.291484716157207,0,2.6109395184220148,-2.6109395184220148,-1.6202602696705923,0.7068491603458116,0.41287737290399573
2025,6,2025-06-01,24305,p25,18.245009074410163,18.245009074410163,0,2.6453459661639727,-2.6453459661639727,-1.8182998383864126,0.7068491603458116,0.41287737290399573
2025,7,2025-07-01,24306,p25,18.725808866405057,18.219705924069785,2.7398974188114344,2.6797524139059306,0.060145004905503896,-1.659395558341622,0.7068491603458116,0.41287737290399573
2025,8,2025-08-01,24307,p25,18.67826910531404,18.173451021386636,2.7398974188114344,2.714158861648002,0.02573855716343232,-1.4654772211826743,0.7068491603458116,0.41287737290399573
2025,9,2025-09-01,24308,p25,18.87548882845746,18.372142459698594,2.7028672387919417,2.74856530938996,-0.04569807059801834,-1.5094020404144768,0.7068491603458116,0.41287737290399573
2025,11,2025-11-01,24310,p25,19.060837986645325,18.358596587137338,3.753791931906524,2.8173782048739895,0.9364137270325346,-1.2290132365050723,0.7068491603458116,0.41287737290399573
2025,12,2025-12-01,24311,p25,18.15,18,0.8298802814695064,2.8517846526159474,-2.021904371146441,-1.191103881180931,0.7068491603458116,0.41287737290399573
2026,1,2026-01-01,24312,p25,18.94248903721526,18.6932457604098,1.3245226750020505,2.886191100358019,-1.5616684253559685,-1.1836706974874327,0.7068491603458116,0.41287737290399573
2026,2,2026-02-01,24313,p25,18.876853348595827,18.54568048283099,1.7699577099400856,2.920597548099977,-1.1506398381598912,-1.0602997577568747,0.7068491603458116,0.41287737290399573
2026,3,2026-03-01,24314,p25,18.759040774758855,18.265381807002044,2.666824708216127,2.9550039958419347,-0.2881792876258076,-0.8553954545466768,0.7068491603458116,0.41287737290399573
2026,4,2026-04-01,24315,p25,18.6776432594588,18.186126331578304,2.666824708216149,2.9894104435840063,-0.3225857353678574,-0.874969447612591,0.7068491603458116,0.41287737290399573
2026,5,2026-05-01,24316,p25,18.59666567612255,18.10727973727722,2.666824708216127,3.023816891325964,-0.35699218310983705,-0.670065144402393,0.7068491603458116,0.41287737290399573
2026,6,2026-06-01,24317,p25,18.615814684301256,18.370869754244662,1.3245226750020505,3.058223339067922,-1.7337006640658716,-0.5871882987571111,0.7068491603458116,0.41287737290399573
2026,7,2026-07-01,24318,p25,18.606448022443818,18.116804653432137,2.666824708216149,3.0926297868099937,-0.42580507859384475,-0.6313655790752337,0.7068491603458116,0.41287737290399573
2026,8,2026-08-01,24319,p25,18.548894580442166,18.304830178067927,1.3245226750020722,3.1270362345519516,-1.8025135595498794,-0.797570316958262,0.7068491603458116,0.41287737290399573
2016,1,2016-01-01,24192,p50,22.80347663493887,23.18345552638057,-1.6525892091145504,-1.8419039178082812,0.1893147086937308,0.1893147086937308,0.3101396132901138,0.48362642416906987
2016,2,2016-02-01,24193,p50,23.06903894504593,23.72815434347581,-2.8170876966696334,-1.8016017157941633,-1.0154859808754702,-0.4130856360908697,0.3101396132901138,0.48362642416906987
2016,3,2016-03-01,24194,p50,22.883673072394622,23.120400724867668,-1.0291686036547525,-1.7612995137800453,0.7321309101252929,-0.03134678735214883,0.3101396132901138,0.48362642416906987
2016,4,2016-04-01,24195,p50,22.94003143081649,23.45126641698897,-2.204101659115947,-1.720997311766041,-0.4831043473499057,-0.14428617735158805,0.3101396132901138,0.48362642416906987
2016,5,2016-05-01,24196,p50,22.640892280419347,22.9811600256742,-1.4917086703237155,-1.6806951097519232,0.1889864394282077,-0.07763165399562891,0.3101396132901138,0.48362642416906987
2016,6,2016-06-01,24197,p50,22.718865497076028,23.239152339181285,-2.264279860220494,-1.6403929077378052,-0.6238869524826889,-0.16867420374347222,0.3101396132901138,0.48362642416906987
2016,7,2016-07-01,24198,p50,22.858620935104028,23.511724390392715,-2.8170876966696334,-1.6000907057236873,-1.2169969909459462,-0.31843460191525425,0.3101396132901138,0.48362642416906987
2016,8,2016-08-01,24199,p50,22.826820946597756,23.479015830786263,-2.8170876966696334,-1.559788503709683,-1.2572991929599504,-0.43579267579584124,0.3101396132901138,0.48362642416906987
2016,9,2016-09-01,24200,p50,23.434516449435474,23.434516449435474,0,-1.519486301695565,1.519486301695565,-0.21853945607457387,0.3101396132901138,0.48362642416906987
2016,10,2016-10-01,24201,p50,23.386636727758226,23.386636727758226,0,-1.4791840996814472,1.4791840996814472,-0.048767100498971774,0.3101396132901138,0.48362642416906987
2016,11,2016-11-01,24202,p50,22.729421340532458,23.378833378833384,-2.8170876966696334,-1.4388818976673292,-1.3782057990023042,-0.16962516399927471,0.3101396132901138,0.48362642416906987
2016,12,2016-12-01,24203,p50,23.01456783518891,23.33871667793805,-1.398624197473984,-1.398579695653325,-4.45018206589598e-5,-0.15549344215105673,0.3101396132901138,0.48362642416906987
2017,1,2017-01-01,24204,p50,23.249539974459786,23.249539974459786,0,-1.358277493639207,1.358277493639207,-0.05807987673893372,0.3101396132901138,0.48362642416906987
2017,2,2017-02-01,24205,p50,23.450202839756596,23.450202839756596,0,-1.317975291625089,1.317975291625089,0.13637522930277954,0.3101396132901138,0.48362642416906987
2017,3,2017-03-01,24206,p50,23.22991912392626,23.22991912392626,0,-1.2776730896109711,1.2776730896109711,0.18183707759325274,0.3101396132901138,0.48362642416906987
2017,4,2017-04-01,24207,p50,23.185660566558038,23.507683629982456,-1.3793322132335872,-1.237370887596967,-0.14196132563662034,0.2102656627360265,0.3101396132901138,0.48362642416906987
2017,5,2017-05-01,24208,p50,23.195662205814493,23.517824180895246,-1.3793322132335648,-1.197068685582849,-0.18226352765071585,0.17932816547944955,0.3101396132901138,0.48362642416906987
2017,6,2017-06-01,24209,p50,23.176132149229197,23.819913597818896,-2.739897418811439,-1.156766483568731,-1.5831309352427079,0.09939116691611465,0.3101396132901138,0.48362642416906987
2017,7,2017-07-01,24210,p50,23.167540053906198,23.579407432642306,-1.7621601349819445,-1.116464281554613,-0.6456958534273314,0.14699959504266588,0.3101396132901138,0.48362642416906987
2017,8,2017-08-01,24211,p50,23.11565877213153,23.43670958841113,-1.3793322132335648,-1.0761620795406088,-0.303170133692956,0.22651034998158207,0.3101396132901138,0.48362642416906987
2017,9,2017-09-01,24212,p50,23.34963894422311,23.669497011952192,-1.3605652055778599,-1.035859877526491,-0.324705328051369,0.07282771416933757,0.3101396132901138,0.48362642416906987
2017,10,2017-10-01,24213,p50,23.0381041668739,23.425692904013022,-1.6683859349135195,-0.995557675512373,-0.6728282594011465,-0.10650664908754524,0.3101396132901138,0.48362642416906987
2017,11,2017-11-01,24214,p50,22.96687360317855,23.310100769803828,-1.483387645826801,-0.955255473498255,-0.5281321723285459,-0.03566718019806538,0.3101396132901138,0.48362642416906987
2017,12,2017-12-01,24215,p50,22.933615020680218,22.933615020680218,0,-0.9149532714842508,0.9149532714842508,0.04058263424401043,0.3101396132901138,0.48362642416906987
2018,1,2018-01-01,24216,p50,23.482618405320213,23.482618405320213,0,-0.8746510694701328,0.8746510694701328,2.8043222992091277e-4,0.3101396132901138,0.48362642416906987
2018,2,2018-02-01,24217,p50,23.470371045988802,23.383481275143964,0.3708974444938916,-0.8343488674560149,1.2052463119499066,-0.009113649409677627,0.3101396132901138,0.48362642416906987
2018,3,2018-03-01,24218,p50,23.407445530120956,23.407445530120956,0,-0.794046665441897,0.794046665441897,-0.04941585142376714,0.3101396132901138,0.48362642416906987
2018,4,2018-04-01,24219,p50,23.66734714934261,23.746375508519545,-0.33335679179589545,-0.7537444634278927,0.42038767163199725,-0.0025534349847156773,0.3101396132901138,0.48362642416906987
2018,5,2018-05-01,24220,p50,23.286493167616563,23.626717905455116,-1.450468620288169,-0.7134422614137748,-0.7370263588743942,-0.048783670920022205,0.3101396132901138,0.48362642416906987
2018,6,2018-06-01,24221,p50,22.888707132285923,23.606339864156272,-3.087166366708703,-0.6731400593996568,-2.414026307309046,-0.11802495192555038,0.3101396132901138,0.48362642416906987
2018,7,2018-07-01,24222,p50,23.95868049776281,24.18506173081254,-0.9404458027978407,-0.6328378573855389,-0.30760794541230185,-0.08985095959096459,0.3101396132901138,0.48362642416906987
2018,8,2018-08-01,24223,p50,23.200525399185977,23.250797393550407,-0.21645030095729026,-0.5925356553715346,0.3760853544142444,-0.033246335582031224,0.3101396132901138,0.48362642416906987
2018,9,2018-09-01,24224,p50,23.830234919643033,23.830234919643033,0,-0.5522334533574167,0.5522334533574167,0.03983189620203425,0.3101396132901138,0.48362642416906987
2018,10,2018-10-01,24225,p50,23.78912227691408,23.78912227691408,0,-0.5119312513432988,0.5119312513432988,0.138561855430738,0.3101396132901138,0.48362642416906987
2018,11,2018-11-01,24226,p50,23.78100945142746,23.78100945142746,0,-0.4716290493291808,0.4716290493291808,0.22187529056888192,0.3101396132901138,0.48362642416906987
2018,12,2018-12-01,24227,p50,24.05307919754108,24.052245353015067,0.0034667452465401427,-0.43132684731517656,0.4347935925617167,0.1818619839920041,0.3101396132901138,0.48362642416906987
2019,1,2019-01-01,24228,p50,24.058407129218303,24.065498467253786,-0.02947116614462487,-0.3910246453010586,0.36155347915643377,0.1391038514658625,0.3101396132901138,0.48362642416906987
2019,2,2019-02-01,24229,p50,24.021503040439796,24.014424666459224,0.029471166144622644,-0.3507224432869407,0.38019360943156333,0.07034945958933389,0.3101396132901138,0.48362642416906987
2019,3,2019-03-01,24230,p50,23.67971941126818,23.67971941126818,0,-0.31042024127282275,0.31042024127282275,0.03004725757524437,0.3101396132901138,0.48362642416906987
2019,4,2019-04-01,24231,p50,23.899825766737617,23.899722200722398,4.333347055601649e-4,-0.2701180392588185,0.27055137396437867,0.017560899436276155,0.3101396132901138,0.48362642416906987
2019,5,2019-05-01,24232,p50,23.875355295596272,23.88245181584018,-0.02971878620633591,-0.22981583724470056,0.20009705103836464,0.09565451692900606,0.3101396132901138,0.48362642416906987
2019,6,2019-06-01,24233,p50,23.864050239650577,23.871143399669798,-0.02971878620633591,-0.18951363523058262,0.1597948490242467,0.3101396132901138,0.3101396132901138,0.48362642416906987
2019,7,2019-07-01,24234,p50,24.545067649726892,24.79299762598676,-1.005033585350145,-0.14921143321646468,-0.8558221521336804,0.26445509606333223,0.3101396132901138,0.48362642416906987
2019,8,2019-08-01,24235,p50,23.828359132343014,24.161980322176138,-1.390390516949141,-0.10890923120246043,-1.2814812857466806,0.1263245427165885,0.3101396132901138,0.48362642416906987
2019,9,2019-09-01,24236,p50,24.32617499842009,24.345437806676756,-0.07915418516967934,-0.0686070291883425,-0.010547155981336848,0.07942615860502569,0.3101396132901138,0.48362642416906987
2019,10,2019-10-01,24237,p50,23.980936709104384,23.95003344014935,0.12894908298719138,-0.028304827174224556,0.15725391016141593,0.04986971350653545,0.3101396132901138,0.48362642416906987
2019,11,2019-11-01,24238,p50,24.697185264938863,24.697185264938863,0,0.011997374839893382,-0.011997374839893382,0.009567511492445934,0.3101396132901138,0.48362642416906987
2019,12,2019-12-01,24239,p50,24.15635517031455,24.260725550538314,-0.43113108157002483,0.052299576853897634,-0.48343065842392247,-0.06695117608969066,0.3101396132901138,0.48362642416906987
2020,1,2020-01-01,24240,p50,24.587041822183945,24.587041822183945,0,0.09260177886801557,-0.09260177886801557,-0.1047974475917281,0.3101396132901138,0.48362642416906987
2020,2,2020-02-01,24241,p50,24.567526990714622,24.567526990714622,0,0.1329039808821335,-0.1329039808821335,-0.1475555801178695,0.3101396132901138,0.48362642416906987
2020,3,2020-03-01,24242,p50,24.638681896212756,24.638681896212756,0,0.17320618289625145,-0.17320618289625145,-0.18785778213195903,0.3101396132901138,0.48362642416906987
2020,4,2020-04-01,24243,p50,27.06093265471215,24.976467670794896,8.015699991893193,0.2135083849102557,7.802191606982937,0.43977890395292085,0.3101396132901138,0.48362642416906987
2020,5,2020-05-01,24244,p50,26.7248982605684,24.932939764484043,6.940583866193046,0.25381058692437364,6.686773279268673,0.9803352563054465,0.3101396132901138,0.48362642416906987
2020,6,2020-06-01,24245,p50,26.652379789249068,25.378085738946968,4.899240908871775,0.2941127889384916,4.605128119933283,1.3507796955478664,0.3101396132901138,0.48362642416906987
2020,7,2020-07-01,24246,p50,26.408828816768345,25.082245787833006,5.153812239709754,0.3344149909526095,4.819397248757144,1.8237146456221016,0.3101396132901138,0.48362642416906987
2020,8,2020-08-01,24247,p50,26.500044793553926,25.263510775245543,4.778533048879294,0.37471719296661377,4.40381585591268,2.297489407427048,0.3101396132901138,0.48362642416906987
2020,9,2020-09-01,24248,p50,25.394613352751364,24.454343832395747,3.7729216810007156,0.4150193949807317,3.357902286019984,2.5781935275938253,0.3101396132901138,0.48362642416906987
2020,10,2020-10-01,24249,p50,25.654106950956248,24.667340051449823,3.922357030022016,0.45532159699484964,3.467035433027166,2.8540086544993044,0.3101396132901138,0.48362642416906987
2020,11,2020-11-01,24250,p50,25.200894468828974,24.40764597465276,3.1983045853050744,0.4956237990089676,2.702680786296107,3.0802318345939708,0.3101396132901138,0.48362642416906987
2020,12,2020-12-01,24251,p50,25.001353679392807,24.305811786298833,2.8214480667204214,0.5359260010229718,2.2855220656974495,3.3109778949374187,0.3101396132901138,0.48362642416906987
2021,1,2021-01-01,24252,p50,24.827487861217183,24.221939376797252,2.4692612590371414,0.5762282030370898,1.8930330560000517,3.4764474645097576,0.3101396132901138,0.48362642416906987
2021,2,2021-02-01,24253,p50,25.34319482154433,24.368386935015643,3.922357030022016,0.6165304050512077,3.305826624970808,3.763008348330836,0.3101396132901138,0.48362642416906987
2021,3,2021-03-01,24254,p50,25.967909413281753,24.813820116054156,4.54607616663571,0.6568326070653256,3.8892435595703843,4.101545826869723,0.3101396132901138,0.48362642416906987
2021,4,2021-04-01,24255,p50,25.264858990451224,24.663149795914574,2.4104238977430876,0.6971348090793299,1.7132890886637577,3.5941372836764574,0.3101396132901138,0.48362642416906987
2021,5,2021-05-01,24256,p50,25.139709352358217,24.616708306729965,2.1023230084794107,0.7374370110934478,1.3648859973859628,3.1506466768528982,0.3101396132901138,0.48362642416906987
2021,6,2021-06-01,24257,p50,24.82382118010822,24.67014990613612,0.6209716634313529,0.7777392131075658,-0.15676754967621287,2.7538220377187734,0.3101396132901138,0.48362642416906987
2021,7,2021-07-01,24258,p50,24.711483849691284,24.711483849691284,0,0.8180414151216837,-0.8180414151216837,2.284035482395538,0.3101396132901138,0.48362642416906987
2021,8,2021-08-01,24259,p50,25.19897535561456,24.61295267292585,2.3530497410194036,0.858343617135688,1.4947061238837156,2.041609671393124,0.3101396132901138,0.48362642416906987
2021,9,2021-09-01,24260,p50,25.613189553243352,24.53482555389821,4.301387630560523,0.8986458191498059,3.402741811410717,2.0453462985090187,0.3101396132901138,0.48362642416906987
2021,10,2021-10-01,24261,p50,25.10442364498645,24.368157181571817,2.976682498611458,0.9389480211639238,2.0377344774475343,1.9262378855440492,0.3101396132901138,0.48362642416906987
2021,11,2021-11-01,24262,p50,25.07198142414861,24.29964912280702,3.12890338615317,0.9792502231779281,2.149653162975242,1.8801522502673105,0.3101396132901138,0.48362642416906987
2021,12,2021-12-01,24263,p50,24.79355236510599,24.066403183213193,2.976682498611458,1.019552425192046,1.9571300734194121,1.8527862509108075,0.3101396132901138,0.48362642416906987
2022,1,2022-01-01,24264,p50,24.663729365980938,23.940387653312982,2.976682498611458,1.059854627206164,1.9168278714052942,1.8547691521945777,0.3101396132901138,0.48362642416906987
2022,2,2022-02-01,24265,p50,24.927317632530652,24.398556349416367,2.144033123786941,1.100156829220282,1.043876294566659,1.6662732913275653,0.3101396132901138,0.48362642416906987
2022,3,2022-03-01,24266,p50,24.69748743718593,24.136180904522615,2.298951822469878,1.1404590312342862,1.158492791235592,1.4387107272996658,0.3101396132901138,0.48362642416906987
2022,4,2022-04-01,24267,p50,25.200871058872767,24.64085170200893,2.2472855852058577,1.180761233248404,1.0665243519574537,1.384813665907474,0.3101396132901138,0.48362642416906987
2022,5,2022-05-01,24268,p50,25.045168586060782,24.48860928414832,2.2472855852058577,1.221063435262522,1.0262221499433357,1.3565916786205883,0.3101396132901138,0.48362642416906987
2022,6,2022-06-01,24269,p50,24.80635041884098,24.25509818731118,2.2472855852058577,1.26136563727664,0.9859199479292178,1.4518156367543742,0.3101396132901138,0.48362642416906987
2022,7,2022-07-01,24270,p50,24.942183883411918,24.226403771967426,2.911739857072717,1.3016678392906442,1.6100720177820729,1.6541584228296873,0.3101396132901138,0.48362642416906987
2022,8,2022-08-01,24271,p50,25.268251171701277,24.718941363620814,2.197890671877517,1.3419700413047622,0.8559206305727547,1.600926298387107,0.3101396132901138,0.48362642416906987
2022,9,2022-09-01,24272,p50,25.38285780047227,24.911993742913896,1.872469251464625,1.38227224331888,0.49019700814574496,1.3582142314483594,0.3101396132901138,0.48362642416906987
2022,10,2022-10-01,24273,p50,25.603403674237928,24.404946480975724,4.793946228911926,1.422574445332998,3.371371783578928,1.4693506736259756,0.3101396132901138,0.48362642416906987
2022,11,2022-11-01,24274,p50,25.110556077177492,24.643332402872588,1.8781945426737996,1.4628766473470023,0.4153178953267973,1.324822734655272,0.3101396132901138,0.48362642416906987
2022,12,2022-12-01,24275,p50,25.111079478254997,24.9591541918697,0.6068505836380879,1.5031788493611202,-0.8963282657230324,1.087034539726735,0.3101396132901138,0.48362642416906987
2023,1,2023-01-01,24276,p50,25.866394676217862,24.84037902100254,4.047410792777443,1.5434810513752382,2.503929741402205,1.1359596955598108,0.3101396132901138,0.48362642416906987
2023,2,2023-02-01,24277,p50,25.849327128663063,24.772271831635436,4.25596144187959,1.583783253389356,2.672178188490234,1.271651520053442,0.3101396132901138,0.48362642416906987
2023,3,2023-03-01,24278,p50,25.24750342912583,24.710322505101875,2.1506205220963683,1.6240854554033604,0.526535066693008,1.2189883763415599,0.3101396132901138,0.48362642416906987
2023,4,2023-04-01,24279,p50,25.07254391672089,24.64395342241797,1.7241806434505953,1.6643876574174783,0.059792986033117,1.1350940958478652,0.3101396132901138,0.48362642416906987
2023,5,2023-05-01,24280,p50,25.492322420065097,24.59410300593529,3.5870626267999204,1.7046898594315962,1.8823727673683242,1.2064399806332808,0.3101396132901138,0.48362642416906987
2023,6,2023-06-01,24281,p50,25.603521302217427,24.89231237715583,2.817087696669644,1.7449920614457142,1.07209563522393,1.2136212879078403,0.3101396132901138,0.48362642416906987
2023,7,2023-07-01,24282,p50,25.569332592414433,24.61048262019889,3.822121282019788,1.7852942634597184,2.0368270185600696,1.24918420463934,0.3101396132901138,0.48362642416906987
2023,8,2023-08-01,24283,p50,25.490474930546373,24.513340058208758,3.9087388708046915,1.8255964654738364,2.083142405330855,1.3514526858691818,0.3101396132901138,0.48362642416906987
2023,9,2023-09-01,24284,p50,25.976048779684195,25.394100640017136,2.2658023892583996,1.8658986674879543,0.3999037217704453,1.3439282453379067,0.3101396132901138,0.48362642416906987
2023,10,2023-10-01,24285,p50,26.154489251955873,25.361928971593574,3.0771658666753687,1.9062008695020722,1.1709649971732965,1.1605610131374375,0.3101396132901138,0.48362642416906987
2023,11,2023-11-01,24286,p50,25.398259972376604,25.345456937090997,0.2081166203824671,1.9465030715160765,-1.7383864511336093,0.9810856509324035,0.3101396132901138,0.48362642416906987
2023,12,2023-12-01,24287,p50,26.374630420499344,25.31964520367937,4.082199452025499,1.9868052735301944,2.0953941784953045,1.2303958546172649,0.3101396132901138,0.48362642416906987
2024,1,2024-01-01,24288,p50,25.7528067361668,24.80678526422598,3.7426405519116814,2.0271074755443124,1.715533076367369,1.1646961325310285,0.3101396132901138,0.48362642416906987
2024,2,2024-02-01,24289,p50,25.66732320390171,24.829206527855938,3.3198069409595834,2.0674096775584303,1.252397263401153,1.046381055440272,0.3101396132901138,0.48362642416906987
2024,3,2024-03-01,24290,p50,25.820669853571808,25.097631465639804,2.8401850521251286,2.1077118795724346,0.7324731725526941,1.0635425642619125,0.3101396132901138,0.48362642416906987
2024,4,2024-04-01,24291,p50,25.682873167922523,25.00563716146615,2.6723070140753293,2.1480140815865525,0.5242929324887768,1.1022508931332173,0.3101396132901138,0.48362642416906987
2024,5,2024-05-01,24292,p50,25.041483273755972,24.885299386393665,0.6256537614305357,2.1883162836006704,-1.5626625221701347,0.8151646190050125,0.3101396132901138,0.48362642416906987
2024,6,2024-06-01,24293,p50,26.002194260914628,25.482150375696335,2.020270731751947,2.2286184856147884,-0.20834775386284132,0.7084610032477816,0.3101396132901138,0.48362642416906987
2024,7,2024-07-01,24294,p50,25.960784472235474,25.960784472235474,0,2.2689206876287926,-2.2689206876287926,0.3496486943987097,0.3101396132901138,0.48362642416906987
2024,8,2024-08-01,24295,p50,25.92097085341147,25.402551436343238,2.020270731751947,2.3092228896429106,-0.2889521578909635,0.15197414746355817,0.3101396132901138,0.48362642416906987
2024,9,2024-09-01,24296,p50,25.867728319881433,25.712521949962145,0.6018072325562945,2.3495250916570285,-1.7477178591007339,-0.026994317609040103,0.3101396132901138,0.48362642416906987
2024,10,2024-10-01,24297,p50,25.7979065246381,25.7979065246381,0,2.3898272936711464,-2.3898272936711464,-0.32372700851274366,0.3101396132901138,0.48362642416906987
2024,11,2024-11-01,24298,p50,26.423861446674408,25.75983026647202,2.5451132429524264,2.4301294956851507,0.11498374726727567,-0.1692794919793366,0.3101396132901138,0.48362642416906987
2024,12,2024-12-01,24299,p50,26.31095180183064,25.69428886897523,2.3716526617316065,2.4704316976992686,-0.09877903596766213,-0.3521272598512505,0.3101396132901138,0.48362642416906987
2025,1,2025-01-01,24300,p50,26.423694218763707,25.604354863143126,3.1498667059371015,2.5107338997133866,0.6391328062237149,-0.44182728236322166,0.3101396132901138,0.48362642416906987
2025,2,2025-02-01,24301,p50,25.53371233203467,25.53371233203467,0,2.5510361017275045,-2.5510361017275045,-0.7587800627906098,0.3101396132901138,0.48362642416906987
2025,3,2025-03-01,24302,p50,26.483147160937165,25.51362924945777,3.7295784743696716,2.5913383037415088,1.1382401706281629,-0.7249661462843208,0.3101396132901138,0.48362642416906987
2025,4,2025-04-01,24303,p50,26.472341336207922,25.45417436173839,3.9220713153281115,2.6316405057556267,1.2904308095724848,-0.6611213231940117,0.3101396132901138,0.48362642416906987
2025,5,2025-05-01,24304,p50,25.404839883551677,25.404839883551677,0,2.6719427077697446,-2.6719427077697446,-0.7535613386606459,0.3101396132901138,0.48362642416906987
2025,6,2025-06-01,24305,p50,25.34029038112523,25.34029038112523,0,2.7122449097838626,-2.7122449097838626,-0.9622194349873977,0.3101396132901138,0.48362642416906987
2025,7,2025-07-01,24306,p50,26.317353001434135,25.305147116763592,3.922071315328133,2.752547111797867,1.169524203530266,-0.6756823607241428,0.3101396132901138,0.48362642416906987
2025,8,2025-08-01,24307,p50,26.250540364225138,25.240904196370327,3.922071315328133,2.7928493138119848,1.129222001516148,-0.5575011807735502,0.3101396132901138,0.48362642416906987
2025,9,2025-09-01,24308,p50,25.81607597989915,25.16731843794328,2.5451132429524264,2.8331515158261027,-0.28803827287367634,-0.4358612152546287,0.3101396132901138,0.48362642416906987
2025,11,2025-11-01,24310,p50,26.08325198172518,25.080049982428058,3.922071315328133,2.913755919854225,1.008315395473908,-0.17701596737979688,0.3101396132901138,0.48362642416906987
2025,12,2025-12-01,24311,p50,25,25,0,2.954058121868343,-2.954058121868343,-0.43658679337076783,0.3101396132901138,0.48362642416906987
2026,1,2026-01-01,24312,p50,25.921300787768253,24.924327680546398,3.922071315328133,2.9943603238824608,0.927710991445672,-0.41035241289604446,0.3101396132901138,0.48362642416906987
2026,2,2026-02-01,24313,p50,26.328242828304703,25.334724231010185,3.846628082779614,3.0346625258965787,0.8119655568830355,-0.10462498938599539,0.3101396132901138,0.48362642416906987
2026,3,2026-03-01,24314,p50,26.06519349755967,24.682948387840597,5.448818528406978,3.074964727910583,2.373853800496395,0.007703522420207534,0.3101396132901138,0.48362642416906987
2026,4,2026-04-01,24315,p50,25.706335328149873,24.575846394024737,4.497336564273099,3.115266929924701,1.3820696343483982,0.016034324672563303,0.3101396132901138,0.48362642416906987
2026,5,2026-05-01,24316,p50,25.888516164917974,24.469296942266514,5.638033343610769,3.155569131938819,2.4824642116719504,0.48461677189453556,0.3101396132901138,0.48362642416906987
2026,6,2026-06-01,24317,p50,25.621239683919885,25.42528373987461,0.7677580899034112,3.1958713339529368,-2.4281132440495257,0.5104469233249298,0.3101396132901138,0.48362642416906987
2026,7,2026-07-01,24318,p50,25.902134220717837,25.41249085170616,1.9084548692410699,3.236173535966941,-1.3277186667258711,0.28342484421073555,0.3101396132901138,0.48362642416906987
2026,8,2026-08-01,24319,p50,25.38269784692086,24.650504639798143,2.927038230011324,3.276475737981059,-0.34943750796973516,0.14900125243929163,0.3101396132901138,0.48362642416906987
2016,1,2016-01-01,24192,p75,36.48561531755149,37.87931043324855,-3.748698215119122,-2.476530261328435,-1.2721679537906874,-1.2721679537906874,0.47500517466101744,0.7023044334228193
2016,2,2016-02-01,24193,p75,37.24002001128842,37.99800271948279,-2.0149608562672823,-2.418004891876535,0.40304403560925284,-0.43456195909071726,0.47500517466101744,0.7023044334228193
2016,3,2016-03-01,24194,p75,37.90930323630891,37.93692146243076,-0.07282690061956092,-2.3594795224246354,2.2866526218050747,0.47250956787454673,0.47500517466101744,0.7023044334228193
2016,4,2016-04-01,24195,p75,36.70405028930638,37.785508913902014,-2.903855597991877,-2.3009541529727358,-0.6029014450191412,0.20365681465112473,0.47500517466101744,0.7023044334228193
2016,5,2016-05-01,24196,p75,36.6075745010341,37.723914449889456,-3.0039056313502233,-2.242428783520836,-0.7614768478293872,0.010630082155022346,0.47500517466101744,0.7023044334228193
2016,6,2016-06-01,24197,p75,36.58011695906433,37.65792397660819,-2.9038555979918885,-2.1839034140689364,-0.7199521839229521,-0.1111336288579734,0.47500517466101744,0.7023044334228193
2016,7,2016-07-01,24198,p75,35.79496762573469,37.651414197392775,-5.056320081188451,-2.1253780446170367,-2.9309420365714143,-0.513963401388465,0.47500517466101744,0.7023044334228193
2016,8,2016-08-01,24199,p75,36.52291351455641,37.62642725860336,-2.976682498611438,-2.066852675165137,-0.9098298234463011,-0.5634467041456945,0.47500517466101744,0.7023044334228193
2016,9,2016-09-01,24200,p75,37.52777425860986,37.55511452780087,-0.07282690061957203,-2.0083273057132374,1.9355004050936653,-0.28578591423021005,0.47500517466101744,0.7023044334228193
2016,10,2016-10-01,24201,p75,37.45110020431282,37.47838461382854,-0.07282690061957203,-1.9498019362613377,1.8769750356417656,-0.0695098192430125,0.47500517466101744,0.7023044334228193
2016,11,2016-11-01,24202,p75,37.4658793136571,38.14646312979647,-1.800241004921034,-1.891276566809438,0.091035561888404,-0.0549147845947019,0.47500517466101744,0.7023044334228193
2016,12,2016-12-01,24203,p75,36.74551281404246,37.40159007176671,-1.769710089878387,-1.8327511973575383,0.06304110747915126,-0.045085126921880804,0.47500517466101744,0.7023044334228193
2017,1,2017-01-01,24204,p75,37.258679450181496,37.94841580275714,-1.8342835584412798,-1.7742258279056387,-0.06005773053564112,0.05592405834937305,0.47500517466101744,0.7023044334228193
2017,2,2017-02-01,24205,p75,37.406814210832856,37.49680654654456,-0.24028846163103149,-1.715700458453739,1.4754119968227075,0.14528805511716095,0.47500517466101744,0.7023044334228193
2017,3,2017-03-01,24206,p75,37.88039063222935,38.48423268197117,-1.5815036055444678,-1.6571750890018393,0.07567148345737151,-0.03896037307848099,0.47500517466101744,0.7023044334228193
2017,4,2017-04-01,24207,p75,37.354675357232395,38.642767610930065,-3.390155167568134,-1.5986497195499396,-1.7915054480181944,-0.13801070666173543,0.47500517466101744,0.7023044334228193
2017,5,2017-05-01,24208,p75,37.172337332718044,37.83470235348408,-1.766186858499641,-1.54012435009804,-0.22606250840160103,-0.09339284504275325,0.47500517466101744,0.7023044334228193
2017,6,2017-06-01,24209,p75,37.14103933203696,37.86722480604615,-1.936341740458547,-1.4815989806461403,-0.45474275981240675,-0.0712920597002078,0.47500517466101744,0.7023044334228193
2017,7,2017-07-01,24210,p75,37.127270021943225,37.12727002194323,-2.220446049250313e-14,-1.4230736111942406,1.4230736111942184,0.2915425776135949,0.47500517466101744,0.7023044334228193
2017,8,2017-08-01,24211,p75,37.0171591170384,37.04412738560589,-0.07282690061957203,-1.364548241742341,1.2917213411227688,0.47500517466101744,0.47500517466101744,0.7023044334228193
2017,9,2017-09-01,24212,p75,36.90650328685259,38.114287350597614,-3.220143156387259,-1.3060228722904412,-1.9141202840968177,0.1542034505618105,0.47500517466101744,0.7023044334228193
2017,10,2017-10-01,24213,p75,37.46407177885428,38.077399011250264,-1.6238516492908182,-1.2474975028385415,-0.3763541464522766,-0.03357398127935968,0.47500517466101744,0.7023044334228193
2017,11,2017-11-01,24214,p75,36.81079463620562,38.038884405264476,-3.2817775694451443,-1.1889721333866419,-2.0928054360585024,-0.21556073110826854,0.47500517466101744,0.7023044334228193
2017,12,2017-12-01,24215,p75,36.94860197776257,36.94860197776257,0,-1.1304467639347422,1.1304467639347422,-0.1266102597369693,0.47500517466101744,0.7023044334228193
2018,1,2018-01-01,24216,p75,37.50872291228175,37.967092340613824,-1.2146276582246107,-1.0719213944828425,-0.1427062637417682,-0.13349763750414656,0.47500517466101744,0.7023044334228193
2018,2,2018-02-01,24217,p75,37.998442060424395,37.75461872387,0.6437341964005441,-1.0133960250309428,1.657130221431487,-0.11835445212008161,0.47500517466101744,0.7023044334228193
2018,3,2018-03-01,24218,p75,37.958019778574524,37.958019778574524,0,-0.9548706555790432,0.9548706555790432,-0.04508785444327564,0.47500517466101744,0.7023044334228193
2018,4,2018-04-01,24219,p75,37.86775543894818,37.86775543894818,0,-0.8963452861271435,0.8963452861271435,0.1788997067355025,0.47500517466101744,0.7023044334228193
2018,5,2018-05-01,24220,p75,36.348602917373775,36.95439196446964,-1.652873364200718,-0.8378199166752438,-0.8150534475254743,0.12981712847517976,0.47500517466101744,0.7023044334228193
2018,6,2018-06-01,24221,p75,37.140641386272534,37.77014378265004,-1.6807118316381289,-0.7792945472233441,-0.9014172844147847,0.09259425142498158,0.47500517466101744,0.7023044334228193
2018,7,2018-07-01,24222,p75,37.73020550828789,37.981740211676474,-0.6644542718668613,-0.7207691777714444,0.0563149059045831,-0.021302307349154687,0.47500517466101744,0.7023044334228193
2018,8,2018-08-01,24223,p75,37.55511332847647,37.70399577332498,-0.39565347197052547,-0.6622438083195448,0.2665903363490193,-0.10672989108030048,0.47500517466101744,0.7023044334228193
2018,9,2018-09-01,24224,p75,37.626686715225844,37.626686715225844,0,-0.6037184388676451,0.6037184388676451,0.10309000250007141,0.47500517466101744,0.7023044334228193
2018,10,2018-10-01,24225,p75,37.56177201618013,37.56177201618013,0,-0.5451930694157454,0.5451930694157454,0.1798856038224066,0.47500517466101744,0.7023044334228193
2018,11,2018-11-01,24226,p75,37.54896229172757,37.54896229172757,0,-0.48666769996384573,0.48666769996384573,0.3948416984909356,0.47500517466101744,0.7023044334228193
2018,12,2018-12-01,24227,p75,38.77377045987868,38.77377045987868,0,-0.42814233051194606,0.42814233051194606,0.3363163290390359,0.47500517466101744,0.7023044334228193
2019,1,2019-01-01,24228,p75,37.886516298417895,38.20562651001481,-0.8387517307630528,-0.3696169610600464,-0.4691347697030064,0.30911395354226606,0.47500517466101744,0.7023044334228193
2019,2,2019-02-01,24229,p75,39.03515062818469,39.03515062818469,0,-0.3110915916081467,0.3110915916081467,0.1969440677236544,0.47500517466101744,0.7023044334228193
2019,3,2019-03-01,24230,p75,38.01218116019366,37.38903064937081,1.6529301951210724,-0.252566222156247,1.9054964172773194,0.27616288119851073,0.47500517466101744,0.7023044334228193
2019,4,2019-04-01,24231,p75,38.5265576625387,38.5265576625387,0,-0.19404085270434734,0.19404085270434734,0.21763751174661106,0.47500517466101744,0.7023044334228193
2019,5,2019-05-01,24232,p75,37.61470637356794,38.21199387054672,-1.575434111901242,-0.13551548325244767,-1.4399186286487944,0.16556541331966773,0.47500517466101744,0.7023044334228193
2019,6,2019-06-01,24233,p75,37.5968956916045,38.17006735340729,-1.5130145725594024,-0.07699011380054799,-1.4360244587588544,0.12101481545766192,0.47500517466101744,0.7023044334228193
2019,7,2019-07-01,24234,p75,38.73905879060431,38.73905879060431,0,-0.01846474434864831,0.01846474434864831,0.11786063532800069,0.47500517466101744,0.7023044334228193
2019,8,2019-08-01,24235,p75,38.54902843424113,38.721122311179705,-0.44543503493801967,0.04006062510325137,-0.48549566004127104,0.05518680229547649,0.47500517466101744,0.7023044334228193
2019,9,2019-09-01,24236,p75,38.697605872769515,38.63128677577156,0.17152479748812668,0.09858599455515105,0.07293880293297564,0.010955165967587367,0.47500517466101744,0.7023044334228193
2019,10,2019-10-01,24237,p75,38.62908619378928,38.62908619378928,0,0.15711136400705072,-0.15711136400705072,-0.04757020348431231,0.47500517466101744,0.7023044334228193
2019,11,2019-11-01,24238,p75,38.58935197646697,38.58935197646697,0,0.2156367334589504,-0.2156367334589504,-0.106095572936212,0.47500517466101744,0.7023044334228193
2019,12,2019-12-01,24239,p75,38.704565780409204,38.704565780409204,0,0.2741621029108501,-0.2741621029108501,-0.16462094238811167,0.47500517466101744,0.7023044334228193
2020,1,2020-01-01,24240,p75,39.59927488276391,39.339266915494314,0.6587628847449335,0.33268747236274976,0.32607541238218374,-0.09835342721434583,0.47500517466101744,0.7023044334228193
2020,2,2020-02-01,24241,p75,40.536419534679126,39.37082686523078,2.917571064733537,0.39121284181464944,2.5263582229188875,0.08625212539488257,0.47500517466101744,0.7023044334228193
2020,3,2020-03-01,24242,p75,39.68244509499286,38.49794046283243,3.030415546476526,0.4497382112665491,2.5806773352099768,0.1425172018892707,0.47500517466101744,0.7023044334228193
2020,4,2020-04-01,24243,p75,42.40680097844721,39.847919186617624,6.223856208240326,0.5082635807184488,5.715592627521877,0.6026465164573982,0.47500517466101744,0.7023044334228193
2020,5,2020-05-01,24244,p75,42.778621885282185,40.40211416944065,5.715637461546586,0.5667889501703485,5.1488485113762374,1.1517104447928175,0.47500517466101744,0.7023044334228193
2020,6,2020-06-01,24245,p75,42.62532847415365,40.98560846839935,3.9227649593523486,0.6253143196222481,3.2974506397301004,1.5461667030002304,0.47500517466101744,0.7023044334228193
2020,7,2020-07-01,24246,p75,42.49978963070627,41.148640249383234,3.230824323265783,0.6838396890741478,2.5469846341916353,1.7568766938204794,0.47500517466101744,0.7023044334228193
2020,8,2020-08-01,24247,p75,42.381453227805856,40.42161724039287,4.734612059719842,0.7423650585260475,3.9922470011937943,2.130021915590068,0.47500517466101744,0.7023044334228193
2020,9,2020-09-01,24248,p75,41.149018687474424,39.973376107731994,2.8986444433752987,0.8008904279779472,2.0977540153973515,2.298756516628766,0.47500517466101744,0.7023044334228193
2020,10,2020-10-01,24249,p75,41.11192801304791,40.31359663721696,1.960950110246813,0.8594157974298469,1.1015343128169661,2.4036436563641006,0.47500517466101744,0.7023044334228193
2020,11,2020-11-01,24250,p75,40.2028797268209,39.05223355944442,2.9038555979918805,0.9179411668817465,1.985914431110134,2.5871062534115246,0.47500517466101744,0.7023044334228193
2020,12,2020-12-01,24251,p75,40.104589447393074,39.13235697594113,2.4541108916117444,0.9764665363336462,1.4776443552780982,2.73309012492727,0.47500517466101744,0.7023044334228193
2021,1,2021-01-01,24252,p75,40.03016103038232,38.912545608824786,2.8316487885124855,1.034991905785546,1.7966568827269396,2.855638580789333,0.47500517466101744,0.7023044334228193
2021,2,2021-02-01,24253,p75,42.238658035907214,40.613978225026074,3.9223570300219945,1.0935172752374456,2.828839754784549,2.8808453751114715,0.47500517466101744,0.7023044334228193
2021,3,2021-03-01,24254,p75,40.39462577906727,39.240536481839676,2.8986444433752987,1.1520426446895726,1.746601798685726,2.8113390804011176,0.47500517466101744,0.7023044334228193
2021,4,2021-04-01,24255,p75,40.19406670432253,39.52075674318709,1.6893369255672745,1.2105680141414723,0.47876891142580225,2.3749371040597778,0.47500517466101744,0.7023044334228193
2021,5,2021-05-01,24256,p75,40.00215099843619,39.2250784221192,1.961692972271355,1.269093383593372,0.692599588677983,2.003583027168257,0.47500517466101744,0.7023044334228193
2021,6,2021-06-01,24257,p75,39.781651049527,39.00886185445577,1.9616929722713332,1.3276187530452717,0.6340742192260616,1.7816349921262533,0.47500517466101744,0.7023044334228193
2021,7,2021-07-01,24258,p75,39.60172185223185,39.59721102581484,0.011391129294192393,1.3861441224971713,-1.374752993202979,1.4548235231767022,0.47500517466101744,0.7023044334228193
2021,8,2021-08-01,24259,p75,39.443721715070396,38.44308798437942,2.569597579909564,1.444669491949071,1.1249280879604928,1.2158802804072604,0.47500517466101744,0.7023044334228193
2021,9,2021-09-01,24260,p75,42.05970094953979,40.424045912613245,3.9665256392431356,1.5031948614009707,2.463330777842165,1.2463450106109948,0.47500517466101744,0.7023044334228193
2021,10,2021-10-01,24261,p75,39.45320686540199,39.05142236901536,1.0236033426967728,1.5617202308528704,-0.5381168881560976,1.1097074105299063,0.47500517466101744,0.7023044334228193
2021,11,2021-11-01,24262,p75,39.358207774337814,38.78952528379773,1.4554293689596898,1.62024560030477,-0.16481623134508028,0.9304798553253051,0.47500517466101744,0.7023044334228193
2021,12,2021-12-01,24263,p75,39.48036141246165,38.56354605310114,2.34959413689309,1.6787709697566697,0.6708231671364202,0.8632447563134985,0.47500517466101744,0.7023044334228193
2022,1,2022-01-01,24264,p75,39.444638704982346,38.36589623750866,2.772919087448504,1.7372963392085694,1.0356227482399345,0.7998252451062481,0.47500517466101744,0.7023044334228193
2022,2,2022-02-01,24265,p75,40.79015612595925,38.73705160095264,5.16442331523384,1.795821708660469,3.368601606573371,0.8448053994219833,0.47500517466101744,0.7023044334228193
2022,3,2022-03-01,24266,p75,40.03707647327547,38.85953190954774,2.9852538311337486,1.8543470781123688,1.1309067530213799,0.7934974789499545,0.47500517466101744,0.7023044334228193
2022,4,2022-04-01,24267,p75,39.98538208007813,39.20135498046875,1.9802627296179949,1.9128724475642684,0.06739028205372644,0.7592159265022814,0.47500517466101744,0.7023044334228193
2022,5,2022-05-01,24268,p75,40.13627405741718,38.95915113387233,2.976682498611437,1.9713978170161681,1.0052846815952687,0.7852730175787219,0.47500517466101744,0.7023044334228193
2022,6,2022-06-01,24269,p75,39.745285893298544,38.58765620708597,2.9558802241544213,2.029923186468068,0.9259570376863535,0.8095965857837463,0.47500517466101744,0.7023044334228193
2022,7,2022-07-01,24270,p75,39.70652518216888,38.824280311473075,2.246970432506472,2.0884485559199675,0.15852187658650463,0.9373694915995365,0.47500517466101744,0.7023044334228193
2022,8,2022-08-01,24271,p75,39.61347680972255,38.45168656563238,2.976682498611437,2.146973925371867,0.8297085732395697,0.912767865372793,0.47500517466101744,0.7023044334228193
2022,9,2022-09-01,24272,p75,41.06372594985807,39.421176911863746,4.082199452025499,2.205499294823767,1.8767001572017321,0.8638819803194235,0.47500517466101744,0.7023044334228193
2022,10,2022-10-01,24273,p75,40.856495224847755,38.50316109989653,5.932546608481471,2.2640246642756665,3.6685219442058044,1.2144352163495822,0.47500517466101744,0.7023044334228193
2022,11,2022-11-01,24274,p75,39.17887822383502,38.05397988137096,2.9132105828023547,2.322550033727566,0.5906605490747885,1.2773916147179045,0.47500517466101744,0.7023044334228193
2022,12,2022-12-01,24275,p75,39.120761244213156,37.98132159632346,2.9558802241544213,2.381075403179466,0.5748048209749554,1.2693900858711158,0.47500517466101744,0.7023044334228193
2023,1,2023-01-01,24276,p75,39.96060972943887,38.10058134863916,4.766467164769765,2.4396007726313655,2.3268663921384,1.3769937228626545,0.47500517466101744,0.7023044334228193
2023,2,2023-02-01,24277,p75,41.40679253017324,38.773990692994595,6.5695259265394945,2.4981261420832652,4.071399784456229,1.435560237686226,0.47500517466101744,0.7023044334228193
2023,3,2023-03-01,24278,p75,40.396005486601325,38.89189889933426,3.794493156412347,2.556651511535165,1.2378416448771823,1.4444714786742097,0.47500517466101744,0.7023044334228193
2023,4,2023-04-01,24279,p75,38.57314448726291,37.501668251505606,2.8170876966696223,2.6151768809870646,0.20191081568255775,1.455681523143279,0.47500517466101744,0.7023044334228193
2023,5,2023-05-01,24280,p75,40.63373540111047,38.49511774842045,5.406722127027579,2.6737022504389643,2.7330198765886147,1.599659456059391,0.47500517466101744,0.7023044334228193
2023,6,2023-06-01,24281,p75,40.538908728510926,38.40528195332614,5.406722127027579,2.732227619890864,2.674494507136715,1.7453709118469212,0.47500517466101744,0.7023044334228193
2023,7,2023-07-01,24282,p75,40.58624221018164,38.353998888621646,5.657035148839424,2.7907529893427636,2.8662821594966603,1.971017602089434,0.47500517466101744,0.7023044334228193
2023,8,2023-08-01,24283,p75,40.35991864003176,38.235712395819554,5.4067221270276,2.8492783587946633,2.557443768232937,2.114995535005548,0.47500517466101744,0.7023044334228193
2023,9,2023-09-01,24284,p75,40.736369776694154,39.678282250026776,2.6317308317373356,2.907803728246563,-0.2760728965092274,1.9355977805296347,0.47500517466101744,0.7023044334228193
2023,10,2023-10-01,24285,p75,40.15638753835649,38.57126697763189,4.02738991379399,2.9663290976984626,1.0610608160955275,1.7183093531871116,0.47500517466101744,0.7023044334228193
2023,11,2023-11-01,24286,p75,40.55273109934559,39.07424611134862,3.713954694945657,3.0248544671503623,0.6891002277952949,1.7265126597471538,0.47500517466101744,0.7023044334228193
2023,12,2023-12-01,24287,p75,40.61693084756899,39.03445302233903,3.974032864951412,3.083379836602262,0.89065302834915006,1.7528333436950034,0.47500517466101744,0.7023044334228193
2024,1,2024-01-01,24288,p75,42.04539875292539,40.43365846739658,3.9087388708046698,3.1419052060541617,0.7668336647505081,1.6228306164126791,0.47500517466101744,0.7023044334228193
2024,2,2024-02-01,24289,p75,41.382010879759896,39.286719189645474,5.195973893071096,3.2004305755060614,1.9955433175650343,1.4498425775050796,0.47500517466101744,0.7023044334228193
2024,3,2024-03-01,24290,p75,40.17708155622172,39.65530127627079,1.30720815673527,3.258955944957961,-1.951747788222691,1.18404345808009,0.47500517466101744,0.7023044334228193
2024,4,2024-04-01,24291,p75,41.41558654867831,39.852734226086675,3.846628082779614,3.3174813144098607,0.5291467683697535,1.211313120804023,0.47500517466101744,0.7023044334228193
2024,5,2024-05-01,24292,p75,40.08719775632453,39.04597184057584,2.6317308317373356,3.3760066838617604,-0.7442758521244248,0.9215384767446031,0.47500517466101744,0.7023044334228193
2024,6,2024-06-01,24293,p75,42.019545925638035,40.043379161808524,4.817154367336576,3.43453205331366,1.3826223140229157,0.8138824606517865,0.47500517466101744,0.7023044334228193
2024,7,2024-07-01,24294,p75,41.53725515557676,39.97960808724263,3.822121282019767,3.4930574227655597,0.32906385925420745,0.6024476022982488,0.47500517466101744,0.7023044334228193
2024,8,2024-08-01,24295,p75,41.47355336545834,39.39987569718543,5.1293294387550485,3.5515827922174594,1.5777466465375891,0.5208061754903031,0.47500517466101744,0.7023044334228193
2024,9,2024-09-01,24296,p75,41.38836531181029,39.836301612617405,3.822121282019767,3.610108161669359,0.2120131203504081,0.561480010228606,0.47500517466101744,0.7023044334228193
2024,10,2024-10-01,24297,p75,41.27665043942096,39.47079698269629,4.473589384139152,3.668633531121259,0.8049558530178933,0.5401379299721365,0.47500517466101744,0.7023044334228193
2024,11,2024-11-01,24298,p75,41.21572842635523,39.56709928930102,4.082199452025499,3.7271589005731585,0.3550405514523405,0.5122996236102237,0.47500517466101744,0.7023044334228193
2024,12,2024-12-01,24299,p75,42.13863374511938,40.08309063560136,5.001042057466141,3.785684270025058,1.215357787441083,0.5393583535345514,0.47500517466101744,0.7023044334228193
2025,1,2025-01-01,24300,p75,41.838605393391326,39.94279358650328,4.637121718212229,3.844209639476958,0.792912078735271,0.5415315546999484,0.47500517466101744,0.7023044334228193
2025,2,2025-02-01,24301,p75,41.262479128568025,39.32191699133339,4.817154367336596,3.9027350089288575,0.9144193584077387,0.4514378914368404,0.47500517466101744,0.7023044334228193
2025,3,2025-03-01,24302,p75,42.86289713908906,40.82180679913243,4.879016416943205,3.961260378380757,0.9177560385624481,0.690563210335602,0.47500517466101744,0.7023044334228193
2025,4,2025-04-01,24303,p75,43.10240191921034,40.72667897878142,5.66953436765453,4.019785747832657,1.6497486198218727,0.7839466979566119,0.47500517466101744,0.7023044334228193
2025,5,2025-05-01,24304,p75,40.64774381368268,39.123453420669584,3.822121282019767,4.0783111172845565,-0.25618983526478933,0.8246205326949149,0.47500517466101744,0.7023044334228193
2025,6,2025-06-01,24305,p75,40.544464609800364,39.070120442171266,3.704127168034886,4.136836486736456,-0.43270931870157003,0.673342896634541,0.47500517466101744,0.7023044334228193
2025,7,2025-07-01,24306,p75,40.48823538682175,39.4760295021512,2.531780798429,4.195361856188356,-1.6635810577593557,0.5072891535500774,0.47500517466101744,0.7023044334228193
2025,8,2025-08-01,24307,p75,42.40471904990215,40.385446714192526,4.879016416943183,4.253887225640256,0.6251291913029275,0.42790436561385564,0.47500517466101744,0.7023044334228193
2025,9,2025-09-01,24308,p75,41.83367598129239,39.76436313195038,5.073054817123646,4.312412595092155,0.7606422220314908,0.47362345742061257,0.47500517466101744,0.7023044334228193
2025,11,2025-11-01,24310,p75,40.88048147135773,39.12487797258777,4.389419355722534,4.429463333995955,-0.04004397827342032,0.40758555511851785,0.47500517466101744,0.7023044334228193
2025,12,2025-12-01,24311,p75,40.23255813953488,38.5,4.401833050452367,4.487988703447854,-0.08615565299548766,0.289266151442466,0.47500517466101744,0.7023044334228193
2026,1,2026-01-01,24312,p75,41.62362722651248,39.87892428887423,4.281999718292836,4.546514072899754,-0.2645143546069182,0.19313647568408515,0.47500517466101744,0.7023044334228193
2026,2,2026-02-01,24313,p75,41.72778108636972,39.74074389178068,4.879016416943205,4.605039442351654,0.2739769745915517,0.1349144407917045,0.47500517466101744,0.7023044334228193
2026,3,2026-03-01,24314,p75,41.4673532915722,39.492717420544956,4.879016416943205,4.663564811803553,0.215451605139652,0.07106858320781395,0.47500517466101744,0.7023044334228193
2026,4,2026-04-01,24315,p75,41.28742194196156,39.32135423043958,4.879016416943205,4.722090181255453,0.15692623568775232,-0.06464254262256063,0.47500517466101744,0.7023044334228193
2026,5,2026-05-01,24316,p75,42.087190740698404,39.150875107626426,7.232066157962608,4.780615550707353,2.4514506072552553,0.18150658851562526,0.47500517466101744,0.7023044334228193
2026,6,2026-06-01,24317,p75,41.15074824950804,39.92602359922506,3.021377859649663,4.839140920159252,-1.8177630605095891,0.05559261198762351,0.47500517466101744,0.7023044334228193
2026,7,2026-07-01,24318,p75,41.61968636599275,39.66111288994603,4.820210181787768,4.897666289611152,-0.07745610782338375,0.19978578925453006,0.47500517466101744,0.7023044334228193
2026,8,2026-08-01,24319,p75,40.0265619893752,39.05030437987825,2.4692612590371414,4.956191659063052,-2.4869304000259103,-0.08312871904809156,0.47500517466101744,0.7023044334228193
2016,1,2016-01-01,24192,p90,56.98365830393042,58.656935669155665,-2.8941293029455837,-2.3074840970409696,-0.5866452059046141,-0.5866452059046141,0.341652293185091,0.696627399684419
2016,2,2016-02-01,24193,p90,57.672597362614816,58.501054717256686,-1.4262638450149305,-2.2494318137339633,0.8231679687190327,0.11826138140720932,0.341652293185091,0.696627399684419
2016,3,2016-03-01,24194,p90,58.90234903343664,59.77971022046662,-1.4785337826762606,-2.191379530426957,0.7128457477506964,0.3164561701883717,0.341652293185091,0.696627399684419
2016,4,2016-04-01,24195,p90,56.69464910758932,57.350078577041224,-1.1494379425735133,-2.1333272471197233,0.98388930454621,0.4833144537778313,0.341652293185091,0.696627399684419
2016,5,2016-05-01,24196,p90,57.256591749615396,58.89249437103298,-2.8170876966696334,-2.075274963812717,-0.7418127328569164,0.23828901645088174,0.341652293185091,0.696627399684419
2016,6,2016-06-01,24197,p90,56.52499025341131,57.19562573099416,-1.1794576492837041,-2.0172226805057107,0.8377650312220066,0.33820168557940256,0.341652293185091,0.696627399684419
2016,7,2016-07-01,24198,p90,57.08717929637019,58.77931097598179,-2.921037809980121,-1.9591703971987044,-0.9618674127814164,0.15247752867071412,0.341652293185091,0.696627399684419
2016,8,2016-08-01,24199,p90,56.78186533077196,58.69753957696566,-3.3180808338776124,-1.9011181138916982,-1.4169627199859143,-0.04370250241136442,0.341652293185091,0.696627399684419
2016,9,2016-09-01,24200,p90,59.31861976263354,59.79056488557356,-0.7924621332312466,-1.8430658305846919,1.0506036973534454,0.07788707534028111,0.341652293185091,0.696627399684419
2016,10,2016-10-01,24201,p90,56.72558664077356,57.466943025043506,-1.2984506119740102,-1.7850135472776856,0.48656293530367534,0.11875466133662053,0.341652293185091,0.696627399684419
2016,11,2016-11-01,24202,p90,58.44708344708346,59.94566666666668,-2.531680798378994,-1.7269612639706793,-0.8047195344083149,0.03480246172344459,0.341652293185091,0.696627399684419
2016,12,2016-12-01,24203,p90,58.1805393550529,59.34413285421567,-1.9802335979499641,-1.6689089806634456,-0.3113246172865185,0.0059585384726143316,0.341652293185091,0.696627399684419
2017,1,2017-01-01,24204,p90,57.95808932707231,58.99312440297233,-1.770075003439503,-1.6108566973564393,-0.15921830608306364,0.04157744679107687,0.341652293185091,0.696627399684419
2017,2,2017-02-01,24205,p90,59.52843020103228,59.515531299580275,0.021670820325334947,-1.552804414049433,1.5744752343747679,0.10418638559572146,0.341652293185091,0.696627399684419
2017,3,2017-03-01,24206,p90,59.10723865976792,59.5637710981062,-0.7694123298966972,-1.4947521307424267,0.7253398008457296,0.10522755668697423,0.341652293185091,0.696627399684419
2017,4,2017-04-01,24207,p90,59.45028785409878,60.6691451491602,-2.0294786603265886,-1.4366998474354205,-0.5927788128911682,-0.026161453099473958,0.341652293185091,0.696627399684419
2017,5,2017-05-01,24208,p90,58.23689807337333,59.47593302953393,-2.1052602458888474,-1.3786475641284142,-0.7266126817604333,-0.024894782174767028,0.341652293185091,0.696627399684419
2017,6,2017-06-01,24209,p90,57.940330373072996,59.4210277048293,-2.5234471178541344,-1.3205952808214079,-1.2028518370327266,-0.19494618786266146,0.341652293185091,0.696627399684419
2017,7,2017-07-01,24210,p90,59.398998527098385,60.49302125186618,-1.8250640761197479,-1.2625429975144016,-0.5625210786053463,-0.16166732668132228,0.341652293185091,0.696627399684419
2017,8,2017-08-01,24211,p90,56.793889399862046,58.03603500804783,-2.163537191436876,-1.204490714207168,-0.959046477229708,-0.12350763978497177,0.341652293185091,0.696627399684419
2017,9,2017-09-01,24212,p90,58.40608316733068,59.05049055444888,-1.0972801817181637,-1.1464384309001616,0.04915824918199796,-0.20696142713259238,0.341652293185091,0.696627399684419
2017,10,2017-10-01,24213,p90,59.0814228825887,60.18273467885528,-1.8468970454470188,-1.0883861475931553,-0.7585108978538635,-0.31071757989572063,0.341652293185091,0.696627399684419
2017,11,2017-11-01,24214,p90,58.246543332505595,58.88936060591012,-1.0975690713132262,-1.030333864286149,-0.06723520702707719,-0.2492605526139508,0.341652293185091,0.696627399684419
2017,12,2017-12-01,24215,p90,58.80408227452615,59.882216998442786,-1.8168303955948748,-0.9722815809791427,-0.8445488146157321,-0.29369590239138527,0.341652293185091,0.696627399684419
2018,1,2018-01-01,24216,p90,58.56691963359322,58.58443639759287,-0.02990450085020444,-0.9142292976721365,0.884324796821932,-0.2067339771493023,0.341652293185091,0.696627399684419
2018,2,2018-02-01,24217,p90,59.53089256133155,59.25223731955511,0.4691840554025456,-0.8561770143651302,1.3253610697676756,-0.22749349086655998,0.341652293185091,0.696627399684419
2018,3,2018-03-01,24218,p90,60.73283164571924,60.73283164571924,0,-0.7981247310581239,0.7981247310581239,-0.22142808001552713,0.341652293185091,0.696627399684419
2018,4,2018-04-01,24219,p90,60.68307809091446,60.68497147868639,-0.0031200761300961472,-0.7400724477508902,0.7369523716207941,-0.11061714797286361,0.341652293185091,0.696627399684419
2018,5,2018-05-01,24220,p90,57.96421459471655,58.27923750012262,-0.5420067469339145,-0.6820201644438839,0.14001341750996943,-0.038398306366996725,0.341652293185091,0.696627399684419
2018,6,2018-06-01,24221,p90,59.17322525948506,60.52665541169669,-2.2614689764784903,-0.6239678811368776,-1.6375010953416127,-0.07461907789273724,0.341652293185091,0.696627399684419
2018,7,2018-07-01,24222,p90,59.860228712415676,60.462654327031345,-1.001356738193644,-0.5659155978298713,-0.43544114036377257,-0.06402908303927275,0.341652293185091,0.696627399684419
2018,8,2018-08-01,24223,p90,60.32639323731998,60.40180122886663,-0.12492194004320391,-0.507863314522865,0.38294137447966115,0.04780323793650801,0.341652293185091,0.696627399684419
2018,9,2018-09-01,24224,p90,58.39745393062418,58.94847585385382,-0.9391479947230639,-0.44981103121585875,-0.4893369635072051,0.002928636879074418,0.341652293185091,0.696627399684419
2018,10,2018-10-01,24225,p90,60.19493075929626,60.19493075929626,0,-0.39175874790885246,0.39175874790885246,0.09878444069263408,0.341652293185091,0.696627399684419
2018,11,2018-11-01,24226,p90,60.17221207249343,60.17221207249343,0,-0.33370646460184616,0.33370646460184616,0.13219624666171104,0.341652293185091,0.696627399684419
2018,12,2018-12-01,24227,p90,60.13280222441846,60.13280222441846,0,-0.2756541812946125,0.2756541812946125,0.2255464963209064,0.341652293185091,0.696627399684419
2019,1,2019-01-01,24228,p90,60.16166048047698,60.16166048047698,0,-0.2176018979876062,0.2176018979876062,0.16998625475137927,0.341652293185091,0.696627399684419
2019,2,2019-02-01,24229,p90,60.0538616948345,60.0538616948345,0,-0.15954961468059992,0.15954961468059992,0.07283530016078961,0.341652293185091,0.696627399684419
2019,3,2019-03-01,24230,p90,62.31505108228469,59.918102642404605,3.922431315976147,-0.10149733137359362,4.023928647349741,0.341652293185091,0.341652293185091,0.696627399684419
2019,4,2019-04-01,24231,p90,59.749409067821205,59.74909836977554,5.200032240242896e-4,-0.04344504806658733,0.04396505129061162,0.2839033498242425,0.341652293185091,0.696627399684419
2019,5,2019-05-01,24232,p90,60.303124305119155,62.09455213419056,-2.927434270399525,0.014607235240418959,-2.942041505639944,0.027065439561749702,0.341652293185091,0.696627399684419
2019,6,2019-06-01,24233,p90,59.67781416692436,59.67781416692436,0,0.07265951854742525,-0.07265951854742525,0.15746890429459864,0.341652293185091,0.696627399684419
2019,7,2019-07-01,24234,p90,59.598337430757944,59.598337430757944,0,0.13071180185443154,-0.13071180185443154,0.18286301583704373,0.341652293185091,0.696627399684419
2019,8,2019-08-01,24235,p90,59.570742946368284,59.57080490016399,-1.0400032033477031e-4,0.1887640851616652,-0.188868085482,0.1352122275069053,0.341652293185091,0.696627399684419
2019,9,2019-09-01,24236,p90,60.6778460085026,60.03977173915901,1.0571451352359313,0.2468163684686715,0.8103287667672598,0.2435177050297774,0.341652293185091,0.696627399684419
2019,10,2019-10-01,24237,p90,59.58150254530059,59.69924400001925,-0.1974191080614755,0.3048686517756778,-0.5022877598371533,0.16901382938427692,0.341652293185091,0.696627399684419
2019,11,2019-11-01,24238,p90,59.36802008430747,59.36802008430747,0,0.3629209350826841,-0.3629209350826841,0.11096154607723273,0.341652293185091,0.696627399684419
2019,12,2019-12-01,24239,p90,60.34393664854708,60.276763435209176,0.11137925784791015,0.4209732183896904,-0.30959396054178023,0.062190867590866665,0.341652293185091,0.696627399684419
2020,1,2020-01-01,24240,p90,61.467604555459864,61.467604555459864,0,0.47902550169669667,-0.47902550169669667,0.004138584283841426,0.341652293185091,0.696627399684419
2020,2,2020-02-01,24241,p90,64.27550666175337,62.64719382632229,2.565974678057753,0.537077785003703,2.02889689305405,0.15991752414829558,0.341652293185091,0.696627399684419
2020,3,2020-03-01,24242,p90,64.55334656807742,62.582252016380394,3.1010236742560218,0.5951300683107092,2.5058936059453125,0.03341460403125991,0.341652293185091,0.696627399684419
2020,4,2020-04-01,24243,p90,64.22873707120708,60.0226949671604,6.7727988319985135,0.6531823516179429,6.119616480380571,0.5397188897887565,0.341652293185091,0.696627399684419
2020,5,2020-05-01,24244,p90,68.92119542629545,65.35643385253316,5.310786919491466,0.7112346349249492,4.599552284566517,1.1681850389726283,0.341652293185091,0.696627399684419
2020,6,2020-06-01,24245,p90,65.13913997314664,61.59729548288099,5.590763193829587,0.7692869182319555,4.8214762755976315,1.5760296884847163,0.341652293185091,0.696627399684419
2020,7,2020-07-01,24246,p90,64.95896314234352,62.017756602727154,4.633499338780344,0.8273392015389618,3.806160137241382,1.9041023500760341,0.341652293185091,0.696627399684419
2020,8,2020-08-01,24247,p90,67.13356930008582,64.14008686078868,4.561465800566262,0.8853914848459681,3.676074315720294,2.2261808835095587,0.341652293185091,0.696627399684419
2020,9,2020-09-01,24248,p90,64.65117150689626,61.991761615123224,4.2004726769304614,0.9434437681529744,3.257028908777487,2.4300725620104107,0.341652293185091,0.696627399684419
2020,10,2020-10-01,24249,p90,64.59337643008627,62.34864207187759,3.5369980720748004,1.0014960514599807,2.5355020206148198,2.6832217103814084,0.341652293185091,0.696627399684419
2020,11,2020-11-01,24250,p90,61.60581372674762,61.0191149366319,0.9569070063697341,1.059548334766987,-0.10264132839725282,2.7049116776051947,0.341652293185091,0.696627399684419
2020,12,2020-12-01,24251,p90,63.29628358593744,61.97982005506203,2.101776722279546,1.1176006180742206,0.9841761042053254,2.812725849667453,0.341652293185091,0.696627399684419
2021,1,2021-01-01,24252,p90,62.48610502303581,60.55484844199312,3.1394672240110144,1.175652901381227,1.9638143226297875,3.016295835027994,0.341652293185091,0.696627399684419
2021,2,2021-02-01,24253,p90,65.554397271728,62.66165260566887,4.5130631322026655,1.2337051846882332,3.2793579475144323,3.120500922899692,0.341652293185091,0.696627399684419
2021,3,2021-03-01,24254,p90,63.477311949280036,60.92727272727272,4.10016474124408,1.2917574679952395,2.8084072732488403,3.1457103951749863,0.341652293185091,0.696627399684419
2021,4,2021-04-01,24255,p90,63.16214747612806,60.865428974552096,3.7039844577053094,1.3498097513022458,2.3541747064030636,2.8319235806768606,0.341652293185091,0.696627399684419
2021,5,2021-05-01,24256,p90,62.849273380895546,60.51251767599657,3.7889126435617726,1.407862034609252,2.3810506089525205,2.647048441042361,0.341652293185091,0.696627399684419
2021,6,2021-06-01,24257,p90,62.50283547134391,61.35030091655317,1.8611847194599203,1.4659143179162584,0.3952704015436619,2.2781979515378636,0.341652293185091,0.696627399684419
2021,7,2021-07-01,24258,p90,59.40258277834778,58.83686630878877,0.9569070063697341,1.5239666012232647,-0.5670595948535305,1.9137629738632875,0.341652293185091,0.696627399684419
2021,8,2021-08-01,24259,p90,61.98303312530225,61.17808911186626,1.3071583958735435,1.5820188845304983,-0.2748604886569548,1.58451840683185,0.341652293185091,0.696627399684419
2021,9,2021-09-01,24260,p90,64.57916583293921,62.90962937024776,2.619260630858079,1.6400711678375046,0.9791894630205742,1.394698453018774,0.341652293185091,0.696627399684419
2021,10,2021-10-01,24261,p90,60.34019873532069,59.1217908762421,2.03989589126934,1.698123451144511,0.3417724401248292,1.211887654644608,0.341652293185091,0.696627399684419
2021,11,2021-11-01,24262,p90,60.96180237358102,60.518575851393194,0.7297120661049561,1.7561757344515172,-1.026463668346561,1.1349024596488324,0.341652293185091,0.696627399684419
2021,12,2021-12-01,24263,p90,61.70854980015704,60.59576515773322,1.8197483068487237,1.8142280177585235,0.005520289090200192,1.0533478083892387,0.341652293185091,0.696627399684419
2022,1,2022-01-01,24264,p90,61.38543398001385,60.289306231030025,1.8017830176301448,1.8722803010655298,-0.07049728343538497,0.8838218412171409,0.341652293185091,0.696627399684419
2022,2,2022-02-01,24265,p90,64.20672723530623,61.01074296551116,5.105802794722291,1.930332584372536,3.175470210349755,0.8751645297867512,0.341652293185091,0.696627399684419
2022,3,2022-03-01,24266,p90,62.36721788944724,59.968430764935796,3.92215131558413,1.9883848676795424,1.9337664479045875,0.8022777943413968,0.341652293185091,0.696627399684419
2022,4,2022-04-01,24267,p90,63.091780744280136,61.60212925502232,2.38940676741518,2.046437150986776,0.34296961642840396,0.6346773701768418,0.341652293185091,0.696627399684419
2022,5,2022-05-01,24268,p90,64.72784681241932,63.44776041802065,1.9974611130123232,2.1044894342937823,-0.10702832128145912,0.4273374593240101,0.341652293185091,0.696627399684419
2022,6,2022-06-01,24269,p90,63.605963108950164,63.39400662592695,0.33379012650147366,2.1625417176007886,-1.8287515910993148,0.24200229327042874,0.341652293185091,0.696627399684419
2022,7,2022-07-01,24270,p90,63.53071559151308,63.51171988855551,0.029904500850211665,2.220594000907795,-2.1906895000575832,0.10669980117009102,0.341652293185091,0.696627399684419
2022,8,2022-08-01,24271,p90,63.36288636208135,60.42407888885088,4.74906188273464,2.278646284214801,2.470415598519839,0.33547280843482385,0.341652293185091,0.696627399684419
2022,9,2022-09-01,24272,p90,63.174899824818645,61.59558892478711,2.531680798378976,2.3366985675218075,0.19498223085716848,0.27012220575454005,0.341652293185091,0.696627399684419
2022,10,2022-10-01,24273,p90,65.37039235975641,62.85608364361928,3.9221713153781286,2.394750850828814,1.5274204645493148,0.3689262077899138,0.341652293185091,0.696627399684419
2022,11,2022-11-01,24274,p90,62.667733524500726,60.30445098586546,3.844078330742847,2.45280313413582,1.391275196607027,0.5704044465360462,0.341652293185091,0.696627399684419
2022,12,2022-12-01,24275,p90,62.58779208765587,59.68493393707972,4.74906188273464,2.5108554174430537,2.2382064652915865,0.7564616278861617,0.341652293185091,0.696627399684419
2023,1,2023-01-01,24276,p90,69.13185483192925,66.96102170878946,3.190493610882051,2.56890770075006,0.6215859101319912,0.8141352273501097,0.341652293185091,0.696627399684419
2023,2,2023-02-01,24277,p90,68.39301136125435,64.62331782165766,5.669534367654508,2.6269599840570663,3.042574383597442,0.8030605751207502,0.341652293185091,0.696627399684419
2023,3,2023-03-01,24278,p90,67.14761550299423,64.46171088287446,4.08219945202552,2.6850122673640726,1.3971871846614476,0.7583456365171553,0.341652293185091,0.696627399684419
2023,4,2023-04-01,24279,p90,66.32948126116638,62.502780419176005,5.94234204708008,2.743064550671079,3.1992774964090014,0.9963712931822051,0.341652293185091,0.696627399684419
2023,5,2023-05-01,24280,p90,66.83180164656328,62.55456634118323,6.613980250454499,2.801116833978085,3.8128634164764135,1.323028937995361,0.341652293185091,0.696627399684419
2023,6,2023-06-01,24281,p90,64.55287808321569,63.41138775849182,1.7841240224726516,2.8591691172850915,-1.07504509481244,1.385837812685934,0.341652293185091,0.696627399684419
2023,7,2023-07-01,24282,p90,67.48173026681376,64.05650508828823,5.209131268456859,2.917221400592098,2.291909867864761,1.759387760012796,0.341652293185091,0.696627399684419
2023,8,2023-08-01,24283,p90,68.20826250165366,63.72618732636593,6.797012643926721,2.9752736838993314,3.82173896002739,1.8719980401384253,0.341652293185091,0.696627399684419
2023,9,2023-09-01,24284,p90,69.88668113638049,66.13047041671129,5.5245474225978475,3.0333259672063377,2.4912214553915097,2.0633513088496205,0.341652293185091,0.696627399684419
2023,10,2023-10-01,24285,p90,66.0466900301916,61.99582637500651,6.329485037231381,3.091378250513344,3.2381067867180366,2.2059085023636804,0.341652293185091,0.696627399684419
2023,11,2023-11-01,24286,p90,66.0037941070078,63.89167269558355,3.2523191705560146,3.1494305338203503,0.10288863673566429,2.0985429557077335,0.341652293185091,0.696627399684419
2023,12,2023-12-01,24287,p90,64.80774186925099,63.29911300919843,2.35537529537354,3.2074828171273566,-0.8521075217538168,1.8410167901206167,0.341652293185091,0.696627399684419
2024,1,2024-01-01,24288,p90,70.34195211364418,68.32377297350375,2.9110606222986304,3.265535100434363,-0.3544744781357325,1.7596784244316397,0.341652293185091,0.696627399684419
2024,2,2024-02-01,24289,p90,68.09697992871882,65.47786531607579,3.922071315328133,3.323587383741369,0.5984839315867636,1.5560042200974165,0.341652293185091,0.696627399684419
2024,3,2024-03-01,24290,p90,66.2660955537683,62.613633594111775,5.66953436765453,3.3816396670483755,2.287894700606154,1.630229846426142,0.341652293185091,0.696627399684419
2024,4,2024-04-01,24291,p90,70.32835451662355,65.11884677465143,7.696104113612839,3.439691950355609,4.25641216325723,1.7183244019968278,0.341652293185091,0.696627399684419
2024,5,2024-05-01,24292,p90,64.03539381854438,59.97461274712449,6.551460711062656,3.4977442336626154,3.053716477400041,1.6550621570737967,0.341652293185091,0.696627399684419
2024,6,2024-06-01,24293,p90,70.13163252086689,65.00548565228657,7.5902279787886355,3.5557965169696217,4.034431461819014,2.080851870126418,0.341652293185091,0.696627399684419
2024,7,2024-07-01,24294,p90,66.45960824892282,63.86352980169927,3.9845908547199564,3.613848800276628,0.3707420544433284,1.9207545523412985,0.341652293185091,0.696627399684419
2024,8,2024-08-01,24295,p90,69.98662130421096,64.80242713352867,7.696104113612819,3.6719010835836343,4.0242030300291844,1.9376265581747814,0.341652293185091,0.696627399684419
2024,9,2024-09-01,24296,p90,70.42230357804522,67.25609363169173,4.60023991771225,3.7299533668906406,0.8702865508216098,1.802548649460623,0.341652293185091,0.696627399684419
2024,10,2024-10-01,24297,p90,69.65434761652287,64.49476631159526,7.696104113612819,3.788005650197647,3.908098463415172,1.8583812891853844,0.341652293185091,0.696627399684419
2024,11,2024-11-01,24298,p90,66.97555869282725,64.39957566618004,3.922071315328133,3.846057933504653,0.07601338182347961,1.856141684609369,0.341652293185091,0.696627399684419
2024,12,2024-12-01,24299,p90,69.37457994623313,64.23572217243807,7.696104113612839,3.904110216811887,3.7919938968009523,2.2431501361555997,0.341652293185091,0.696627399684419
2025,1,2025-01-01,24300,p90,66.77615748307727,64.01088715785781,4.229291219025157,3.962162500118893,0.2671287189062639,2.294950402575766,0.341652293185091,0.696627399684419
2025,2,2025-02-01,24301,p90,65.87697781664944,62.91506718613343,4.600335326225268,4.020214783425899,0.580120542799369,2.2934201201768163,0.341652293185091,0.696627399684419
2025,3,2025-03-01,24302,p90,68.88679897353599,65.31489087861189,5.32445145188125,4.078267066732906,1.2461843851483438,2.206610927221999,0.341652293185091,0.696627399684419
2025,4,2025-04-01,24303,p90,69.4204755320138,63.63543590434597,8.70113769896299,4.136319350039912,4.564818348923078,2.232311442694153,0.341652293185091,0.696627399684419
2025,5,2025-05-01,24304,p90,66.5606804949054,63.00400291120816,5.491575759611464,4.194371633346918,1.2972041262645453,2.085935413432862,0.341652293185091,0.696627399684419
2025,6,2025-06-01,24305,p90,63.35072595281307,60.81669691470055,4.08219945202552,4.252423916653925,-0.17022446462840435,1.7355474195622436,0.341652293185091,0.696627399684419
2025,7,2025-07-01,24306,p90,65.79338250358533,63.26286779190898,3.9220713153281115,4.310476199961158,-0.3884048846330468,1.6722851746392122,0.341652293185091,0.696627399684419
2025,8,2025-08-01,24307,p90,68.15044133019988,63.102260490925815,7.696104113612839,4.368528483268165,3.3275756303446746,1.6142328913321697,0.341652293185091,0.696627399684419
2025,9,2025-09-01,24308,p90,70.52889319049225,65.89261554661513,6.79960785576105,4.426580766575171,2.3730270891858796,1.7394612695291922,0.341652293185091,0.696627399684419
2025,11,2025-11-01,24310,p90,65.20812995431295,61.69692295677302,5.53500950831649,4.542685333189183,0.9923241751273064,1.6256134149308148,0.341652293185091,0.696627399684419
2025,12,2025-12-01,24311,p90,67.5,62.5,7.696104113612839,4.60073761649619,3.0953664971166495,1.5622836513231508,0.341652293185091,0.696627399684419
2026,1,2026-01-01,24312,p90,67.29568473747527,62.31081920136599,7.696104113612839,4.658789899803196,3.037314213809643,1.8141186963143672,0.341652293185091,0.696627399684419
2026,2,2026-02-01,24313,p90,67.0625053173799,62.09491233090732,7.696104113612819,4.716842183110202,2.9792619305026165,2.032222458832844,0.341652293185091,0.696627399684419
2026,3,2026-03-01,24314,p90,65.70152079963388,61.70737096960149,6.271868442058522,4.774894466417436,1.4969739756410858,2.0550215125140023,0.341652293185091,0.696627399684419
2026,4,2026-04-01,24315,p90,66.49241000367333,66.35478526386679,0.2071926151895453,4.832946749724442,-4.625754134534897,1.219514923108732,0.341652293185091,0.696627399684419
2026,5,2026-05-01,24316,p90,69.83537347322863,65.7734701808124,5.992409639374151,4.890999033031449,1.1014106063427027,1.2017155122067464,0.341652293185091,0.696627399684419
2026,6,2026-06-01,24317,p90,66.13513111528079,63.19579195460163,4.546237407675742,4.949051316338455,-0.40281390866271316,1.1805710172945365,0.341652293185091,0.696627399684419
2026,7,2026-07-01,24318,p90,68.06042829262343,65.28578253489059,4.162167469081924,5.007103599645461,-0.8449361305635374,1.139068176755401,0.341652293185091,0.696627399684419
2026,8,2026-08-01,24319,p90,64.92113103154759,61.01610059355976,6.203539091945269,5.065155882952467,1.1383832089928019,0.9400506839052307,0.341652293185091,0.696627399684419
