"STATEFIP","YEAR","n_obs_int","earnwt_pop_num","at_or_below_federal_share","at_or_below_state_share","at_or_below_applicable_share"
1,1982,1549,787090.9025,0.225439218989491,0.225439218989491,0.177070983233731
1,1983,1546,828503.363333333,0.17537824700603,0.17537824700603,0.143524378128757
1,1984,1434,831489.098333333,0.184302795198604,0.184302795198604,0.154821210033143
1,1985,1105,852511.51,0.156697195208543,0.156697195208543,0.123302432010566
1,1986,983,892255.2,0.132807907237003,0.132807907237003,0.104983145517112
1,1987,1304,940221.95,0.130451681293621,0.130451681293621,0.103842583835303
1,1988,1307,962085.915833333,0.113437679910463,0.113437679910463,0.0914432235750976
1,1989,1258,940255.013333333,0.0804138520165437,0.0804138520165437,0.0595247149688157
1,1990,1292,962554.925,0.0700258715106569,0.0700258715106569,0.0537126058893038
1,1991,1319,970923.7375,0.13107612893232,0.13107612893232,0.105171105161079
1,1992,1387,1014697.63666667,0.106314824996587,0.106314824996587,0.0856949706242705
1,1993,1371,1041874.92333333,0.0859634608347438,0.0859634608347438,0.0709174833228622
1,1994,1309,1067548.42336667,0.0905382700847622,0.0905382700847622,0.0754401785004606
1,1995,1277,1084368.01468333,0.090704387849104,0.090704387849104,0.0727060506664707
1,1996,1232,1092651.92206667,0.0657927041904572,0.0657927041904572,0.050806572366614
1,1997,1280,1132567.00170833,0.0947488165201742,0.0947488165201742,0.074827474486869
1,1998,1225,1127564.28353333,0.0921398999748724,0.0921398999748724,0.0744203717551086
1,1999,1271,1123399.89859167,0.0649907270998172,0.0649907270998172,0.0490857326295493
1,2000,1380,1129928.14075833,0.0464983260186842,0.0464983260186842,0.0319096195142125
1,2001,1480,1072003.63590833,0.0345426877698573,0.0345426877698573,0.0249830595745201
1,2002,1500,1054438.53099167,0.0342916586921959,0.0342916586921959,0.0229540652176003
1,2003,1482,1111908.35931667,0.0270797778711169,0.0270797778711169,0.0177441620762631
1,2004,1387,1139068.66615,0.0435566740174613,0.0435566740174613,0.0275143623526493
1,2005,1205,1149594.712875,0.0291017183928522,0.0291017183928522,0.0145681190763163
1,2006,1177,1201277.95353333,0.0348404489515218,0.0348404489515218,0.0243065068655568
1,2007,1072,1131851.54985,0.0341842517364234,0.0341842517364234,0.0245883304767499
1,2008,1035,1118808.459525,0.0434542732369406,0.0434542732369406,0.0324961544493824
1,2009,1032,1065129.64178333,0.0814434479588411,0.0814434479588411,0.0643610409028609
1,2010,1073,1141373.18309167,0.0926101441148988,0.0926101441148988,0.0762604190631395
1,2011,1068,1148775.35213333,0.0658987797681673,0.0658987797681673,0.0491164906497035
1,2012,983,1087011.60665,0.0600372575531107,0.0600372575531107,0.0432751395237061
1,2013,984,1122697.79046667,0.069084681596366,0.069084681596366,0.050855868302072
1,2014,1187,1161590.5466,0.0490244366872788,0.0490244366872788,0.0258025762931084
1,2015,1729,1181566.45260833,0.0560058504501247,0.0560058504501247,0.0371999533003865
1,2016,1949,1220567.13861667,0.0352286426377165,0.0352286426377165,0.0230338765293404
1,2017,1895,1189696.71558333,0.0348787001817132,0.0348787001817132,0.0241227001308439
1,2018,1854,1219114.761475,0.0295857496136741,0.0295857496136741,0.022169034501423
1,2019,1856,1269512.16855833,0.0275329675175098,0.0275329675175098,0.0158400459034875
1,2020,1562,1137592.54115833,0.0244470949707079,0.0244470949707079,0.0166800320605234
1,2021,1636,1158364.89661667,0.0179069334590379,0.0179069334590379,0.0118558206544232
1,2022,1521,1171774.217925,0.00867969099998095,0.00867969099998095,0.00647437866067834
1,2023,1377,1173657.69318333,0.0116138367437408,0.0116138367437408,0.00664400674088363
1,2024,1255,1163632.62839167,0.00993540854411481,0.00993540854411481,0.00364806068349421
1,2025,1078,1143141.28488182,0.00819222910050718,0.00819222910050718,0.00191207579563899
1,2026,663,1113807.60495,0.0122860204843136,0.0122860204843136,0.00811203434942034
2,1982,1611,98049.98,0.0319404280687598,0.0451207639206046,0.0355950778028376
2,1983,1625,102775.320833333,0.0185922066163987,0.026458929808741,0.0214842027777664
2,1984,1580,112751.754166667,0.014545265204854,0.0235650509650238,0.0212061741389759
2,1985,1698,119515.989166667,0.0114254796326519,0.0205440154949421,0.0205440154949421
2,1986,1677,120449.775,0.00663588481865851,0.0139749742164317,0.013122039179124
2,1987,1584,120168.611666667,0.0151028346046049,0.0257443128486395,0.019871321916329
2,1988,1602,120185.509166667,0.00684538986747369,0.0123112249021757,0.0095438710369763
2,1989,1688,122066.235,0.00801264439206578,0.0111953290495661,0.00937369508174531
2,1990,1672,137607.153333333,0.00826673351719651,0.0203824917435252,0.0162575487233634
2,1991,1617,137872.3925,0.0106854725587406,0.0274038062647918,0.0256970408343353
2,1992,1488,140269.578333333,0.012538101187467,0.0285419336649464,0.0285419336649464
2,1993,1588,159173.9275,0.0161326724399216,0.0274735948825539,0.0274735948825539
2,1994,1504,165089.114541667,0.01680642511997,0.0311554621935326,0.0311554621935326
2,1995,1237,154315.759225,0.0163259197417852,0.0385739779909378,0.0385739779909378
2,1996,1152,159822.973158333,0.0179759382202237,0.0296183588720404,0.0296183588720404
2,1997,1230,170624.128908333,0.0180349086303802,0.0504175601073492,0.0504175601073492
2,1998,1242,178809.819558333,0.0277104937743658,0.0615000299041882,0.0615000299041882
2,1999,1269,172765.602108333,0.0234384805708845,0.0414858047311932,0.0414858047311932
2,2000,1364,187109.04365,0.0111612799463243,0.0260382508596434,0.0260382508596434
2,2001,1698,190510.6409,0.0144805591276555,0.0225217199840586,0.0225217199840586
2,2002,1876,189772.707741667,0.0121318393763311,0.0234647494169449,0.0234647494169449
2,2003,1824,190869.037491667,0.00712648103053062,0.0619343755558893,0.0619343755558893
2,2004,1847,193598.812933333,0.00456615997074533,0.0642293411389974,0.0642293411389974
2,2005,1652,192340.133933333,0.00287360138363829,0.048654931415633,0.048654931415633
2,2006,1662,198779.204675,0.010395534600204,0.0525624392756918,0.0525624392756918
2,2007,1622,196725.280383333,0.00970601001531694,0.0458106910938911,0.0458106910938911
2,2008,1618,203420.8501,0.00839721530098944,0.0324761464393598,0.0324761464393598
2,2009,1586,198335.136341667,0.029538750208675,0.0407073606518799,0.0407073606518799
2,2010,1559,207539.738016667,0.0189577757297611,0.0408543131596277,0.0408543131596277
2,2011,1479,211774.357141667,0.0199724521990666,0.0418194272646314,0.0418194272646314
2,2012,1296,193839.890233333,0.0111881628478161,0.0357573328516469,0.0357573328516469
2,2013,1299,202554.058633333,0.0275363721219233,0.0523474643256959,0.0523474643256959
2,2014,1330,206355.101341667,0.0176762514856722,0.0356101345151621,0.0356101345151621
2,2015,1383,209318.988575,0.0121109606471513,0.0469453549909501,0.0469453549909501
2,2016,1314,198902.436008333,0.00718443538791113,0.0947289423806282,0.0947289423806282
2,2017,1270,203157.505258333,0.0105388326113974,0.0695159640564351,0.0695159640564351
2,2018,1193,197925.548566667,0.00832136972004859,0.0466203717348394,0.0466203717348394
2,2019,1023,170829.905833333,0.00865867338109081,0.0585668675879336,0.0585668675879336
2,2020,935,170530.110025,0.0163480023630898,0.0706345552303587,0.0706345552303587
2,2021,930,181475.424241667,0.00572162899929234,0.0637928370469054,0.0637928370469054
2,2022,964,198709.0305,0.00370297182677194,0.0267757607859028,0.0267757607859028
2,2023,1007,209157.430766667,0.00244940839437923,0.0237876638668592,0.0237876638668592
2,2024,922,203730.82155,0.00453984237451119,0.0273978959059799,0.0273978959059799
2,2025,889,216391.102290909,0.00310776401940088,0.0367692057127606,0.0367692057127606
2,2026,627,206351.11135,0.00600756850491273,0.0512160424330082,0.0512160424330082
4,1982,1261,613087.729166667,0.129390755013956,0.129390755013956,0.0826327227299002
4,1983,1328,662184.7175,0.142641013406756,0.142641013406756,0.097210167795816
4,1984,1299,717707.281666667,0.119651630769646,0.119651630769646,0.0820417306666637
4,1985,1066,728165.115,0.0812171689475493,0.0812171689475493,0.0517484806084583
4,1986,1058,799128.026666667,0.0832868913937228,0.0832868913937228,0.0351687640305011
4,1987,1086,846216.215,0.0837996774067173,0.0837996774067173,0.048961322491321
4,1988,1140,853812.98,0.0623600137429003,0.0623600137429003,0.035166836731232
4,1989,1146,863765.603333333,0.0517203594674282,0.0517203594674282,0.0276795781259809
4,1990,1132,917865.600833333,0.0673726686607016,0.0673726686607016,0.0342283254448978
4,1991,1051,894532.416666667,0.0882177224991567,0.0882177224991567,0.0645334783377051
4,1992,1032,920262.640833333,0.0902420285417632,0.0902420285417632,0.0505826502868585
4,1993,966,898210.996666667,0.0764698210348861,0.0764698210348861,0.0540502549105954
4,1994,1145,1033956.28890833,0.0619055969483136,0.0619055969483136,0.0472675576078757
4,1995,1358,1158367.67403333,0.0647671705036212,0.0647671705036212,0.0472081326529603
4,1996,1421,1174332.49999167,0.0638543859885215,0.0638543859885215,0.0460994805279176
4,1997,1462,1272121.73789167,0.0781123546317877,0.0781123546317877,0.054582869828228
4,1998,1420,1204818.76790833,0.0909441607542006,0.0909441607542006,0.0628381847197676
4,1999,1562,1321969.74975,0.0601526465135617,0.0601526465135617,0.0407482205072043
4,2000,1564,1335624.131125,0.0491600448146752,0.0491600448146752,0.0314158822684571
4,2001,1443,1332735.06199167,0.0440385327815692,0.0440385327815692,0.0236888710419957
4,2002,1375,1292907.22775833,0.0405290703127396,0.0405290703127396,0.02450014619759
4,2003,1434,1319362.62135833,0.0354076101612141,0.0354076101612141,0.017774154797961
4,2004,1482,1468982.102575,0.0283763748166826,0.0283763748166826,0.0166478074900517
4,2005,1334,1396002.31675,0.0337383391081921,0.0337383391081921,0.0217757922344317
4,2006,1449,1588407.20146667,0.0328657100659056,0.0328657100659056,0.0198314554222917
4,2007,1356,1559963.271275,0.0195437747764504,0.06186886721022,0.0451202861446037
4,2008,1192,1533245.57924167,0.0306399446231581,0.0481970660802749,0.0268492328456785
4,2009,1067,1449827.363525,0.0490053170897922,0.0707738084132001,0.0401293419285986
4,2010,1098,1491278.94304167,0.0552722743910093,0.0552722743910093,0.0351672995426995
4,2011,1140,1522927.059925,0.0570571110527202,0.0580755864002808,0.0287088989522277
4,2012,1134,1472757.76425,0.0465844790571777,0.0759619878371319,0.0438103381851967
4,2013,1053,1423171.88950833,0.0408322451853719,0.0821799087157854,0.0583622145040831
4,2014,1287,1591449.96879167,0.0259198817120129,0.0585757153087125,0.0380496055352863
4,2015,1482,1628348.49933333,0.0261293657658375,0.0941987973425012,0.0710131860116812
4,2016,1535,1654651.86394167,0.0239415737060022,0.0660016217136518,0.0407210800360291
4,2017,1352,1642871.04228333,0.0170788812813146,0.257531676900196,0.206632235552619
4,2018,1584,1901228.75233333,0.00978414049887667,0.181315253640712,0.138145264061989
4,2019,1552,1982831.263975,0.0148249039310945,0.185491822274043,0.143063524703554
4,2020,1319,1787246.44309167,0.00926873028005258,0.191515968832795,0.164127086040938
4,2021,1257,1837954.89886667,0.00371710704338432,0.106648425719914,0.0825376929099526
4,2022,1137,1807200.446325,0.00613232771487504,0.106795499064574,0.0892476976076369
4,2023,1145,1835878.64271667,0.00245437278831547,0.106622439774673,0.0826034149379253
4,2024,1084,1833939.357175,0.0033895724254348,0.119476367412454,0.0956713548107383
4,2025,1000,1981509.31862727,0.00350789494751814,0.0928199206066717,0.0732135474251665
4,2026,644,1802167.6282625,0.00197284424697375,0.147332200247926,0.12269273075373
5,1982,1252,486369.130833333,0.197051523745193,0.197051523745193,0.155760212488952
5,1983,1208,461287.3925,0.202392568099506,0.202392568099506,0.160814110406598
5,1984,1255,506415.918333333,0.150953823525643,0.150953823525643,0.122875164294714
5,1985,1219,515593.9975,0.142792669601111,0.142792669601111,0.107622834573438
5,1986,1237,514901.130833333,0.120020612630331,0.120020612630331,0.0796929757503591
5,1987,1354,550506.283333333,0.125393405288713,0.125393405288713,0.0989545381210756
5,1988,1380,571534.684166667,0.117825449091548,0.117825449091548,0.0903791868297827
5,1989,1334,579756.4625,0.107088883894934,0.107088883894934,0.081570870228405
5,1990,1363,570704.635,0.0877429165555431,0.0877429165555431,0.0629360287801646
5,1991,1419,573523.969166667,0.14050391410334,0.14050391410334,0.106213029634741
5,1992,1379,590692.351666667,0.133500299455093,0.133500299455093,0.109235310594324
5,1993,1373,606441.505,0.10308179681732,0.10308179681732,0.0830508157034316
5,1994,1326,635093.0903,0.0871292711706162,0.0871292711706162,0.0617954860860813
5,1995,1254,660000.8277,0.0853200147938744,0.0853200147938744,0.0652448067503133
5,1996,1346,682174.599025,0.061611997050909,0.061611997050909,0.0434524607664462
5,1997,1273,647295.922808333,0.105841998501129,0.105841998501129,0.0841004980722744
5,1998,1182,607825.455375,0.095713956452801,0.095713956452801,0.0694030181312066
5,1999,1162,618138.703508333,0.0732244801095678,0.0732244801095678,0.0473519804436666
5,2000,1185,625514.970833333,0.0474369317819352,0.0474369317819352,0.0270388374597456
5,2001,1173,636910.408641667,0.0498180676373875,0.0498180676373875,0.0317245077447535
5,2002,1150,652903.130166667,0.0507938173766569,0.0507938173766569,0.0341975051403114
5,2003,1109,643738.436041667,0.0351693514644634,0.0351693514644634,0.0209544454363763
5,2004,1154,654760.506575,0.0259585269285324,0.0259585269285324,0.0153479154323158
5,2005,1184,699599.842958333,0.0353667977592827,0.0353667977592827,0.0187060506898648
5,2006,1075,698929.939483333,0.0371910830255014,0.0515039256198941,0.0377397346427868
5,2007,1052,676336.541766667,0.0236282544336928,0.0702030176071437,0.0480408708808307
5,2008,1057,702223.704525,0.0418948919963239,0.057505238688833,0.0320104310494687
5,2009,1074,711555.8454,0.0774695854954465,0.0774695854954465,0.0487350322290436
5,2010,1035,704849.985591667,0.0793671519971839,0.0793671519971839,0.0535820634253551
5,2011,1076,747056.008333333,0.0664295014092038,0.0664295014092038,0.0511430652438476
5,2012,1021,722662.579983333,0.0687368363316653,0.0687368363316653,0.0514237995425985
5,2013,970,650815.120066667,0.0679664627395292,0.0679664627395292,0.0488772113398475
5,2014,1230,722815.446333333,0.0621083690210699,0.0621083690210699,0.0373962976586252
5,2015,1554,712404.264425,0.0295125853861965,0.0558526212039385,0.0410622068734304
5,2016,1676,722890.555366667,0.0243342973143112,0.0793226030311717,0.0583926616829607
5,2017,1816,768281.353508333,0.0171764844325227,0.0916974792654124,0.067720606373451
5,2018,1758,759278.408408333,0.0154277885471407,0.064326216127212,0.0448552310626014
5,2019,1637,751917.765425,0.0215658547104122,0.0994103537143461,0.0701388229206036
5,2020,1295,673978.66835,0.0143197829717088,0.132690131601552,0.108184180757289
5,2021,1329,697707.845316667,0.00514155192713722,0.130855505406511,0.102050758128355
5,2022,1309,743623.591666667,0.011297207409963,0.102591053083297,0.0755514163297962
5,2023,1320,762982.3512,0.0201395295065902,0.0863674133654937,0.0635607513053573
5,2024,1307,760070.594625,0.0131444594585268,0.0603356655499777,0.0373574674411338
5,2025,1087,759188.231181818,0.0137269617122428,0.0650033392251756,0.0415094355406405
5,2026,750,799116.9906125,0.0147540573389175,0.0551432466461823,0.0360457789358501
6,1982,8573,5346926.62333333,0.0912661798157324,0.0912661798157324,0.0616130041999012
6,1983,8691,5560056.02333333,0.0859689314269601,0.0859689314269601,0.0596764270193592
6,1984,8606,5687683.8175,0.070486189463127,0.070486189463127,0.0477865040593624
6,1985,8222,5943266.67416667,0.0694805824202564,0.0694805824202564,0.0467754629299012
6,1986,7860,6310417.705,0.061019327694938,0.061019327694938,0.0387306467800085
6,1987,7836,6560505.16833333,0.0536319840172796,0.0536319840172796,0.0330268784349897
6,1988,5498,6684516.34666667,0.0301052141092727,0.0884530434718502,0.0618356834257404
6,1989,6032,6883017.84666667,0.011395763468973,0.105852824235546,0.0730950487428491
6,1990,8563,7424501.13166667,0.00999473504693356,0.0836193688065299,0.0552566207557758
6,1991,8381,7301191.56333333,0.0484715007721874,0.0648859614293396,0.0581259054980308
6,1992,7804,7317925.54166667,0.0580872106554924,0.0580872106554924,0.0580872106554924
6,1993,7361,7105391.62083333,0.0651091754947833,0.0651091754947833,0.0651091754947833
6,1994,7245,7334087.914025,0.0654463206686477,0.0654463206686477,0.0654463206686477
6,1995,7210,7535859.86136667,0.0633830259811532,0.0633830259811532,0.0633830259811532
6,1996,6989,7518473.68648333,0.0635730669944304,0.0635730669944304,0.0635730669944304
6,1997,7296,7797200.5183,0.0635412446113014,0.108960183090418,0.108960183090418
6,1998,7563,8189781.41651667,0.0366820024080011,0.11930102677562,0.11930102677562
6,1999,7653,8406501.97203333,0.0224345976387191,0.11535493929791,0.11535493929791
6,2000,7753,8493205.174075,0.0131557130996586,0.0864915393612484,0.0864915393612484
6,2001,7504,8539930.13908333,0.0106889197204602,0.113230575531827,0.113230575531827
6,2002,7392,8441070.43878333,0.0100935664845939,0.121044982280581,0.121044982280581
6,2003,6998,8534072.286625,0.00661006698174754,0.089195280030768,0.089195280030768
6,2004,7051,8568923.90808333,0.00769948689680422,0.090682892142421,0.0901590529651626
6,2005,7932,8843271.56836667,0.00900575531739657,0.0894781840322715,0.0883082990690707
6,2006,8135,8558776.89800833,0.00662549155980404,0.0796911652265857,0.0788797762192051
6,2007,8111,8770355.98595,0.00708430421557207,0.116622536175295,0.116231027215396
6,2008,8159,8771112.59455,0.00984444991091008,0.144028968182815,0.14257008274834
6,2009,7999,8510310.87173333,0.0175204691497908,0.123693806471835,0.12269840582067
6,2010,8159,8598523.6421,0.0177911052176827,0.108759544524739,0.108096597387463
6,2011,8118,8691417.505675,0.0146182283979617,0.106565326020783,0.1055561488504
6,2012,8075,8815179.163975,0.0141825796522201,0.110761068735865,0.109237083460001
6,2013,8102,8919166.85818333,0.0129493294565996,0.103649342576783,0.101326232462226
6,2014,8268,9135056.0215,0.0114146616977044,0.143343049169754,0.142050509364246
6,2015,8371,9675848.41666667,0.0118471884984832,0.161588605727003,0.158907794813445
6,2016,8203,9667739.37600833,0.00919038615985305,0.229370333169059,0.225491155488556
6,2017,8029,9690424.97759167,0.00539500097218574,0.232665124046534,0.226708159184296
6,2018,7893,9802064.79895,0.00886182568486029,0.236614530230418,0.22858920688476
6,2019,7811,9908577.29278333,0.00833875343555575,0.245484358455434,0.238273444240531
6,2020,6008,8549535.51108333,0.00530233316179175,0.253655324994594,0.247587128711758
6,2021,6241,8811766.35174167,0.00401609081774378,0.240284037110014,0.234032203621967
6,2022,6240,9267109.22665,0.00454663536235214,0.228861070030431,0.227928565808926
6,2023,6115,9445202.86005833,0.00395955617849331,0.164838169145339,0.163491841120759
6,2024,6224,9594005.69706667,0.00269859113778887,0.153029827315218,0.152715798457499
6,2025,5156,9578246.03936364,0.00278050788968745,0.131777364810372,0.131777364810372
6,2026,3689,9319941.508925,0.00211974698753005,0.127785732005079,0.127785732005079
8,1982,1834,695058.333333333,0.11135779371036,0.11135779371036,0.0640602551344611
8,1983,1778,707841.859166667,0.107700757138632,0.107700757138632,0.0604507329038753
8,1984,1664,750376.676666667,0.0950764281261887,0.0950764281261887,0.0558713594167637
8,1985,1254,757755.689166667,0.0913113467694222,0.0913113467694222,0.0544349305759694
8,1986,1110,779721.044166667,0.0778662366336692,0.0778662366336692,0.0429161207720941
8,1987,1056,749092.898333333,0.0731942973365838,0.0731942973365838,0.0372726679100208
8,1988,1076,788594.75,0.0773525628974832,0.0773525628974832,0.0420762353963596
8,1989,1134,815873.9675,0.0599348861236136,0.0599348861236136,0.0317059346138124
8,1990,1189,837897.568333333,0.073878850477867,0.073878850477867,0.0383010340955737
8,1991,1196,842924.320833333,0.0921815020394501,0.0921815020394501,0.0637817925499114
8,1992,1179,844409.9225,0.0744515785420163,0.0744515785420163,0.0551233949606587
8,1993,1251,893598.954166667,0.0754397341062988,0.0754397341062988,0.047720741839685
8,1994,1321,988290.372558333,0.0609439046263483,0.0609439046263483,0.0390398041621342
8,1995,1412,1054139.81635,0.0423669605451132,0.0423669605451132,0.0263537067086518
8,1996,1291,998680.104966667,0.0452955331492359,0.0452955331492359,0.0280996249721059
8,1997,1434,1086655.81568333,0.0480273151091372,0.0486327327266616,0.0368474472371495
8,1998,1433,1092596.12029167,0.0442590580150432,0.0442590580150432,0.030912911922401
8,1999,1460,1090635.024725,0.0382869310799265,0.0382869310799265,0.0230772925751945
8,2000,1376,1146530.93184167,0.0353963817776333,0.0353963817776333,0.0187774037624538
8,2001,1833,1129329.00255833,0.0274144122496912,0.0274144122496912,0.0136611023507915
8,2002,2161,1139338.49790833,0.0287233914767909,0.0287233914767909,0.0184654364179655
8,2003,2181,1137774.99904167,0.0266288463745931,0.0266288463745931,0.012780771985306
8,2004,2088,1115489.04103333,0.0351250967740308,0.0351250967740308,0.021502944636235
8,2005,2077,1130235.48595833,0.0293751080600537,0.0293751080600537,0.017115249106928
8,2006,2049,1148961.77665,0.0316532745380255,0.0316532745380255,0.0217724510800853
8,2007,2055,1163754.88441667,0.0208937484034891,0.0452572378472981,0.0218916053181051
8,2008,2019,1209622.12665,0.0391701264781644,0.070057669029826,0.0326939506247774
8,2009,1959,1136871.630675,0.0408386444701477,0.0565437525799047,0.0319604196533254
8,2010,1949,1134387.43490833,0.0477639334889539,0.0477639334889539,0.023961747566897
8,2011,2039,1221125.66360833,0.0396517826554038,0.0470630110774302,0.0244834368943288
8,2012,2098,1234993.11260833,0.0339564598149298,0.0520495069516927,0.0326359329296511
8,2013,2113,1238581.863175,0.0323403604820969,0.0557588470020859,0.0360510347445838
8,2014,1833,1221006.99325833,0.0303093682272111,0.0919680441662916,0.0595917944519685
8,2015,1285,1246602.75806667,0.0174809447187462,0.0469271138003837,0.0315422227561208
8,2016,1114,1319704.34585,0.0224468091734493,0.0486020850945633,0.0307005660919993
8,2017,1074,1299448.82835833,0.0168646444913773,0.0694583717447041,0.0470230505361232
8,2018,1052,1289290.03989167,0.0162312539285252,0.0998263691652716,0.0718340859835661
8,2019,1068,1418627.48485,0.00976348664319338,0.10872529115091,0.0783438392415034
8,2020,911,1307655.43878333,0.00597497934848665,0.123387248944152,0.099353616095445
8,2021,891,1248457.48950833,0.00416338068671205,0.110931081972903,0.0833861742589235
8,2022,891,1270812.38749167,0.00345748666489305,0.0764677502214206,0.0604465127696413
8,2023,828,1338243.33089167,0.00690420122289003,0.0855560623072282,0.0672774650954877
8,2024,807,1309420.58254167,0.00111563288842696,0.0574411152748217,0.0445950677117973
8,2025,725,1369200.58088182,0.00505292931594412,0.0788562018851437,0.0629771461367573
8,2026,462,1259743.70545,0.00655006440143511,0.138721166550759,0.118531522099696
9,1982,1255,732250.581666667,0.0629233140770761,0.0637562268102352,0.0423802610886284
9,1983,1300,769352.078333333,0.0518789623425272,0.05298700401899,0.0322009690981381
9,1984,1334,809471.8475,0.0517552979712079,0.0526493603596263,0.0361681046603662
9,1985,1352,812346.89,0.0288259971878106,0.0288259971878106,0.0216667526931342
9,1986,1313,839747.175,0.0310280581374587,0.0310280581374587,0.0156470924319176
9,1987,1198,863570.975833333,0.0294915954172232,0.0343957387382126,0.0250373205427254
9,1988,1169,936323.73,0.0233728269388195,0.0513202406679009,0.034147846671222
9,1989,1119,896883.796666667,0.0148353016479032,0.0533743447901662,0.0313259701027267
9,1990,1162,925530.533333333,0.0142263711018934,0.0339305877753142,0.0191783768271863
9,1991,1094,882674.736666667,0.0239992518799517,0.0310454459553449,0.0174361462881036
9,1992,1066,872433.720833333,0.0272085138769352,0.0272085138769352,0.015567070799404
9,1993,1082,882007.893333333,0.0286760321056537,0.0301198192602721,0.0143922502613431
9,1994,899,767743.6199,0.0381784523595058,0.0381784523595058,0.0210778403825847
9,1995,844,766279.654716667,0.0325401260338647,0.0325401260338647,0.0159371020312188
9,1996,910,830071.4295,0.0378729302476252,0.0378729302476252,0.0209401039062426
9,1997,1006,874534.170591667,0.0470092193544817,0.0470092193544817,0.0327317076194218
9,1998,1021,891863.5949,0.0318168672454689,0.0336220944228161,0.02156300770279
9,1999,945,815739.347758333,0.0326834062333742,0.0499337095486053,0.0304371775349933
9,2000,1011,904088.9281,0.0231112168381983,0.0888729105098749,0.0689010154464693
9,2001,1509,863550.744425,0.017752108488086,0.0614851187681938,0.0444597291448858
9,2002,1871,881519.14415,0.0168253323425757,0.0587427985374022,0.0475726450884627
9,2003,1816,839627.825608333,0.019210603684214,0.0697676354888446,0.0495042396054684
9,2004,2019,875717.947591667,0.0181869774324031,0.087318577947339,0.0646064584557093
9,2005,2247,891854.655933333,0.00976146908252589,0.0685667779701215,0.0531041639575634
9,2006,2307,912178.880141667,0.0121776994806927,0.0983227943124536,0.0726410239638259
9,2007,2277,921321.905858333,0.0144739386945433,0.0803858596860368,0.0563711074125405
9,2008,2236,891400.247183333,0.0203377274300943,0.0655396708170881,0.0489600306797133
9,2009,2267,865774.035783333,0.0294002546445464,0.111255302695139,0.0825392592406373
9,2010,2254,864665.500391667,0.0388769719251046,0.117756894674544,0.0891128748806301
9,2011,2227,868890.039566667,0.0278800078896228,0.0994986195182029,0.0714175245515312
9,2012,2090,852694.003025,0.0281134675002093,0.107352838337775,0.0817599978648175
9,2013,2019,844814.072708333,0.0259919206497968,0.0807293026890814,0.0585018784960468
9,2014,1816,884319.007841667,0.0224465263937355,0.0893748143948272,0.0648600269055126
9,2015,1268,903892.663275,0.0287010906685947,0.110404770790768,0.0825582104752223
9,2016,1007,914879.52695,0.017372977833108,0.118930110917886,0.0938276091784174
9,2017,981,938049.068091667,0.0153962864874946,0.15701257338414,0.117800934887628
9,2018,960,937968.417558333,0.0160603061641961,0.116363094897644,0.0905700554266087
9,2019,990,974518.267983333,0.0163952115794918,0.120359627147943,0.0973735216166889
9,2020,765,855252.649708333,0.0110979053615368,0.115890133206604,0.0992947079193043
9,2021,755,839934.249508333,0.00516775897741299,0.146464071598872,0.119194367734066
9,2022,736,891942.535466667,0.00117714690119283,0.114929516746315,0.101327707510567
9,2023,756,901632.079316667,0.00719175859763963,0.161705172859605,0.134339419365453
9,2024,785,871150.73015,0.00765506595954037,0.140441969118938,0.11691297162103
9,2025,662,885861.866481818,0.0155160393429232,0.16478934636301,0.135775929178596
9,2026,418,797755.0882125,0.0103077092004829,0.109004759681127,0.0849894020443274
10,1982,957,131520.37,0.164147164681283,0.164147164681283,0.117010467656075
10,1983,965,132999.840833333,0.16799660455734,0.16799660455734,0.118511457617095
10,1984,1080,143227.040833333,0.146423118693095,0.146423118693095,0.110211125228104
10,1985,1117,151047.188333333,0.118701293711602,0.118701293711602,0.0743516543224191
10,1986,1129,164077.661666667,0.0826570775219381,0.0826570775219381,0.0520301986669991
10,1987,1144,173241.126666667,0.0761817036208762,0.0761817036208762,0.0432434750193459
10,1988,1136,173308.425833333,0.0500034401578023,0.0500034401578023,0.0262400638907194
10,1989,1147,185027.949166667,0.0336750206012795,0.0336750206012795,0.0186550330128278
10,1990,1091,181066.929166667,0.0324023784667286,0.0324023784667286,0.0169297711115708
10,1991,976,179117.01,0.0587125375008586,0.0587125375008586,0.0304972012429194
10,1992,903,176876.0675,0.0469881263048773,0.0469881263048773,0.03260938151888
10,1993,936,185140.928333333,0.0395947521310275,0.0395947521310275,0.0260378227011339
10,1994,939,194834.933966667,0.0579701110493135,0.0579701110493135,0.0378197913484071
10,1995,952,195039.416883333,0.0408631266815536,0.0408631266815536,0.031967737511556
10,1996,930,186162.882666667,0.0543872313855876,0.0649107207994673,0.0418812664478724
10,1997,967,198977.401933333,0.0439908004960251,0.0978323162707131,0.0637326979602547
10,1998,1071,212619.473958333,0.0525035297434122,0.0525035297434122,0.0373096681157621
10,1999,1047,209791.984175,0.0435278670325616,0.0663128531644084,0.0441113789597756
10,2000,1070,215847.927708333,0.0270291501225352,0.0543172549356564,0.0336907837640203
10,2001,1273,209342.255466667,0.0219869323470924,0.0684876138664526,0.0521377639884618
10,2002,1326,200587.444933333,0.0215595157335859,0.064755579356676,0.0428978197573292
10,2003,1366,206303.323875,0.0220309876640049,0.0520825954142664,0.0342388629954723
10,2004,1389,203818.499908333,0.0156226681325072,0.0427872671220825,0.0262169524719455
10,2005,1582,218962.084358333,0.0155054420416332,0.0536318049130762,0.0364157272100332
10,2006,1725,230858.778175,0.0217338555688935,0.0470027508192672,0.0294632331596993
10,2007,1708,234113.480683333,0.022354156239635,0.0566977291436752,0.0400858237891357
10,2008,1536,219959.828875,0.0311861523840562,0.0708558163614668,0.0467461519493025
10,2009,1460,207811.100925,0.050612738579331,0.0689308174326219,0.0432092964557623
10,2010,1459,202336.230666667,0.0667785049608482,0.0667785049608482,0.0474184718923267
10,2011,1546,213420.968258333,0.052825927439738,0.052825927439738,0.0361884245162421
10,2012,1480,219687.201008333,0.0517004788605588,0.0517004788605588,0.0298917671877369
10,2013,1373,203475.020958333,0.0537918720036631,0.0537918720036631,0.0353408024785142
10,2014,1404,222763.3002,0.0378691474347862,0.0501533662186246,0.0205045183051506
10,2015,1198,235022.6842,0.0244672030400261,0.0708451270282389,0.0523383855486292
10,2016,1052,231010.680375,0.0187099054669267,0.0645085222573951,0.0466095313177213
10,2017,1073,261908.487316667,0.0288574789771072,0.0719577249790053,0.0502778929321676
10,2018,1093,264708.695358333,0.0171912301010984,0.0480445114686696,0.0312572327748162
10,2019,970,262687.344941667,0.021695259185778,0.0501475017239928,0.0279656987662069
10,2020,811,245060.919825,0.021830525836135,0.0641766938450689,0.0458337865526971
10,2021,876,260573.4456,0.023819512840388,0.059537724054258,0.0496177064534059
10,2022,859,268391.887008333,0.00965394220946111,0.0789672627387402,0.0653563421278901
10,2023,824,269187.756266667,0.011758118084184,0.0707616046726765,0.0549173220705057
10,2024,778,253978.690741667,0.0165112683118709,0.0824384528305301,0.063975804928954
10,2025,700,256847.496945455,0.0205244382507205,0.156400455011793,0.119907492482324
10,2026,430,244177.97175,0.0134370081645172,0.191406348523329,0.16053065160453
11,1982,716,115283.88,0.0841308718385722,0.18234015024477,0.141353392165496
11,1983,818,129471.2825,0.0734299451051369,0.180951845441092,0.144418209754996
11,1984,902,138632.243333333,0.0618486709429045,0.153359909802609,0.120293834721903
11,1985,948,140160.759166667,0.0556999694238005,0.125284103085653,0.0972485516943101
11,1986,936,142651.1,0.0404823960932186,0.0838093665827556,0.0625103486758952
11,1987,893,138929.240833333,0.0441337016591222,0.100357562715874,0.0737630113372642
11,1988,830,127338.2675,0.0250686424644501,0.18215397556486,0.145327123809554
11,1989,806,135919.064166667,0.0282927136840143,0.131677192916714,0.0941936787540541
11,1990,833,141463.1875,0.0293396588894667,0.0860994784715046,0.0605160500383418
11,1991,728,129195.633333333,0.0607452806067491,0.10178901815309,0.0683554836347668
11,1992,712,128931.355,0.0363747243639842,0.0600425448616953,0.0436343497152677
11,1993,687,122430.500833333,0.036458875059327,0.0828154743383969,0.0633410379539069
11,1994,660,116835.771758333,0.0314513920810779,0.166095296625475,0.132660376898321
11,1995,776,117664.002216667,0.042057147953268,0.148386969997129,0.119141425039971
11,1996,770,120502.6945,0.0483656089532504,0.137963317284992,0.106456495183738
11,1997,662,105170.286183333,0.0429379282293484,0.149120825955801,0.123447206235622
11,1998,669,104765.160708333,0.0376788089505218,0.145959307193462,0.118146704572201
11,1999,716,113641.947808333,0.0321375934424001,0.138647632796422,0.114549247594928
11,2000,723,118909.187908333,0.0167654430387961,0.0784505677323379,0.0658103482524772
11,2001,913,124128.501341667,0.0243115209296445,0.0615272666426398,0.0459891119952142
11,2002,839,116958.098775,0.0288970672864804,0.0625786745566051,0.0455766275629025
11,2003,808,115903.845091667,0.0280565978125645,0.0594915404047203,0.0374502157792988
11,2004,793,106743.903983333,0.0214718595735877,0.0525703250858195,0.041301617958015
11,2005,938,109564.003675,0.0210571217670197,0.0506643703419168,0.0291992068656333
11,2006,910,99653.212675,0.0224946240884786,0.0847966305501082,0.0622836810781893
11,2007,949,108934.233208333,0.0250602056971915,0.0825912911091975,0.060132998128687
11,2008,960,110028.894325,0.0273811220390388,0.0599501534616553,0.0472657417117965
11,2009,847,98321.3917666667,0.0468998442299986,0.114185140926841,0.0819312767403723
11,2010,820,97112.4591,0.0502460759091896,0.120067280155336,0.0879935048588082
11,2011,825,94514.8286416667,0.0446567210033817,0.129935999565674,0.0836961549351985
11,2012,838,103070.714275,0.0442697371129671,0.131947297015081,0.0883574014926786
11,2013,889,108152.991883333,0.0376976301102367,0.118063452084378,0.0915261905315086
11,2014,860,106572.696458333,0.034970787223384,0.122949010726428,0.0917850591668606
11,2015,975,111357.77325,0.028635059908881,0.218548834218899,0.182343984609684
11,2016,981,111145.123966667,0.023561270000341,0.248378671714043,0.177319417892268
11,2017,988,116345.857258333,0.030509173470484,0.287317854249933,0.24275368864765
11,2018,909,120700.679141667,0.0354322525806208,0.328348748105639,0.249761300690643
11,2019,725,107517.390766667,0.026690457976494,0.304296886764449,0.241295522736741
11,2020,518,78681.0335916667,0.0178254971705813,0.30594603840524,0.257092762193655
11,2021,509,81417.7673416667,0.0248501733637924,0.296787580143258,0.241167712316007
11,2022,511,84324.8029666667,0.0242763431159064,0.278583637793412,0.227068289238327
11,2023,421,83674.1170916667,0.0184857313559159,0.332306976555309,0.255138615942757
11,2024,476,88425.1333916667,0.00622006657576047,0.279842455240959,0.237781483256224
11,2025,477,99121.8056727273,0.0129765609677484,0.308822342107924,0.244160884032997
11,2026,339,97817.9548375,0.00688264862640433,0.217288137799541,0.177858531993457
12,1982,3163,2226070.39583333,0.154603508111954,0.154603508111954,0.109215669364454
12,1983,3202,2273732.31,0.142216648698926,0.142216648698926,0.105215384464791
12,1984,3340,2462154.54833333,0.132827119262157,0.132827119262157,0.0904128531048906
12,1985,4112,2534778.98,0.103478484871029,0.103478484871029,0.0672070877490602
12,1986,4456,2745226.39083333,0.0943045159036032,0.0943045159036032,0.0618584462591874
12,1987,4751,2912625.34916667,0.0827250894348419,0.0827250894348419,0.0486260568575547
12,1988,4866,3025154.05,0.0551416489021443,0.0551416489021443,0.0313696493131207
12,1989,4949,3058927.41583333,0.0487179065539879,0.0487179065539879,0.0239312878498156
12,1990,4985,3188786.02583333,0.0533396289231679,0.0533396289231679,0.0264281556211693
12,1991,4620,3154909.6925,0.0937385394484367,0.0937385394484367,0.0709246436959093
12,1992,4360,3169062.85,0.0916651521547871,0.0916651521547871,0.07117849603393
12,1993,4334,3264889.5675,0.0730610512959307,0.0730610512959307,0.0493599632804936
12,1994,4229,3302631.87289167,0.0681452425631521,0.0681452425631521,0.0516978388437544
12,1995,4073,3468548.55496667,0.0576464855466289,0.0576464855466289,0.0428878238527151
12,1996,4050,3537771.173875,0.0584256339136261,0.0584256339136261,0.0442464642326989
12,1997,4079,3597061.55383333,0.0782014153655209,0.0782014153655209,0.0564849259715358
12,1998,4190,3700976.055925,0.0711370997938538,0.0711370997938538,0.0493794422485099
12,1999,4363,3845447.57600833,0.0525696048758795,0.0525696048758795,0.0395025131875583
12,2000,4452,3997795.73503333,0.0358457451196261,0.0358457451196261,0.0235675771086424
12,2001,4365,4036717.32803333,0.03574264980888,0.03574264980888,0.0221980168500733
12,2002,4064,3846589.92626667,0.0364907749696709,0.0364907749696709,0.0194601930306752
12,2003,4082,3883118.88331667,0.0334748149462549,0.0334748149462549,0.0195092271104924
12,2004,3988,4034788.8489,0.0357338118691491,0.0357338118691491,0.0235476909056185
12,2005,4226,4403573.80279167,0.0262965428920306,0.0480370821931563,0.026567455239613
12,2006,4232,4474414.87946667,0.0207324777501166,0.0506399216609989,0.0312803411459726
12,2007,3898,4258886.858425,0.0265674171509948,0.0545612086912621,0.0321408372951288
12,2008,3549,4056244.98185833,0.0322910984446981,0.0434329509261923,0.0200757694980311
12,2009,3254,3794447.05471667,0.0603949921412494,0.0738037914668556,0.0431284665829182
12,2010,3236,3776147.31481667,0.0666186483124216,0.0666186483124216,0.0394783367335969
12,2011,3195,3891522.19048333,0.0629598699554726,0.0629598699554726,0.0322735309824186
12,2012,3342,4163963.09125,0.05129178002093,0.081956122710065,0.0513931618933791
12,2013,3234,4063953.72158333,0.044766277137654,0.0731214540813942,0.0443161466447915
12,2014,3400,4340633.33000833,0.0412947077970123,0.0693904336323555,0.0408694974414389
12,2015,3485,4239105.56201667,0.0370718060215605,0.0984639583736695,0.0669287178861918
12,2016,3708,4504393.48188333,0.0289372741263791,0.0742935990800136,0.0471191519280695
12,2017,3756,4729002.60315,0.0258721704819608,0.0664353909477787,0.0401562747904123
12,2018,3698,4893998.29045,0.022388511592279,0.0532231450986162,0.0318013171109403
12,2019,3514,4782559.832925,0.0151259560452636,0.0438182127955728,0.0267663137814577
12,2020,2868,4280757.83243333,0.0171488065369657,0.0347639268190218,0.0223945062325191
12,2021,3107,4495829.14769167,0.0225433002186862,0.0579503836814548,0.0356947340141685
12,2022,3294,5009873.46420833,0.0148941881815488,0.0760990718026538,0.0556514313618612
12,2023,2997,4966592.79724167,0.00811348867055225,0.0973169748638878,0.0720723552587466
12,2024,2798,4747669.96900833,0.0077351051178207,0.0727084713350668,0.0555229907275393
12,2025,2323,4768394.3117,0.00366933278353178,0.0898848558981531,0.0725745006650001
12,2026,1620,4774696.3828125,0.00554950645822887,0.127045308152177,0.11190506506568
13,1982,1970,1221200.06583333,0.16454233813814,0.16454233813814,0.1368223401784
13,1983,1981,1272103.34583333,0.169761295239106,0.169761295239106,0.135947804922021
13,1984,1986,1391874.58,0.121334017154525,0.121334017154525,0.0873335021799641
13,1985,1509,1396893.94083333,0.108614892940849,0.108614892940849,0.0857930672688287
13,1986,1293,1490069.65333333,0.0907020625049259,0.0907020625049259,0.0661130313246028
13,1987,1323,1588061.20333333,0.0598382783572021,0.0598382783572021,0.0453727249399609
13,1988,1286,1540206.52916667,0.0811296262116276,0.0811296262116276,0.0574425923783106
13,1989,1317,1662367.98416667,0.0635807079660026,0.0635807079660026,0.0399059086988221
13,1990,1231,1626514.23916667,0.0573421309534831,0.0573421309534831,0.0354417319433991
13,1991,1153,1603572.545,0.0966242014742568,0.0966242014742568,0.0796768229985712
13,1992,1220,1678868.97416667,0.079761808134234,0.079761808134234,0.059825679199606
13,1993,1163,1658868.47916667,0.0683106837119032,0.0683106837119032,0.0548542190913844
13,1994,1353,1747485.51451667,0.0692691041372171,0.0692691041372171,0.0540341048221983
13,1995,2197,1867562.16990833,0.0535362089917686,0.0535362089917686,0.0460955802500676
13,1996,1476,1792409.9063,0.0476193707096042,0.0476193707096042,0.038509590044511
13,1997,1566,1902943.0698,0.077192931459464,0.077192931459464,0.0613093311670092
13,1998,1584,1939720.53539167,0.0652776312221525,0.0652776312221525,0.0536507049045874
13,1999,1570,2021029.25178333,0.0405408614130822,0.0405408614130822,0.0319501974475079
13,2000,1538,2119306.23091667,0.0343321479911198,0.0343321479911198,0.0272564273073528
13,2001,1398,1982150.98740833,0.0306684082231036,0.0306684082231036,0.0229974613216869
13,2002,1384,1966747.44071667,0.0259542033384145,0.0259542033384145,0.0160786609295448
13,2003,1319,1920737.71686667,0.0287168030538353,0.0287168030538353,0.0172130362384585
13,2004,1461,2022218.909725,0.0195564512624294,0.0195564512624294,0.0125064674683378
13,2005,1902,2057240.042275,0.0307291657435486,0.0307291657435486,0.0196773802893547
13,2006,2019,2120850.007775,0.0232284614397052,0.0232284614397052,0.0152019005776639
13,2007,2039,2213648.99783333,0.0307222638013366,0.0307222638013366,0.0180783801907333
13,2008,1839,2084311.46586667,0.0387051126096721,0.0387051126096721,0.0236798135379177
13,2009,1741,1969833.45673333,0.074761127802425,0.074761127802425,0.0470320684472
13,2010,1739,1911322.50965833,0.0847183426214547,0.0847183426214547,0.0658517238747772
13,2011,1756,2045061.71291667,0.0960868487287588,0.0960868487287588,0.0707947657164741
13,2012,1767,2116861.99845,0.0642052088064872,0.0642052088064872,0.0431454885148593
13,2013,1856,2161514.96186667,0.0472195523975725,0.0472195523975725,0.0330604923371062
13,2014,1839,2155284.99035833,0.0552971048568934,0.0552971048568934,0.041169777889519
13,2015,1857,2173733.14680833,0.0422895651665619,0.0422895651665619,0.0338192460090788
13,2016,1929,2319112.31405,0.0387258376934005,0.0387258376934005,0.0267432288815528
13,2017,1913,2288356.867575,0.0325588796182631,0.0325588796182631,0.022805199984084
13,2018,1864,2344272.24821667,0.0231204339887989,0.0231204339887989,0.0107595661414843
13,2019,1849,2349352.624,0.0254775337633607,0.0254775337633607,0.0170072856525773
13,2020,1532,2198725.55604167,0.0207926251487115,0.0207926251487115,0.014799271795846
13,2021,1553,2287336.98009167,0.022048541093398,0.022048541093398,0.0108186840557594
13,2022,1427,2346205.78698333,0.014692480585568,0.014692480585568,0.00788941120142168
13,2023,1380,2388489.23953333,0.0206596275133207,0.0206596275133207,0.00801487210331342
13,2024,1329,2342395.8148,0.0106094712415012,0.0106094712415012,0.00441814623498362
13,2025,1185,2292049.97539091,0.0151393651613274,0.0151393651613274,0.00680319192392773
13,2026,807,2436903.419875,0.00720375702287802,0.00720375702287802,0.00110546163443695
15,1982,1144,208253.094166667,0.106510162175942,0.106510162175942,0.0629100936967671
15,1983,1116,209759.809166667,0.100484124757122,0.100484124757122,0.0612081903789871
15,1984,1128,226582.0475,0.0918086306021222,0.0918086306021222,0.0507449404172235
15,1985,1010,224020.3175,0.0985137095879707,0.0985137095879707,0.0521524831484686
15,1986,1007,234131.739166667,0.0829599932462524,0.0829599932462524,0.0445767058486556
15,1987,1088,248132.206666667,0.0656229134946905,0.0656229134946905,0.0346158678151978
15,1988,1076,256596.854166667,0.0120577731816503,0.0367168017859403,0.0212145754904601
15,1989,1043,245832.65,0.0130762905849433,0.0342176103675949,0.023609279185115
15,1990,1077,269409.2375,0.010341609017768,0.0147782454316673,0.0105940316912853
15,1991,1101,290251.604166667,0.0339034359342114,0.0339034359342114,0.0196514417771306
15,1992,1099,297571.328333333,0.021446841117875,0.0489435006442741,0.025195903030465
15,1993,1031,295981.584166667,0.0146804629041377,0.0959235298820013,0.0520392258301003
15,1994,1046,303609.810933333,0.0159860586962358,0.0820089170761369,0.0513288270464419
15,1995,1048,307112.817408333,0.0180968241743678,0.0958621649967031,0.062860250931822
15,1996,1020,309907.53585,0.0129202484186704,0.105794130691514,0.0702035366731575
15,1997,998,311939.495891667,0.0219998276601156,0.0958756333430758,0.050648849482295
15,1998,964,313297.821533333,0.0259544529713075,0.0619887542518401,0.0419231386950533
15,1999,963,313056.906241667,0.0255069799583631,0.052923074457088,0.0305807703832488
15,2000,977,312535.208341667,0.0151211562693238,0.0550812901731717,0.0298261590786151
15,2001,1381,323536.423658333,0.022817528806162,0.047754312663261,0.0293312215598374
15,2002,1326,293285.259816667,0.0195596034622376,0.0610783126395931,0.0381882825398994
15,2003,1333,308986.99345,0.0105728721950081,0.0963665228834894,0.0667375496503012
15,2004,1509,328943.7612,0.0145419059098422,0.0887371112015687,0.0567006036947652
15,2005,1674,340830.857775,0.012451535597563,0.0565486684533812,0.029273683526781
15,2006,1640,346797.1545,0.0112552870585909,0.0633649632016613,0.0391457819761321
15,2007,1609,337644.358033333,0.0127959807576788,0.0936290602015006,0.0572618214204681
15,2008,1599,336454.413925,0.0138162587290935,0.0702010932411141,0.0450928458073827
15,2009,1561,320240.800325,0.0339983742097109,0.0540380044717527,0.0363064333564006
15,2010,1584,317815.023866667,0.0460301775448393,0.0460301775448393,0.0314640849206525
15,2011,1560,321537.240375,0.0491973357628839,0.0491973357628839,0.0315403891625089
15,2012,1517,331793.225925,0.0431087501664862,0.0431087501664862,0.0261087652583907
15,2013,1488,325656.7362,0.0455052887576863,0.0455052887576863,0.0254050758472637
15,2014,1474,335286.829366667,0.0494404616876212,0.0494404616876212,0.0306439967467294
15,2015,1519,355485.823325,0.0265008971953307,0.0488849201377174,0.0318493468856252
15,2016,1498,363367.62585,0.0143754655617641,0.0695760557438958,0.0454376169167833
15,2017,1508,371948.639408333,0.016643784434452,0.112490947607418,0.0758942259785404
15,2018,1339,352531.850333333,0.0201096345903596,0.142024373597237,0.0936695071252243
15,2019,1313,352073.552508333,0.0114359037469537,0.102960329146399,0.0804299796588567
15,2020,989,302997.2779,0.0074414307139226,0.0806467617278881,0.0640982749403109
15,2021,1004,311610.8908,0.00977217727804354,0.050167433097517,0.0340549871810407
15,2022,1043,327150.187275,0.00256185988657911,0.0641451434730804,0.0423043492102084
15,2023,1119,358149.607075,0.0050665910906705,0.0832096723304774,0.0563063587393811
15,2024,1079,343257.655716667,0.00532001960603225,0.0900041717025374,0.0690686437388676
15,2025,947,346078.1935,0.000910198610676378,0.0731172509639002,0.0540667396101837
15,2026,686,359210.5097375,0.00141757381450814,0.158414800743397,0.125112976567256
16,1982,1127,190690.296666667,0.137942484715487,0.137942484715487,0.0923557786693184
16,1983,1176,196735.170833333,0.140206005785146,0.140206005785146,0.0906931803691007
16,1984,1237,208857.005833333,0.160788633189533,0.160788633189533,0.0923910552565576
16,1985,1272,211707.789166667,0.138706197894695,0.138706197894695,0.0866435724394914
16,1986,1292,224334.245,0.142929188839032,0.142929188839032,0.0864868179176122
16,1987,1264,221743.138333333,0.0859632650188807,0.0859632650188807,0.0553810334739933
16,1988,1384,243344.361666667,0.0836769404772936,0.0836769404772936,0.0481038540876541
16,1989,1358,239564.916666667,0.0748179320914756,0.0748179320914756,0.0419816340664795
16,1990,1408,245440.101666667,0.0720435924960673,0.0720435924960673,0.0346490173186247
16,1991,1410,264616.464166667,0.11889147789453,0.11889147789453,0.0740999622292965
16,1992,1395,280275.6425,0.0988883886571294,0.0988883886571294,0.060520772272722
16,1993,1449,294830.660833333,0.0773849552672457,0.0773849552672457,0.0406591729620342
16,1994,1494,306028.371991667,0.0629071729516773,0.0629071729516773,0.0366396134080405
16,1995,1397,311577.991691667,0.0590218582196858,0.0590218582196858,0.0313040820492827
16,1996,1456,332522.875775,0.0718005976862631,0.0718005976862631,0.0421151394743217
16,1997,1563,348138.362391667,0.0758817152999636,0.0758817152999636,0.0418265435710623
16,1998,1616,365645.932866667,0.0773283164808977,0.0773283164808977,0.0473262310463335
16,1999,1601,368381.455266667,0.0626661389391123,0.0626661389391123,0.0313247321312091
16,2000,1576,361904.266966667,0.0379180361195647,0.0379180361195647,0.020117801371499
16,2001,1613,378356.3801,0.0339226191893678,0.0339226191893678,0.0166005357347834
16,2002,1599,378396.671391667,0.0431465765760774,0.0431465765760774,0.0201945280206332
16,2003,1478,368329.17195,0.0320051550291006,0.0320051550291006,0.00773955499707287
16,2004,1376,383119.683625,0.0323128583463333,0.0323128583463333,0.0146636830868207
16,2005,1422,415138.104475,0.0308303449792592,0.0308303449792592,0.0145914641851387
16,2006,1384,424632.722058333,0.0308663556429034,0.0308663556429034,0.0148063905740868
16,2007,1325,423517.378758333,0.0271793650091708,0.0271793650091708,0.00958383314414769
16,2008,1247,410952.057191667,0.0377752487668565,0.0377752487668565,0.0224630261327408
16,2009,1161,387820.499525,0.0750584726756823,0.0750584726756823,0.0434088889377583
16,2010,1130,396108.938383333,0.0755439036260984,0.0755439036260984,0.0510252169074769
16,2011,1111,379401.788366667,0.05185430365619,0.05185430365619,0.0361107473969681
16,2012,1151,405184.278975,0.0755601673040783,0.0755601673040783,0.0501318176585029
16,2013,1132,411504.043775,0.0691995649190669,0.0691995649190669,0.0516214181561761
16,2014,1229,412065.544733333,0.0530550024854614,0.0530550024854614,0.0315866945595345
16,2015,1559,457881.157925,0.047257062832763,0.047257062832763,0.0299086794785948
16,2016,1726,458781.789783333,0.04512362484231,0.04512362484231,0.0295002820180048
16,2017,1730,476887.624141667,0.0328492989199758,0.0328492989199758,0.0143672655844905
16,2018,1698,485574.764966667,0.0231816655308259,0.0231816655308259,0.0096748822336127
16,2019,1741,524504.388391667,0.0168388731574757,0.0168388731574757,0.0098788880792562
16,2020,1507,478035.456541667,0.0138197688607871,0.0138197688607871,0.00666488985925035
16,2021,1550,507419.3424,0.0217041324037368,0.0217041324037368,0.0100497495507639
16,2022,1510,536795.500016667,0.0117050182048935,0.0117050182048935,0.00554357059607915
16,2023,1368,504363.599508333,0.0162753250327119,0.0162753250327119,0.00612042062117331
16,2024,1501,543723.060058333,0.0116810016438367,0.0116810016438367,0.000495557625060864
16,2025,1306,577589.158072727,0.00778037457454171,0.00778037457454171,0.00324650616693233
16,2026,851,526858.7284125,0.0112014636120433,0.0112014636120433,0.00427585954927221
17,1982,4066,2638179.96916667,0.103764365597774,0.103764365597774,0.0700380017636546
17,1983,3804,2579530.0225,0.103212312001691,0.103212312001691,0.0724598082608024
17,1984,3826,2605712.06583333,0.103808812395967,0.103808812395967,0.061486658970291
17,1985,4409,2779494.64916667,0.101117378207917,0.101117378207917,0.0651540889711595
17,1986,4440,2826597.73666667,0.0795617134512647,0.0795617134512647,0.0506714729780539
17,1987,4546,2909268.69833333,0.0690432914573132,0.0690432914573132,0.0442199008317909
17,1988,4554,2941968.10916667,0.0627653158185676,0.0627653158185676,0.0367656438319805
17,1989,4732,3032867.12166667,0.0507390374058882,0.0507390374058882,0.0298949532558183
17,1990,4737,3019851.96916667,0.0494546928761806,0.0494546928761806,0.0270583017537386
17,1991,4673,2978351.575,0.074998713004525,0.074998713004525,0.0516364008615515
17,1992,4688,3095351.4775,0.0752072842213549,0.0752072842213549,0.0500942661796098
17,1993,4478,3061936.13666667,0.0553258923783715,0.0553258923783715,0.0335050619676489
17,1994,4549,3179603.01966667,0.0568072400231908,0.0568072400231908,0.0354596054347962
17,1995,4527,3169341.79150833,0.0497554865011742,0.0497554865011742,0.0284333308337964
17,1996,4040,3197494.31638333,0.0420737072861581,0.0420737072861581,0.0247713159626784
17,1997,3882,3091958.89533333,0.0625337663905637,0.0625337663905637,0.0408810345762072
17,1998,3948,3158816.24335833,0.0595974701849656,0.0595974701849656,0.0360664413020356
17,1999,4096,3260421.96498333,0.0436391522052762,0.0436391522052762,0.0240280506658491
17,2000,4148,3374362.35443333,0.0367080405291766,0.0367080405291766,0.0184758172413692
17,2001,3983,3279605.85169167,0.0302432439172038,0.0302432439172038,0.0164108637898987
17,2002,3747,3163906.71816667,0.0288419581376102,0.0288419581376102,0.0144647536026343
17,2003,3619,3111001.775725,0.0229112961263812,0.0229112961263812,0.0111056030015546
17,2004,3605,3180355.85888333,0.025267831871352,0.0401930427747423,0.0199096159390894
17,2005,3348,3205236.68895833,0.0237623150589915,0.0864457850220044,0.0574105577186364
17,2006,3147,3249634.84898333,0.0230788190269429,0.0833161412560055,0.0596594227073401
17,2007,3183,3329356.27625833,0.0207648096824776,0.105598646172862,0.0753595866932282
17,2008,3068,3206608.57189167,0.0235141894391512,0.125060043412708,0.0919361824958949
17,2009,2961,3055404.63476667,0.0384009643867111,0.130469140133636,0.0898316941838684
17,2010,3047,3143885.53265833,0.0396852030432663,0.144354893883893,0.105088312880561
17,2011,2886,3098648.07079167,0.0351392517814545,0.144011698921112,0.106699234479548
17,2012,2927,3070365.83221667,0.0278240898322063,0.127862741332218,0.0969799240155565
17,2013,2867,3032413.81805,0.0318091033538515,0.118861835475052,0.0847728324252835
17,2014,2974,3151925.78633333,0.0354802599709772,0.115013796355397,0.0831039594198
17,2015,2805,3143281.441625,0.0285538964163726,0.10362415555444,0.0769481558922362
17,2016,2767,3104101.21664167,0.0228894481229375,0.106483408969164,0.0759505273172333
17,2017,2710,3148135.06806667,0.0241767077055798,0.0916894362113884,0.0683287835175707
17,2018,2646,3278367.65818333,0.0164480616846212,0.0895527437540936,0.064687742812282
17,2019,2385,3156904.45076667,0.0237547081731034,0.0973421749562416,0.0629074412309515
17,2020,2027,2812926.0129,0.0110392599553846,0.121501360401103,0.100692551137522
17,2021,1950,2822939.65180833,0.0100323290676293,0.141815314165578,0.115562988744501
17,2022,1829,2868648.23626667,0.00716788898689095,0.11995383154965,0.0915645304366448
17,2023,1897,3022306.691875,0.00528396885881863,0.124433419401486,0.101210738593805
17,2024,1862,3015419.70395833,0.0050344931906953,0.111037544625096,0.09026715827519
17,2025,1549,3026134.89572727,0.0037788668214003,0.166756795386315,0.14178891895954
17,2026,992,2897864.541175,0.00284055327916133,0.134857986949432,0.114545084478107
18,1982,2292,1341637.25583333,0.121698476462317,0.121698476462317,0.0797865390722506
18,1983,2237,1372418.12,0.123215333725459,0.123215333725459,0.0834171027509702
18,1984,2257,1438553.80583333,0.112273672127107,0.112273672127107,0.0713826914805696
18,1985,1977,1456711.08166667,0.103066765301798,0.103066765301798,0.0653476310651942
18,1986,1873,1528082.5725,0.0939311483662205,0.0939311483662205,0.0583421308100373
18,1987,1830,1553904.44833333,0.0847339584755184,0.0847339584755184,0.0574685427166693
18,1988,1650,1656125.08416667,0.069989587607141,0.069989587607141,0.0412801086022638
18,1989,1586,1689449.4175,0.0583149855289073,0.0583149855289073,0.0316813845459014
18,1990,1519,1627628.50916667,0.0697367367271339,0.0697367367271339,0.0393298135740496
18,1991,1458,1606544.53,0.0919041409950834,0.0919041409950834,0.0630685853652207
18,1992,1469,1700504.45083333,0.0829218367707879,0.0829218367707879,0.0604307753794123
18,1993,1541,1724318.355,0.0619909845476301,0.0619909845476301,0.0391335711322287
18,1994,1553,1768208.90699167,0.0501728271986839,0.0501728271986839,0.0298546324567569
18,1995,1528,1934369.61031667,0.0457643227382871,0.0457643227382871,0.0247893326991853
18,1996,1564,1892323.02711667,0.0416118022953587,0.0416118022953587,0.0290891663286511
18,1997,1564,1856595.50591667,0.0532875069231373,0.0532875069231373,0.039541783737695
18,1998,1496,1773281.97544167,0.0533269208082078,0.0533269208082078,0.0350430271302581
18,1999,1505,1826419.40095,0.0353583077905014,0.0353583077905014,0.0246201144627265
18,2000,1525,1829675.73144167,0.0332639775020195,0.0332639775020195,0.0195442009990246
18,2001,2069,1784538.57531667,0.020316379768871,0.020316379768871,0.014435770212343
18,2002,2239,1799007.94858333,0.0281784064461302,0.0281784064461302,0.0214580487801989
18,2003,2309,1785791.90774167,0.0248473840835765,0.0248473840835765,0.0148993319161774
18,2004,2169,1777744.5721,0.0198038611175425,0.0198038611175425,0.00638707636154978
18,2005,2023,1792751.39230833,0.0197338469619674,0.0197338469619674,0.0107836663891478
18,2006,1819,1826259.37320833,0.0187865650976654,0.0187865650976654,0.00856472039941121
18,2007,1772,1823297.5608,0.0215041005335392,0.0215041005335392,0.0121254841047263
18,2008,1792,1810095.91544167,0.0385072751561856,0.0385072751561856,0.0227982553426904
18,2009,1635,1668573.64314167,0.0694421831442228,0.0694421831442228,0.0455383699998203
18,2010,1577,1610457.59379167,0.0783043256118464,0.0783043256118464,0.0521265894697378
18,2011,1608,1732220.557425,0.0624724070901224,0.0624724070901224,0.0408521467556038
18,2012,1650,1786104.99163333,0.0522863668779062,0.0522863668779062,0.0374764540374463
18,2013,1593,1733080.17170833,0.0635872526887808,0.0635872526887808,0.040659669880634
18,2014,1699,1843315.3049,0.0605371060610384,0.0605371060610384,0.0412317462624532
18,2015,1704,1779272.088625,0.038007781004381,0.038007781004381,0.0258813834382428
18,2016,1841,1895139.6125,0.034307218478519,0.034307218478519,0.0231327416253878
18,2017,1848,1937150.85679167,0.0289007820964049,0.0289007820964049,0.0181879101988747
18,2018,1802,1956281.09050833,0.026141811550734,0.026141811550734,0.0169312613794132
18,2019,1643,1910572.577025,0.0168088009162884,0.0168088009162884,0.00890574759521982
18,2020,1313,1657962.00784167,0.0143031828209407,0.0143031828209407,0.0101089186427248
18,2021,1381,1698486.40294167,0.0175342421239013,0.0175342421239013,0.00921505991916825
18,2022,1302,1788580.697675,0.0191698050226285,0.0191698050226285,0.0110469329912543
18,2023,1250,1841635.16704167,0.0146092722234913,0.0146092722234913,0.00487716045451152
18,2024,1289,1873786.18950833,0.0122138306848864,0.0122138306848864,0.00303278626370802
18,2025,1120,1998174.85321818,0.0163726082384364,0.0163726082384364,0.00598471924553554
18,2026,731,1936716.03325,0.0121393452544755,0.0121393452544755,0.00633469766056113
19,1982,1687,667938.0875,0.143878842912468,0.143878842912468,0.083841618030204
19,1983,1717,694049.275833333,0.15353557551379,0.15353557551379,0.103197936842935
19,1984,1591,670167.293333333,0.146266569270753,0.146266569270753,0.0987323809416184
19,1985,1437,694848.039166667,0.130755480400621,0.130755480400621,0.0806185432052867
19,1986,1437,719897.035,0.130678626608503,0.130678626608503,0.0833682243183569
19,1987,1494,752278.914166667,0.100477416345502,0.100477416345502,0.0616710337876821
19,1988,1515,773217.471666667,0.0933647293877001,0.0933647293877001,0.0530134759435499
19,1989,1517,785161.301666667,0.0695091525153087,0.0695091525153087,0.0441300691035713
19,1990,1558,765582.143333333,0.0517521431392842,0.0598418857670762,0.0336214259403464
19,1991,1629,772366.275833333,0.103448796467012,0.13045319600206,0.0891567453007138
19,1992,1686,814251.565833333,0.0615849844251502,0.141008815929214,0.0967487188713103
19,1993,1691,849491.091666667,0.0434723981949546,0.119626152446115,0.0768797045752815
19,1994,1582,824519.766333333,0.0402137631853879,0.0805468414707288,0.0538755552186986
19,1995,1468,859516.704008333,0.0330494411675695,0.0710617138854439,0.0462142226921532
19,1996,1429,850165.664783333,0.040750119861046,0.0611279492567029,0.0398115448773064
19,1997,1448,877442.026491667,0.0600519976827975,0.0600519976827975,0.0410499911247892
19,1998,1487,892033.572333333,0.0606018972659615,0.0606018972659615,0.0408742720444479
19,1999,1483,912580.717658333,0.0435973194353961,0.0435973194353961,0.02769225648866
19,2000,1458,894653.055625,0.0305592160127747,0.0305592160127747,0.0190716512779883
19,2001,1923,866711.503833333,0.0187505487252174,0.0187505487252174,0.010801904497932
19,2002,2261,898972.336641667,0.0310116049983036,0.0310116049983036,0.0145676336184674
19,2003,2182,888576.3329,0.0242213330036503,0.0242213330036503,0.0142973214713823
19,2004,2172,881301.623158333,0.0282211186516011,0.0282211186516011,0.0112671576118074
19,2005,2330,921629.957275,0.0210064002066973,0.0210064002066973,0.00968549960086619
19,2006,2359,940532.220058333,0.0221258163883452,0.0221258163883452,0.00679231607426532
19,2007,2414,933415.064983333,0.026099236794264,0.0384687652957203,0.0150877849379738
19,2008,2367,927415.489041667,0.0233350855206902,0.0900966490610833,0.05996830467626
19,2009,2295,896521.897175,0.0515846547407933,0.0711956540245078,0.042682585449292
19,2010,2369,946924.82885,0.0645496451119907,0.0645496451119907,0.0430156161914858
19,2011,2328,943423.468375,0.0562624749429082,0.0562624749429082,0.0349565598381864
19,2012,2266,920514.181175,0.0499687429489535,0.0499687429489535,0.0319494937464835
19,2013,2263,923059.215075,0.0549923792493373,0.0549923792493373,0.0356406582366372
19,2014,2148,995846.076216667,0.0506434006765392,0.0506434006765392,0.0277998113558968
19,2015,1462,931589.773808333,0.0377949241160062,0.0377949241160062,0.0203715938068801
19,2016,1367,979546.685691667,0.0229332915280818,0.0272862331869975,0.016091771314813
19,2017,1320,960731.916291667,0.0162780121261066,0.01772103393565,0.0105852970818892
19,2018,1268,951098.8374,0.0215232609675918,0.0215232609675918,0.0111717822661277
19,2019,1281,952465.178216667,0.0219957234613998,0.0219957234613998,0.0122259258217393
19,2020,1065,860874.732575,0.0139331553954687,0.0139331553954687,0.00801393073108805
19,2021,1030,907893.458916667,0.0106726044741292,0.0106726044741292,0.00635909264458815
19,2022,1030,976568.035591667,0.0194458174268366,0.0194458174268366,0.00499901135617474
19,2023,1009,923793.288191667,0.0135527892008265,0.0135527892008265,0.00389816214409738
19,2024,947,858657.269466667,0.00697983803291999,0.00697983803291999,0.00274374508950468
19,2025,898,934823.693145455,0.00737409591056939,0.00737409591056939,0.00543114401819181
19,2026,612,893526.5281875,0.00596587887358326,0.00596587887358326,0.00175357925934036
20,1982,1349,575105.490833333,0.120254449434059,0.120254449434059,0.0815279919609068
20,1983,1295,552202.095833333,0.104830487672527,0.104830487672527,0.072571827058214
20,1984,1393,583807.921666667,0.0902982822663709,0.0902982822663709,0.0620199146949453
20,1985,1441,638299.700833333,0.0861948168885311,0.0861948168885311,0.0571307529243568
20,1986,1366,611990.4375,0.0876527979518743,0.0876527979518743,0.0577914857806363
20,1987,1397,629951.7075,0.0939898343980069,0.0939898343980069,0.0580898404290247
20,1988,1438,672100.710833333,0.0759565741817217,0.0759565741817217,0.0493279806120524
20,1989,1448,655120.226666667,0.0666519351043494,0.0666519351043494,0.0440025326547186
20,1990,1474,646847.754166667,0.0687385834563428,0.0687385834563428,0.0443660928172685
20,1991,1442,645152.464166667,0.112698581402639,0.112698581402639,0.0772261601207013
20,1992,1484,670991.946666667,0.0757382214781077,0.0757382214781077,0.0458351825027368
20,1993,1425,679340.295833333,0.0665692514890871,0.0665692514890871,0.0402190222890932
20,1994,1373,697609.784525,0.0580305488440999,0.0580305488440999,0.0365349912043174
20,1995,1335,694936.939441667,0.074397432053147,0.074397432053147,0.0494522566838139
20,1996,1373,724119.310708333,0.0632374287144386,0.0632374287144386,0.0416248515094136
20,1997,1334,708897.522008333,0.0695812182795115,0.0695812182795115,0.0455002708764171
20,1998,1380,743261.651833333,0.0553569230277283,0.0553569230277283,0.0384698504841984
20,1999,1388,777942.301708333,0.0469379135549612,0.0469379135549612,0.0323699727083889
20,2000,1387,755804.313466667,0.0418112537578953,0.0418112537578953,0.028756840246531
20,2001,1739,752472.969225,0.0350411918036386,0.0350411918036386,0.0167953223795087
20,2002,2052,783748.5102,0.030446803106408,0.030446803106408,0.0157682789685257
20,2003,2006,761387.803616667,0.0311613492545671,0.0311613492545671,0.0164215580184964
20,2004,2048,796065.397041667,0.0264041767210487,0.0264041767210487,0.0174277959573303
20,2005,1758,770066.399333333,0.0345211976067009,0.0345211976067009,0.0215279933081338
20,2006,1645,779017.014516667,0.0290627915840585,0.0290627915840585,0.0128327563203086
20,2007,1674,796157.4422,0.034120792270602,0.034120792270602,0.0211672973293221
20,2008,1638,790828.451325,0.0421473647065784,0.0421473647065784,0.0226265157696589
20,2009,1659,808912.090283333,0.0631012288662764,0.0631012288662764,0.0458927295222695
20,2010,1553,771442.838891667,0.07569835150357,0.07569835150357,0.0486846496351678
20,2011,1611,801452.852983333,0.0700091007114636,0.0700091007114636,0.0423392194026403
20,2012,1529,778902.300258333,0.0564280992435415,0.0564280992435415,0.0409118043723384
20,2013,1527,775178.635275,0.0453432475008774,0.0453432475008774,0.0267144166724704
20,2014,1588,814884.549941667,0.0491205026256362,0.0491205026256362,0.0278846459312876
20,2015,1349,797042.337125,0.0415215248720343,0.0415215248720343,0.0201315475070976
20,2016,1349,816336.087941667,0.0439625260213877,0.0439625260213877,0.029338213935947
20,2017,1348,824816.749616667,0.0306687783115741,0.0306687783115741,0.0166353062338314
20,2018,1283,807745.301966667,0.022958592584628,0.022958592584628,0.0145994454827379
20,2019,1248,797663.416816667,0.0265859598521291,0.0265859598521291,0.0135958222850602
20,2020,1168,804526.489266667,0.0210773593551366,0.0210773593551366,0.0119218559234878
20,2021,1030,735721.181108333,0.0147761547841033,0.0147761547841033,0.00609958652167608
20,2022,942,773646.96225,0.0124288052701737,0.0124288052701737,0.00485070516628486
20,2023,931,777087.796008333,0.00514572960164866,0.00514572960164866,0.00095641881841971
20,2024,990,791423.319575,0.0116804243965975,0.0116804243965975,0.0064700206872218
20,2025,905,851995.793618182,0.00917731129279012,0.00917731129279012,0.00201544940837038
20,2026,656,830535.459625,0.0120298787778564,0.0120298787778564,0.0026282714358585
21,1982,1428,787459.22,0.183034940738476,0.183034940738476,0.14018210894358
21,1983,1423,788105.763333333,0.152184990788609,0.152184990788609,0.108965171929187
21,1984,1419,855498.269166667,0.154684181062774,0.154684181062774,0.110887356626768
21,1985,1316,878648.886666667,0.151156034773481,0.151156034773481,0.112127752615449
21,1986,1286,891789.188333333,0.135426908152712,0.135426908152712,0.0986318182787717
21,1987,1258,873763.615,0.11944244401464,0.11944244401464,0.0856901659457022
21,1988,1279,920912.233333333,0.0977166037936225,0.0977166037936225,0.0699769263209194
21,1989,1274,933592.698333333,0.0955364735884226,0.0955364735884226,0.058916339282495
21,1990,1284,959700.845833333,0.106342931872742,0.106342931872742,0.0634329709071711
21,1991,1273,909607.108333333,0.124843476148076,0.124843476148076,0.086499720717332
21,1992,1266,892935.4325,0.10395740082435,0.10395740082435,0.0758306200375804
21,1993,1304,953143.4525,0.112911045080419,0.112911045080419,0.0826672196719168
21,1994,1327,1009069.68255833,0.084920296311363,0.084920296311363,0.0668765044341711
21,1995,1248,1031677.19085,0.0686794804082943,0.0686794804082943,0.05257662901349
21,1996,1209,1016018.07233333,0.057706159053535,0.057706159053535,0.0429369305244218
21,1997,1246,1018318.13704167,0.0853607419804242,0.0853607419804242,0.0629184716799806
21,1998,1310,1087908.6052,0.0572225807870648,0.0572225807870648,0.0431376009902711
21,1999,1355,1103689.827375,0.0440012498488849,0.0440012498488849,0.0314560922119809
21,2000,1327,1108402.51613333,0.0471250151439118,0.0471250151439118,0.0304669148392698
21,2001,1397,1035735.67226667,0.0430063480007909,0.0430063480007909,0.0315214671312337
21,2002,1550,1061235.06979167,0.0455899360900608,0.0455899360900608,0.0290507509701744
21,2003,1515,1102759.28130833,0.0328875258995528,0.0328875258995528,0.0228085268408038
21,2004,1634,1147596.64448333,0.0384862382722325,0.0384862382722325,0.0228970809209393
21,2005,1569,1120434.44973333,0.0312545797748375,0.0312545797748375,0.0194651024997705
21,2006,1653,1172812.072625,0.0203984400258211,0.0203984400258211,0.0118740941111141
21,2007,1619,1151853.19734167,0.0322843032377353,0.0329780524804145,0.0228712141392086
21,2008,1543,1100526.01778333,0.0436228788090784,0.0436228788090784,0.0308446807570308
21,2009,1484,1070061.86161667,0.0803482539038478,0.0803482539038478,0.0552995782666861
21,2010,1533,1117227.84081667,0.0793808436619687,0.0793808436619687,0.0552621715204805
21,2011,1470,1075001.60371667,0.0584041316927013,0.0584041316927013,0.044321857336712
21,2012,1556,1149896.81778333,0.0524160729405174,0.0524160729405174,0.0366305322126186
21,2013,1547,1151459.48679167,0.0433453930620403,0.0433453930620403,0.031777086155778
21,2014,1505,1144496.29448333,0.0483872613803438,0.0483872613803438,0.0322122745127014
21,2015,1280,1090463.87740833,0.0362810307258366,0.0362810307258366,0.023892667070203
21,2016,1195,1067149.72476667,0.0479022090936463,0.0479022090936463,0.032845773702777
21,2017,1290,1173141.90326667,0.0428003987924951,0.0428003987924951,0.0280353144833414
21,2018,1187,1156020.20261667,0.0259185024395305,0.0259185024395305,0.0183067009645946
21,2019,1032,1110071.18414167,0.0275441752100869,0.0275441752100869,0.0204048362831021
21,2020,903,1008390.78904167,0.0168958295667547,0.0168958295667547,0.0124029690118645
21,2021,954,1085698.18188333,0.0198375400589133,0.0198375400589133,0.0109719699333653
21,2022,823,1059294.06396667,0.0116259249459184,0.0116259249459184,0.00782195798143741
21,2023,776,1101291.002575,0.0125220098588134,0.0125220098588134,0.00721838088789672
21,2024,778,1144059.23278333,0.016295473942648,0.016295473942648,0.00122407511185092
21,2025,688,1165908.46916364,0.013731023805787,0.013731023805787,0.00265882757771958
21,2026,515,1172487.5552125,0.00957904685219832,0.00957904685219832,0.00671734139307992
22,1982,1282,788680.0025,0.182448317074791,0.182448317074791,0.147927705740622
22,1983,1241,808814.115833333,0.155223061610369,0.155223061610369,0.127742615776285
22,1984,1237,851937.059166667,0.155829465613956,0.155829465613956,0.129795810199285
22,1985,1142,879260.1,0.122190673916247,0.122190673916247,0.0930296753675808
22,1986,988,866972.714166667,0.124699712651568,0.124699712651568,0.0988102857989119
22,1987,949,884586.589166667,0.149375345634032,0.149375345634032,0.114116902633313
22,1988,936,849120.810833333,0.124862370757287,0.124862370757287,0.101241473027023
22,1989,941,875908.71,0.0977792527792841,0.0977792527792841,0.0761458567601944
22,1990,944,861448.310833333,0.110657667598325,0.110657667598325,0.0815028297311083
22,1991,1012,910715.19,0.183670848475325,0.183670848475325,0.154300470710278
22,1992,951,879937.5375,0.156686164215378,0.156686164215378,0.126263550269328
22,1993,871,870989.828333333,0.120638685912553,0.120638685912553,0.10001420184974
22,1994,955,934372.558091667,0.117794361392766,0.117794361392766,0.0856435722457109
22,1995,1130,1000689.79121667,0.081611331029009,0.081611331029009,0.0626788470568294
22,1996,1145,1026530.97948333,0.0916511029107176,0.0916511029107176,0.0725729995544438
22,1997,1172,1019929.48405,0.110969275469491,0.110969275469491,0.0912090714486815
22,1998,1164,1055875.26880833,0.0932876314732715,0.0932876314732715,0.0674197730258504
22,1999,1274,1148494.71895,0.0902261381849488,0.0902261381849488,0.0732572460529786
22,2000,1158,1073868.38330833,0.0627336360663891,0.0627336360663891,0.0456829994601996
22,2001,1155,1090570.69405833,0.0468809980669307,0.0468809980669307,0.0310057573457266
22,2002,1148,1032957.92545,0.0514213067070088,0.0514213067070088,0.0393569441923681
22,2003,1121,1083086.43353333,0.0439668315248401,0.0439668315248401,0.0249628623699014
22,2004,1089,1068874.734675,0.0501170894139322,0.0501170894139322,0.0319702954578586
22,2005,983,1109292.52468333,0.037276840670863,0.037276840670863,0.0274470428877104
22,2006,911,994479.854758333,0.0333900087814273,0.0333900087814273,0.0172694131605513
22,2007,819,935431.440883333,0.0411340536319778,0.0411340536319778,0.0275404994412766
22,2008,838,953396.771491667,0.0609219424554215,0.0609219424554215,0.0372871990843643
22,2009,857,975472.450566667,0.0724327808119591,0.0724327808119591,0.0500698333800137
22,2010,838,981416.912216667,0.0888948933312649,0.0888948933312649,0.0629600865824751
22,2011,868,1008274.20289167,0.0742985908183375,0.0742985908183375,0.0555712554574008
22,2012,878,1044078.39026667,0.0712306329374418,0.0712306329374418,0.0492925372795575
22,2013,916,1001356.08959167,0.052419441124823,0.052419441124823,0.0405817118213204
22,2014,1181,1087931.16485833,0.0633645635803101,0.0633645635803101,0.0392839324586912
22,2015,1965,1092542.895275,0.0634185725259113,0.0634185725259113,0.0426030917348566
22,2016,2106,1092173.82680833,0.0512427434637852,0.0512427434637852,0.0310301995370444
22,2017,1986,1059518.38893333,0.0352596971245369,0.0352596971245369,0.0255533688303956
22,2018,1995,1093828.573025,0.0444546925808718,0.0444546925808718,0.0230595893226469
22,2019,1968,1086203.68893333,0.0458937822616125,0.0458937822616125,0.0289151971632898
22,2020,1618,989254.062116667,0.0322126559751663,0.0322126559751663,0.0227265690324574
22,2021,1677,1044483.02725,0.0305049921049351,0.0305049921049351,0.0207333719585182
22,2022,1586,1058267.22709167,0.0265810040742794,0.0265810040742794,0.0175682182146888
22,2023,1485,1033509.25755833,0.0182181305543561,0.0182181305543561,0.0109607368379352
22,2024,1451,1070315.94048333,0.0204572422934413,0.0204572422934413,0.0122390298006317
22,2025,1323,1094087.57162727,0.0257739832835107,0.0257739832835107,0.00739066253649706
22,2026,821,1106151.450825,0.0148939313533536,0.0148939313533536,0.0042691175417055
23,1982,1433,271297.710833333,0.114563861367881,0.114563861367881,0.0780113720888289
23,1983,1459,276192.259166667,0.113589069300219,0.113589069300219,0.0870561629999339
23,1984,1479,298687.678333333,0.118287981269086,0.118287981269086,0.0820528044659269
23,1985,1335,311818.671666667,0.0501035396089681,0.0938194993593579,0.0581252101949443
23,1986,1202,306224.545,0.0394936554372762,0.0601281161181903,0.0382562600699867
23,1987,1301,320522.284166667,0.0310409566660889,0.076170174553724,0.0490748431867352
23,1988,1306,330280.548333333,0.0327404789289009,0.0608399488497478,0.0324152730782728
23,1989,1314,336979.688333333,0.0261552658468095,0.0471347177586811,0.0273455181000449
23,1990,1309,351654.8925,0.0284084132286031,0.0300840214624153,0.0122716573133796
23,1991,1219,342275.2275,0.0536757902916983,0.0536757902916983,0.0359163494140594
23,1992,1266,362287.378333333,0.0624287343490902,0.0624287343490902,0.039088607590511
23,1993,1162,338442.191666667,0.0527619647895063,0.0527619647895063,0.028310172025193
23,1994,1042,311595.886533333,0.0443161353539118,0.0443161353539118,0.028619749790501
23,1995,1084,340680.89805,0.0498067595574721,0.0498067595574721,0.0347661511631383
23,1996,1193,381741.433908333,0.0537781520023917,0.0537781520023917,0.0369237327668532
23,1997,1180,375712.14995,0.0555476911276644,0.0555476911276644,0.0336007527793464
23,1998,1169,365650.948341667,0.0526055628432094,0.0526055628432094,0.0297273502438082
23,1999,1203,380427.883,0.0398263357140237,0.0398263357140237,0.0274571341028649
23,2000,1220,392864.558508333,0.0315517462440441,0.0315517462440441,0.0154150404649907
23,2001,1777,386440.746425,0.0255877191172931,0.0255877191172931,0.0120597231307693
23,2002,2008,390483.506883333,0.0269186302529473,0.0419522389197719,0.0246704175426583
23,2003,2113,392383.712841667,0.021344964956228,0.064662918875802,0.0396346631057598
23,2004,2163,396163.853816667,0.0204299081605398,0.0512064336626426,0.0306780419883813
23,2005,2426,409292.433866667,0.0201724007298809,0.047458918390352,0.0300671764205532
23,2006,2281,397168.26825,0.0219846590593448,0.0623624915558697,0.0369813376323273
23,2007,2280,398314.468008333,0.0223823873456357,0.0518208065473404,0.025956003456337
23,2008,2204,396459.710866667,0.0189440875347673,0.05369212978405,0.0320524528345
23,2009,2128,365496.738208333,0.026599761731549,0.0502199498367913,0.030708582576376
23,2010,2165,369143.52385,0.0382666177128258,0.0727010445786352,0.0410979516407048
23,2011,2062,381224.539141667,0.0356642509747103,0.0671142469368308,0.037501765841698
23,2012,1946,378054.568875,0.0291027893788119,0.0569145553000339,0.0342877325141369
23,2013,1922,389203.591333333,0.0327354071032236,0.0634447749837224,0.0409534593545983
23,2014,1665,387098.039241667,0.0307525846208212,0.0514726007715428,0.0283078239166494
23,2015,1039,359833.960358333,0.0273847107339558,0.0458713488768434,0.0218926520317551
23,2016,895,363118.47045,0.0248830939770225,0.0353315256425838,0.0193207160222549
23,2017,894,366336.6203,0.0259715915347889,0.106835640813858,0.0724301535700625
23,2018,806,359101.514983333,0.0159180027647576,0.130908717257426,0.10120306461722
23,2019,785,381014.238125,0.0155219724528853,0.169350093649688,0.137223898833706
23,2020,699,351930.0601,0.0098251667978693,0.160899576373906,0.137415589249727
23,2021,648,357454.722391667,0.0122808623489289,0.0776429941419448,0.0646404317645276
23,2022,548,318668.958741667,0.00920763800858717,0.0655743978772866,0.0409198553094853
23,2023,595,359582.138933333,0.0105979510308951,0.0797709659191889,0.0607898214341489
23,2024,562,375127.409591667,0.0124726489730329,0.078727907869526,0.0481826203698131
23,2025,524,371130.5643,0.00558568417045305,0.0734951979319322,0.0604418489525383
23,2026,415,364114.1733,0.015382250089961,0.092564332691413,0.0869734353870042
24,1982,1811,999271.701666667,0.103244179230326,0.103244179230326,0.0702812065189057
24,1983,1881,1028175.81083333,0.112279235662139,0.112279235662139,0.0732043846071387
24,1984,1812,1029704.3425,0.0984486897347753,0.0984486897347753,0.0624628002544009
24,1985,1756,1106656.01166667,0.0827169176344193,0.0827169176344193,0.0530774726269315
24,1986,1621,1153849.21083333,0.073540744495302,0.073540744495302,0.0442781564121666
24,1987,1611,1206813.515,0.0389767366004349,0.0389767366004349,0.02341604880574
24,1988,1268,1199104.39833333,0.0375121056147017,0.0375121056147017,0.0209484136951829
24,1989,1193,1286887.45333333,0.042868215235481,0.042868215235481,0.0237091226750013
24,1990,1131,1259273.17166667,0.042664566652809,0.042664566652809,0.0220181535062032
24,1991,1128,1240922.06,0.0541273941894465,0.0541273941894465,0.0386372137129493
24,1992,1103,1252959.5825,0.0420737427631004,0.0420737427631004,0.0310929861937506
24,1993,1084,1318191.18583333,0.045865000957186,0.045865000957186,0.0301904404518084
24,1994,1087,1370046.68289167,0.0385565032208787,0.0385565032208787,0.0249749901425115
24,1995,1089,1284357.68993333,0.0408434236774463,0.0408434236774463,0.0290276273766086
24,1996,1122,1349429.70554167,0.0413238899583506,0.0413238899583506,0.0288989861592529
24,1997,1109,1361499.74104167,0.0602159560485423,0.0602159560485423,0.0328537456905995
24,1998,1020,1293078.52823333,0.0513264162301187,0.0513264162301187,0.0344489555499205
24,1999,1036,1310884.34093333,0.0379453301142629,0.0379453301142629,0.0222778534978969
24,2000,1060,1309410.60645,0.040884086488708,0.040884086488708,0.0216354230817933
24,2001,1525,1355932.14754167,0.0301831626365181,0.0301831626365181,0.0152770976993376
24,2002,1707,1345670.73185,0.0245816789974993,0.0245816789974993,0.0106172023513445
24,2003,1613,1333628.81009167,0.0208978681992363,0.0208978681992363,0.0143716322875098
24,2004,1710,1293257.03959167,0.0182050647867344,0.0182050647867344,0.0108531764402883
24,2005,2081,1315155.994225,0.0190831913300567,0.0190831913300567,0.0106212372800927
24,2006,2238,1315808.35716667,0.0162429356133758,0.0162429356133758,0.0054806424208526
24,2007,2199,1316497.25716667,0.0197895849192555,0.035945395449218,0.023114805513401
24,2008,2261,1339004.1712,0.0280975387786006,0.0328019305588155,0.0164713994855602
24,2009,2248,1295691.93340833,0.0541524716504926,0.0541524716504926,0.0363058338910785
24,2010,2181,1310614.39375,0.0589351759195368,0.0589351759195368,0.0416292404617123
24,2011,2179,1276903.10815,0.0514784601421861,0.0514784601421861,0.0324199073216893
24,2012,2108,1329589.71088333,0.0514275087447132,0.0514275087447132,0.027917099547955
24,2013,2119,1334639.14080833,0.0490853923395773,0.0490853923395773,0.0292115679933683
24,2014,1848,1314186.80131667,0.0395469553031552,0.0448818000220661,0.0317844355217618
24,2015,1373,1412703.91441667,0.021164163626138,0.0788535911794354,0.0639555660741367
24,2016,1191,1450467.19670833,0.0210590370601413,0.0985717230393986,0.0693577622115844
24,2017,1155,1457649.24946667,0.0278096156235792,0.157627979753978,0.12400633734954
24,2018,1099,1393694.94291667,0.0192791238641525,0.158162542942881,0.120684805413493
24,2019,1026,1455970.49156667,0.0170810737310385,0.167510266660167,0.140196602643386
24,2020,811,1251229.22175833,0.0157665439702118,0.148950427661391,0.121484891549066
24,2021,850,1306792.012075,0.0120246137269508,0.125998237435826,0.103078022086657
24,2022,816,1359717.9598,0.0106697614779371,0.111172372851672,0.091552510530672
24,2023,745,1324750.7124,0.0137574824740538,0.113139265678747,0.0946333699124519
24,2024,750,1387256.612575,0.00590267882003503,0.164345238286624,0.133407799703912
24,2025,640,1374625.60316364,0.00811482570682943,0.15862015487113,0.127850464780493
24,2026,484,1434454.9364875,0.0153930881781956,0.186248480514625,0.151786070190639
25,1982,2758,1503435.46,0.104280306119692,0.104280306119692,0.0738063125769296
25,1983,2774,1511124.5225,0.0946593411309469,0.0946593411309469,0.0630321990335291
25,1984,3241,1527759.43083333,0.0802091906794246,0.0802091906794246,0.0502626395994696
25,1985,4280,1570922.405,0.0725581997582285,0.0725581997582285,0.044572641277806
25,1986,4575,1557696.59333333,0.045659477999586,0.0518540016151798,0.031786927812887
25,1987,4531,1566441.5,0.0327508544047128,0.0477455924782381,0.0238485249316152
25,1988,4499,1599384.41166667,0.0272810566042708,0.0439180903942098,0.0273482642327491
25,1989,4397,1547359.9125,0.0231223941788225,0.0383621178588167,0.0198206170946886
25,1990,4321,1576852.0425,0.0257400322960231,0.0277105876068056,0.0117545524249781
25,1991,3987,1443352.28833333,0.051328010099932,0.051328010099932,0.0285852960732422
25,1992,4024,1455054.74083333,0.0443908241759168,0.0443908241759168,0.0231493094759507
25,1993,3969,1476181.09416667,0.0357893560905939,0.0357893560905939,0.0178386847458795
25,1994,4180,1549413.60481667,0.0384537812766376,0.0384537812766376,0.0179877612224988
25,1995,4367,1610870.88659167,0.0359283241641145,0.0359283241641145,0.0197679571953213
25,1996,2198,1585836.552125,0.034824461717696,0.0461209911378695,0.0265375925103637
25,1997,2332,1655412.081675,0.0363846802558001,0.0799164343817885,0.0601305317581598
25,1998,2351,1692664.91806667,0.0398755540033835,0.056466650115745,0.0316440572367852
25,1999,2353,1685014.79378333,0.0380581618254005,0.0494318339067217,0.0259658319537733
25,2000,2180,1639528.03374167,0.0358062229445538,0.0946685795987571,0.0658161180103386
25,2001,2130,1675191.351275,0.0184684780048874,0.0889680801160809,0.0657958798404992
25,2002,2130,1680214.59011667,0.0215823159761687,0.0792685993950443,0.0540763559514687
25,2003,2085,1659788.583325,0.0219593392693736,0.0735412725509948,0.0531453971073181
25,2004,1947,1678846.84446667,0.0255561204305665,0.0697071299479835,0.0458153776227485
25,2005,1716,1665348.33016667,0.017854834272834,0.0664616406340186,0.0464839022550031
25,2006,1530,1618656.98269167,0.0221365340010143,0.0496596098449878,0.0336405183683724
25,2007,1389,1504658.59165,0.0409111132750919,0.119314570708117,0.0884770895961274
25,2008,1446,1541328.3554,0.0235713986344189,0.112633404161923,0.0810769661682953
25,2009,1413,1525455.84144167,0.0389526135581283,0.111825188351865,0.080419192802764
25,2010,1407,1519271.43529167,0.0298336948259886,0.0969751507658553,0.0724379455684333
25,2011,1415,1542307.773625,0.0393551819582703,0.111202736957763,0.0768253328883302
25,2012,1415,1571861.02243333,0.0398967194172917,0.0942655774971889,0.0628378719918642
25,2013,1361,1577186.95079167,0.0346895038595166,0.0999982445618351,0.0746873518751466
25,2014,1489,1659489.570175,0.0336925877570317,0.0945787128388613,0.0613452232720357
25,2015,1725,1653491.453575,0.0291151780197673,0.126114614542341,0.0947720132921502
25,2016,1897,1653696.91173333,0.017903324770862,0.199921479396207,0.161923097445146
25,2017,1827,1569846.42179167,0.0255437858294236,0.227088549253202,0.182348054424092
25,2018,1864,1706804.10349167,0.0185597517665885,0.178300630748485,0.140922300333869
25,2019,1813,1757388.33661667,0.0146827734347037,0.20742062639009,0.167460299857936
25,2020,1371,1400249.379675,0.0139325367917878,0.179045211283381,0.146662080856863
25,2021,1454,1513795.03881667,0.0155045358507365,0.175001450101914,0.147918606201606
25,2022,1486,1582025.72021667,0.0124811142065139,0.156223673173163,0.127588220593124
25,2023,1460,1602389.966425,0.0125044184904024,0.217942517079126,0.182043088950732
25,2024,1475,1647604.587525,0.00713750486961923,0.149413744549068,0.119843890060183
25,2025,1298,1661264.29844545,0.00786581998445978,0.125153314241674,0.107253539216215
25,2026,870,1681073.82005,0.0105675394578875,0.105068466903938,0.0834201149898515
26,1982,3656,2143185.805,0.121973081019605,0.121973081019605,0.0759749806200307
26,1983,3725,2194822.93333333,0.134839110331877,0.134839110331877,0.0901973045266765
26,1984,3978,2288507.40666667,0.11901198099975,0.11901198099975,0.0777758840317321
26,1985,4651,2391191.46,0.109900937905937,0.109900937905937,0.0706767593312387
26,1986,4890,2431173.725,0.0877654691254118,0.0877654691254118,0.0567405352052056
26,1987,5107,2547037.3375,0.0831004638410279,0.0831004638410279,0.0536953135000257
26,1988,5130,2595514.81083333,0.0700956226130159,0.0700956226130159,0.0417370183034655
26,1989,5100,2626701.2675,0.0571195917948696,0.0571195917948696,0.0339807490752911
26,1990,5236,2601831.6325,0.0627652046966187,0.0627652046966187,0.03697778760863
26,1991,5080,2525232.7975,0.0856484232717558,0.0856484232717558,0.0534335313428992
26,1992,5108,2566292.29833333,0.0872112503105559,0.0872112503105559,0.0511454635358214
26,1993,5139,2662143.06416667,0.0662774200761813,0.0662774200761813,0.037692078367475
26,1994,5140,2736452.98100833,0.0612517128730533,0.0612517128730533,0.0312549759829912
26,1995,5206,2722848.1123,0.0484980730300283,0.0484980730300283,0.0254014848658757
26,1996,3765,2819228.09586667,0.0468972593782587,0.0468972593782587,0.027615300457293
26,1997,3824,2887535.149525,0.0582553371062298,0.0582553371062298,0.0382896563215358
26,1998,3873,2966430.65140833,0.064001443328825,0.064001443328825,0.0389103758850842
26,1999,3897,3009248.22946667,0.0466462080408738,0.0466462080408738,0.0245294682413363
26,2000,3825,2987935.47378333,0.0319141508532171,0.0319141508532171,0.0158970372436422
26,2001,3552,2924337.64930833,0.0326468761786955,0.0326468761786955,0.0161985630243042
26,2002,3348,2882073.93455,0.0300121766672069,0.0300121766672069,0.0100059030712673
26,2003,3375,2840370.4953,0.0329898091862964,0.0329898091862964,0.0138449233260489
26,2004,3276,2888337.19571667,0.0310065428848859,0.0310065428848859,0.0110703344231246
26,2005,3098,2867380.7902,0.0303746868388293,0.0303746868388293,0.0123480860230858
26,2006,2802,2829624.76265,0.0256126622564823,0.0336964705150649,0.0166446328608692
26,2007,2575,2675801.00324167,0.0213867245816628,0.07602400222845,0.045652844121072
26,2008,2527,2638678.85780833,0.0277162042412182,0.0868182550289365,0.0553056184258606
26,2009,2392,2439601.97936667,0.0453720612328747,0.0818583563653733,0.0554272912215393
26,2010,2401,2478418.96700833,0.055419959234118,0.0827911457894803,0.050978982259207
26,2011,2423,2555279.15276667,0.0466029208411138,0.0698897637850271,0.0466981586646356
26,2012,2380,2451036.05420833,0.0368955071141167,0.0564525548168752,0.0338835044194503
26,2013,2387,2530229.3678,0.0374695240504749,0.0598359823329531,0.0348718909167715
26,2014,2405,2614798.51780833,0.0377087915614923,0.07621884145222,0.0502613177063534
26,2015,2340,2708198.34660833,0.0369353244966735,0.0737284103439945,0.0406052435454193
26,2016,2439,2802889.80280833,0.0200571583009338,0.0929084343495829,0.062569693407479
26,2017,2337,2708436.879125,0.0203834117508283,0.0626511617486245,0.0402802022232267
26,2018,2343,2777946.93779167,0.0157877756872724,0.0829356627127717,0.0583985613564779
26,2019,2240,2781345.477225,0.0189302511192765,0.0600643685797513,0.0385752188596792
26,2020,1820,2418503.73934167,0.0134337601026453,0.0475259114641495,0.0344957870443661
26,2021,1803,2480842.66755,0.0140560890281839,0.045566876907181,0.0306044830357236
26,2022,1709,2522631.95858333,0.0153359480667403,0.0347582645683443,0.0212380853692799
26,2023,1734,2654688.61814167,0.0114786706559197,0.0358153992933794,0.021657305709516
26,2024,1643,2640247.27345,0.00839199251252237,0.0230342395716337,0.0114062659564136
26,2025,1367,2640680.97938182,0.0104190118025351,0.0552770261891751,0.0435385344804665
26,2026,866,2475342.252025,0.0144159318204615,0.0813057135524819,0.0668220203194873
27,1982,2036,1036251.57416667,0.124787885223711,0.124787885223711,0.071067675716253
27,1983,2059,1030515.51333333,0.106777971228601,0.106777971228601,0.0637001691392943
27,1984,2276,1130940.39916667,0.102636396004774,0.102636396004774,0.0641284044559498
27,1985,1780,1150862.67583333,0.0867649963198513,0.0867649963198513,0.0578043118409673
27,1986,1487,1161383.3525,0.0827656703187216,0.0827656703187216,0.0437267633384645
27,1987,1385,1172747.42083333,0.0674938413227023,0.0674938413227023,0.0355006081676844
27,1988,1417,1220420.2925,0.0394018078270633,0.0564981680959171,0.0247889977077985
27,1989,1417,1271763.015,0.0188054336522752,0.0512423148532381,0.0253810606110972
27,1990,1411,1265067.32333333,0.025588857527917,0.0541684900105593,0.0289089239169003
27,1991,1409,1299308.12166667,0.0570679319735851,0.069048125309122,0.0668495808537835
27,1992,1429,1315110.12583333,0.0572916013039265,0.0572916013039265,0.0572916013039265
27,1993,1472,1375672.23916667,0.0625838335969861,0.0625838335969861,0.0625838335969861
27,1994,1475,1447964.62849167,0.0463116515685792,0.0463116515685792,0.0463116515685792
27,1995,1482,1409368.5028,0.0347446000361498,0.0347446000361498,0.0347446000361498
27,1996,1563,1408436.411825,0.0465017999216125,0.0465017999216125,0.0465017999216125
27,1997,1629,1447277.754325,0.0525567208777713,0.0525567208777713,0.0525567208777713
27,1998,1630,1446679.12160833,0.0426889218688721,0.0426889218688721,0.0426889218688721
27,1999,1595,1440159.731575,0.028112890926149,0.028112890926149,0.028112890926149
27,2000,1637,1507736.18300833,0.0267055369414788,0.0267055369414788,0.0267055369414788
27,2001,2200,1563317.44875833,0.022996169217084,0.022996169217084,0.022996169217084
27,2002,2506,1606661.81934167,0.0194197783665833,0.0194197783665833,0.0194197783665833
27,2003,2446,1551299.45288333,0.0197487586571746,0.0197487586571746,0.0197487586571746
27,2004,2424,1529302.8339,0.02067848699246,0.02067848699246,0.02067848699246
27,2005,2888,1591823.97291667,0.0174006454260024,0.0348692143065908,0.0348692143065908
27,2006,2920,1569472.62788333,0.00826949560598821,0.0374182053778165,0.0374182053778165
27,2007,2902,1564797.47055,0.0142078125668572,0.042227089661924,0.042227089661924
27,2008,2836,1509249.026475,0.0296907404426115,0.0380724093574793,0.0380724093574793
27,2009,2729,1453945.30745833,0.0561612608221671,0.0561612608221671,0.0561612608221671
27,2010,2751,1496351.10816667,0.0594151929916555,0.0594151929916555,0.0594151929916555
27,2011,2810,1544956.75253333,0.0503967514984879,0.0503967514984879,0.0503967514984879
27,2012,2783,1521966.35915,0.0393086343139755,0.0393086343139755,0.0393086343139755
27,2013,2697,1534548.69319167,0.0414090633662696,0.0414090633662696,0.0414090633662696
27,2014,2405,1525882.06846667,0.0323498138902283,0.0581197842269141,0.0581197842269141
27,2015,1738,1601071.79184167,0.0149191123336141,0.0818487317325489,0.0818487317325489
27,2016,1399,1546053.51213333,0.0114517117364002,0.105480902274834,0.105480902274834
27,2017,1463,1652555.55483333,0.00782100225750262,0.087647282256082,0.087647282256082
27,2018,1407,1624415.86830833,0.00687084960369366,0.0679129559804285,0.0679129559804285
27,2019,1414,1699320.67691667,0.00583997183490596,0.050467133650297,0.050467133650297
27,2020,1164,1526581.337025,0.00703282124439958,0.0490740297070109,0.0490740297070109
27,2021,1117,1577130.6902,0.0100416121653125,0.0501267805671247,0.0501267805671247
27,2022,1123,1596368.82791667,0.0119519244757282,0.0392813730678828,0.0392813730678828
27,2023,1027,1510972.43758333,0.00321075509342799,0.0261530823740262,0.0261530823740262
27,2024,1154,1668969.23720833,0.00113244522399231,0.0256071897235726,0.0256071897235726
27,2025,971,1743346.81366364,0.00812211199324126,0.0212649040498574,0.0212649040498574
27,2026,670,1616660.7628375,0.00242346729602283,0.0162025974555881,0.0162025974555881
28,1982,1289,477341.219166667,0.242655135744502,0.242655135744502,0.208469502885988
28,1983,1241,476404.0225,0.193054572707769,0.193054572707769,0.165813032851404
28,1984,1216,498386.6925,0.193696816720951,0.193696816720951,0.162383805021038
28,1985,1264,534782.541666667,0.176920347920233,0.176920347920233,0.141239787418266
28,1986,1277,553699.12,0.131737500925292,0.131737500925292,0.100908748057971
28,1987,1278,570674.570833333,0.153570954117261,0.153570954117261,0.130471551514798
28,1988,1281,564822.2425,0.140349836110901,0.140349836110901,0.119637872913028
28,1989,1298,576604.44,0.122045475982345,0.122045475982345,0.0860318297236837
28,1990,1389,596205.326666667,0.111169760431191,0.111169760431191,0.0855401308669958
28,1991,1382,596066.8625,0.160605757546201,0.160605757546201,0.136426497231536
28,1992,1386,600490.315,0.161155614696855,0.161155614696855,0.133482133401824
28,1993,1419,627822.75,0.105609314093827,0.105609314093827,0.0875647757800005
28,1994,1322,630927.960125,0.106000389006509,0.106000389006509,0.0860919252797712
28,1995,1116,641935.535666667,0.0840914359008635,0.0840914359008635,0.0699504114329794
28,1996,1115,666677.23445,0.0817209628483562,0.0817209628483562,0.0609392951475986
28,1997,1120,668418.869258333,0.10989276611561,0.10989276611561,0.0891178829343379
28,1998,1037,642485.531708333,0.120865854496657,0.120865854496657,0.0906628927426857
28,1999,999,643786.661375,0.075549998653465,0.075549998653465,0.0561984002941707
28,2000,1066,708982.06665,0.064723463658007,0.064723463658007,0.0459384556258625
28,2001,982,680635.852716667,0.0489346927343416,0.0489346927343416,0.0356426496682048
28,2002,990,637928.427558333,0.0483928953594778,0.0483928953594778,0.0373514180102195
28,2003,1028,699969.158766667,0.0371598737114321,0.0371598737114321,0.0281715274685505
28,2004,970,657243.468133333,0.0238041819106008,0.0238041819106008,0.0157310972158177
28,2005,935,663091.307,0.0340513631053629,0.0340513631053629,0.0263451630123693
28,2006,863,651283.774591667,0.0278187242107984,0.0278187242107984,0.0178141619715217
28,2007,919,690933.7123,0.0471072080248047,0.0471072080248047,0.0287946542784434
28,2008,870,666679.490041667,0.059559790926199,0.059559790926199,0.0392947532504653
28,2009,864,644129.2584,0.0800377150150375,0.0800377150150375,0.0569041170650229
28,2010,869,663137.23735,0.0951322049773091,0.0951322049773091,0.0748331079601377
28,2011,885,683380.995658333,0.0818380382202317,0.0818380382202317,0.0573065083857162
28,2012,865,702451.154591667,0.0652688093333001,0.0652688093333001,0.0500103040313945
28,2013,769,637985.21435,0.0612035769613391,0.0612035769613391,0.0420478089146069
28,2014,1036,646517.363283333,0.0627034692759427,0.0627034692759427,0.0440252666694834
28,2015,1693,726524.185808333,0.0618172919116671,0.0618172919116671,0.0452631318989227
28,2016,1734,710328.444125,0.0477306830224118,0.0477306830224118,0.0323554420119616
28,2017,1704,705906.279808333,0.0401865132144299,0.0401865132144299,0.0276767263712468
28,2018,1673,722515.300858333,0.0306333090552404,0.0306333090552404,0.0145239188303237
28,2019,1603,731843.320191667,0.0398632924494816,0.0398632924494816,0.0273878971727865
28,2020,1365,651253.016533333,0.0285260314271662,0.0285260314271662,0.0172114837200035
28,2021,1390,697871.220666667,0.02225227053376,0.02225227053376,0.0161258849771491
28,2022,1293,693344.543975,0.0245087469945477,0.0245087469945477,0.012515218913027
28,2023,1193,684222.794,0.011270311976774,0.011270311976774,0.0040088246460845
28,2024,1166,708128.303358333,0.0133371084922646,0.0133371084922646,0.00770755497148675
28,2025,1023,695168.523563636,0.0114106326664116,0.0114106326664116,0.00890172685963873
28,2026,760,682684.66145,0.00635170131593411,0.00635170131593411,0.0052138619057881
29,1982,1889,1066762.34166667,0.148112209560328,0.148112209560328,0.099752897945146
29,1983,1900,1103573.31666667,0.143036552366805,0.143036552366805,0.0964216808794111
29,1984,1883,1166855.1225,0.122768645170858,0.122768645170858,0.0853691657280558
29,1985,1816,1271382.18083333,0.10982403280327,0.10982403280327,0.0762106146843203
29,1986,1739,1365866.2825,0.0969370965247959,0.0969370965247959,0.0654969281982648
29,1987,1638,1337184.1775,0.0976797690732971,0.0976797690732971,0.0618304049343769
29,1988,1397,1341959.72916667,0.0675041710997693,0.0675041710997693,0.0432016882275109
29,1989,1320,1383903.94416667,0.0724444216348438,0.0724444216348438,0.04066726252008
29,1990,1317,1390287.70166667,0.0699645097798049,0.0699645097798049,0.0463284607131693
29,1991,1304,1387675.3175,0.115415184887681,0.115415184887681,0.0777668458457682
29,1992,1369,1444675.09083333,0.10617454757816,0.10617454757816,0.0765090047130084
29,1993,1237,1359350.12333333,0.0860238712549301,0.0860238712549301,0.0601045770064875
29,1994,1227,1445589.21616667,0.069793351980637,0.069793351980637,0.0415780869393284
29,1995,1199,1507797.59223333,0.0472141832343392,0.0472141832343392,0.0360225696935552
29,1996,1286,1568330.11736667,0.0399635260391292,0.0399635260391292,0.0284505952313491
29,1997,1239,1531710.13019167,0.0563513187963308,0.0563513187963308,0.0411661088035697
29,1998,1205,1513144.65394167,0.0542154758268709,0.0542154758268709,0.0395424699774319
29,1999,1122,1430751.5825,0.0380653131888696,0.0380653131888696,0.0186505020343041
29,2000,1272,1540334.29400833,0.0278206781746613,0.0278206781746613,0.0180476958420449
29,2001,1740,1638293.6035,0.0266364014454466,0.0266364014454466,0.0148759811313841
29,2002,1903,1607832.03691667,0.0287667640833704,0.0287667640833704,0.0195522706579597
29,2003,1863,1582862.593,0.0347291211829992,0.0347291211829992,0.0208303702286894
29,2004,1775,1597936.99886667,0.0241019224020193,0.0241019224020193,0.0134984578336306
29,2005,1968,1612796.99491667,0.0344542367081179,0.0344542367081179,0.0195011439851373
29,2006,1888,1580546.10920833,0.0228135456725528,0.0228135456725528,0.017383895376366
29,2007,1774,1575113.41394167,0.0211147778982928,0.0733478118426749,0.0434967235598718
29,2008,1809,1590699.686075,0.0343056971738329,0.0604480021067071,0.0405261088915731
29,2009,1797,1532029.481575,0.0585079138835174,0.0807299923755494,0.0466260631409199
29,2010,1779,1530651.079225,0.0799899683235835,0.0799899683235835,0.0456972428319514
29,2011,1692,1545427.17776667,0.0708611638907869,0.0708611638907869,0.0440199187827867
29,2012,1667,1537767.508475,0.0624542608385425,0.0624542608385425,0.0374023297841505
29,2013,1689,1562293.56368333,0.0466201561237201,0.0471251017594217,0.0222253393069973
29,2014,1592,1547688.909,0.045372258958707,0.0967014776923321,0.0691423621823387
29,2015,1461,1584375.66370833,0.0351093520511014,0.0574668324368396,0.0359410721339819
29,2016,1485,1709832.59080833,0.026811464431143,0.0432496824089894,0.0232163964940568
29,2017,1484,1639000.12713333,0.0193544241088515,0.0361059330392917,0.0234241407242287
29,2018,1388,1672891.70575833,0.0195668437396919,0.0297943189299708,0.011220040231569
29,2019,1281,1616231.26908333,0.0148293629085192,0.0466605306746141,0.0315962698852889
29,2020,1189,1534463.98460833,0.0111797427399675,0.0507463011933832,0.0373115766369369
29,2021,1170,1552487.81683333,0.0139576292473151,0.0895374511055436,0.0593606941875882
29,2022,1170,1609721.56290833,0.012987013421064,0.0738856787350949,0.057760276125237
29,2023,1177,1685325.411825,0.0107900317929154,0.0766856173995791,0.0543649747493674
29,2024,1125,1632344.06194167,0.00543004617204088,0.057486160957828,0.0463088165586143
29,2025,932,1673972.17686364,0.00751561548212982,0.0898593500792038,0.0724987492868721
29,2026,665,1637812.773,0.00497978829415321,0.152902124263443,0.134789065607379
30,1982,1298,163619.0075,0.0990039059693803,0.0990039059693803,0.0617493304784083
30,1983,1275,165032.753333333,0.128207085599533,0.128207085599533,0.0924338685819659
30,1984,1347,178033.409166667,0.102274933032115,0.102274933032115,0.0687437967811013
30,1985,1258,176706.8125,0.112443651071272,0.112443651071272,0.0655059540125729
30,1986,1278,173441.295833333,0.108497060881142,0.108497060881142,0.0678055070074022
30,1987,1313,176623.1725,0.0929527003787305,0.0929527003787305,0.0612093995386326
30,1988,1365,183432.1075,0.0820251801700892,0.0820251801700892,0.053777449148772
30,1989,1372,189527.671666667,0.0718191300526274,0.0718191300526274,0.0434502339117534
30,1990,1421,194177.929166667,0.0794465591405717,0.0794465591405717,0.0476590982287015
30,1991,1386,192064.394166667,0.113135675637745,0.113135675637745,0.111190906879569
30,1992,1455,208929.120833333,0.104463170314797,0.104463170314797,0.104463170314797
30,1993,1433,209673.905,0.0858276172548351,0.0858276172548351,0.0858276172548351
30,1994,1369,217645.1723,0.0599430739130619,0.0599430739130619,0.0599430739130619
30,1995,1366,225022.531041667,0.0498802450568309,0.0498802450568309,0.0498802450568309
30,1996,1381,233440.877266667,0.0538125488007398,0.0538125488007398,0.0538125488007398
30,1997,1355,233650.980416667,0.0830171427360424,0.0830171427360424,0.0830171427360424
30,1998,1469,244303.955616667,0.0798950139826079,0.0798950139826079,0.0798950139826079
30,1999,1522,252366.977383333,0.0565757366106553,0.0565757366106553,0.0565757366106553
30,2000,1465,257844.192908333,0.0543353970549988,0.0543353970549988,0.0543353970549988
30,2001,1363,255560.528175,0.0427486771386398,0.0427486771386398,0.0427486771386398
30,2002,1266,241470.305458333,0.0305574617245842,0.0305574617245842,0.0305574617245842
30,2003,1298,251632.849241667,0.0415964077817236,0.0415964077817236,0.0415964077817236
30,2004,1239,251972.295633333,0.0288873499896937,0.0288873499896937,0.0288873499896937
30,2005,1236,278087.407541667,0.0234708932263394,0.0234708932263394,0.0234708932263394
30,2006,1168,284854.251108333,0.0198011111052539,0.0198011111052539,0.0198011111052539
30,2007,1193,289236.90565,0.00245245098214296,0.0382642332881469,0.0382642332881469
30,2008,1164,287303.033958333,0.0171555687459772,0.0354490215772557,0.0354490215772557
30,2009,999,261031.9235,0.040059769930784,0.0488101316465992,0.0488101316465992
30,2010,954,254548.989725,0.0665086390048397,0.0665086390048397,0.0665086390048397
30,2011,1001,269634.919591667,0.0323757687056512,0.0323757687056512,0.0323757687056512
30,2012,992,274244.255058333,0.0138025695045518,0.0720450870367271,0.0720450870367271
30,2013,1038,284482.581608333,0.0195105621591564,0.0641632965310941,0.0641632965310941
30,2014,1401,304409.985658333,0.0181676081125908,0.0539979655434693,0.0539979655434693
30,2015,1971,293997.083808333,0.0196254798129048,0.0666415920283061,0.0666415920283061
30,2016,2225,294075.310525,0.0122214922381063,0.0554914137046516,0.0554914137046516
30,2017,2062,291285.867025,0.00761031224288593,0.0270746532339992,0.0270746532339992
30,2018,1944,299495.936975,0.00927237175474095,0.0405119893196174,0.0405119893196174
30,2019,1800,301945.006758333,0.00480846465140824,0.0412503365829863,0.0412503365829863
30,2020,1555,282291.091116667,0.00459426616406161,0.0292061599454655,0.0292061599454655
30,2021,1514,297414.659425,0.00843852862370275,0.0367609667015211,0.0367609667015211
30,2022,1398,316556.253858333,0.00785802266215813,0.0217423567937054,0.0217423567937054
30,2023,1316,306651.575783333,0.00353902814802466,0.0207635791546215,0.0207635791546215
30,2024,1346,304107.035616667,0.00731628266613966,0.0269265182133279,0.0269265182133279
30,2025,1152,302561.102445455,0.00235346667820806,0.0316430505948902,0.0316430505948902
30,2026,798,315186.0061875,0.00241427509490165,0.0258449780132499,0.0258449780132499
31,1982,1463,366467.116666667,0.157224222528015,0.157224222528015,0.11119423766398
31,1983,1385,362270.0925,0.156968608994407,0.156968608994407,0.107032680779926
31,1984,1392,384404.636666667,0.137400939778813,0.137400939778813,0.091720843446989
31,1985,1383,394632.489166667,0.123816596473968,0.123816596473968,0.087043069884766
31,1986,1427,418979.823333333,0.114021691911704,0.114021691911704,0.0770011721407714
31,1987,1476,410483.9025,0.0921015979020842,0.0921015979020842,0.0538885890496847
31,1988,1429,407808.588333333,0.0998068342135986,0.0998068342135986,0.0638909443761796
31,1989,1443,418578.103333333,0.0722689360140204,0.0722689360140204,0.0416757446883808
31,1990,1566,426905.916666667,0.0636613590309028,0.0636613590309028,0.041449056593461
31,1991,1587,433022.986666667,0.0959568112534996,0.0959568112534996,0.070163159390707
31,1992,1627,436286.1725,0.0745620945237116,0.0745620945237116,0.0548943766949204
31,1993,1706,468554.455833333,0.0598182533913121,0.0598182533913121,0.0365973363106797
31,1994,1565,468323.243858333,0.0712414130358487,0.0712414130358487,0.0425999860921595
31,1995,1411,466038.343508333,0.0427150864529184,0.0427150864529184,0.0254546937290534
31,1996,1378,470553.389575,0.0513187628509993,0.0513187628509993,0.0326235208517607
31,1997,1461,494586.505283333,0.0758645548672455,0.0758645548672455,0.0493524745201384
31,1998,1445,490947.222616667,0.0752298501044883,0.0752298501044883,0.05770596701278
31,1999,1484,499407.0286,0.0399829062564646,0.0399829062564646,0.0281403845197438
31,2000,1528,519089.087358333,0.034441919223636,0.034441919223636,0.0231740610002382
31,2001,1849,507392.195783333,0.0312385545771547,0.0312385545771547,0.0167900488763223
31,2002,2064,515178.47625,0.0355759461751517,0.0355759461751517,0.0213770849476556
31,2003,2077,533487.998833333,0.0349026847196559,0.0349026847196559,0.0239992906644558
31,2004,2067,556926.313216667,0.027899741323508,0.027899741323508,0.013757224223101
31,2005,1974,542572.840133333,0.0289132810956987,0.0289132810956987,0.0174122194622662
31,2006,1870,547922.7506,0.0261230377080093,0.0261230377080093,0.0108959345427114
31,2007,1873,552253.47735,0.0302108690138548,0.0302108690138548,0.0178238583284254
31,2008,1914,550893.970591667,0.0369325961427415,0.0369325961427415,0.0222782943969273
31,2009,1927,549464.986558333,0.0611163173811589,0.0611163173811589,0.0397354433265884
31,2010,1842,536097.560208333,0.0540624845822285,0.0540624845822285,0.039298619157701
31,2011,1835,532853.109,0.0537472596723963,0.0537472596723963,0.0368583589171977
31,2012,1869,559307.54625,0.0549302390476493,0.0549302390476493,0.0374194806572098
31,2013,1823,567059.75115,0.0523282104425314,0.0523282104425314,0.0360093124083002
31,2014,1655,546944.31745,0.045968723989833,0.045968723989833,0.030571038525377
31,2015,1490,557788.596075,0.0229324355858291,0.0815329025100489,0.0590772737470999
31,2016,1365,537294.601733333,0.0186065411962363,0.115233927936234,0.0945076982494396
31,2017,1347,541491.849833333,0.0130156484389733,0.0718107939888079,0.0528468091295209
31,2018,1402,589558.714116667,0.0159680568554937,0.0655698765156128,0.0463438073185586
31,2019,1352,579215.823508333,0.0129513702472692,0.0571487964529404,0.0411667376659475
31,2020,1206,540579.830475,0.00873640390452022,0.0326475715612482,0.0170664914872858
31,2021,1179,549711.730733333,0.0103016575932361,0.0426107935434064,0.033382537153645
31,2022,1065,565358.6394,0.0186098280220249,0.0328101941386317,0.0227432257224298
31,2023,1067,584896.82,0.0125665913035169,0.0484029474207092,0.0259277163477597
31,2024,1077,580330.826508333,0.00737863817683167,0.058027821896487,0.0479572306353556
31,2025,1036,605631.322781818,0.0104356780774674,0.0779636055591639,0.0579402938538772
31,2026,682,591072.6614,0.0108477973923089,0.154824962946595,0.111277809240426
32,1982,1090,209052.0525,0.062246777829013,0.062246777829013,0.0412460193376958
32,1983,1097,218873.59,0.068724935399165,0.068724935399165,0.0410857129907724
32,1984,1196,248468.385833333,0.0722320163179177,0.0722320163179177,0.0504910545913415
32,1985,1107,256203.175,0.0615725845968406,0.0615725845968406,0.0335053972952001
32,1986,1091,272065.755833333,0.0597512720783521,0.0597512720783521,0.0292461007289515
32,1987,1120,288627.8,0.0398612041759895,0.0398612041759895,0.0271805331988118
32,1988,1293,317617.549166667,0.0412380761108186,0.0412380761108186,0.0248078782821454
32,1989,1309,330047.515,0.0165533463669112,0.0165533463669112,0.00550533357800517
32,1990,1374,357975.958333333,0.0269908814872693,0.0269908814872693,0.0162574465254475
32,1991,1393,374931.263333333,0.0597391589439696,0.0597391589439696,0.0585009519833853
32,1992,1366,397446.754166667,0.042332211355649,0.042332211355649,0.042332211355649
32,1993,1304,409927.071666667,0.0457053188115253,0.0457053188115253,0.0457053188115253
32,1994,1365,462012.004366667,0.0456215939213391,0.0456215939213391,0.0456215939213391
32,1995,1240,472581.229566667,0.0340129177328356,0.0340129177328356,0.0340129177328356
32,1996,1249,488208.665825,0.0473674526429292,0.0473674526429292,0.0473674526429292
32,1997,1341,514695.684675,0.0479155048817617,0.0479155048817617,0.0479155048817617
32,1998,1434,545455.781183333,0.047995884762412,0.047995884762412,0.047995884762412
32,1999,1485,537621.539025,0.0328889791575937,0.0328889791575937,0.0328889791575937
32,2000,1576,613909.989791667,0.0407626570253818,0.0407626570253818,0.0407626570253818
32,2001,1907,580922.9923,0.028965518189217,0.028965518189217,0.028965518189217
32,2002,2265,611352.37755,0.0248661844078459,0.0248661844078459,0.0248661844078459
32,2003,2258,580100.749266667,0.0203858156649793,0.0203858156649793,0.0203858156649793
32,2004,2031,639552.78845,0.0238111036597524,0.0238111036597524,0.0238111036597524
32,2005,1779,683485.965066667,0.0257950368909384,0.0257950368909384,0.0257950368909384
32,2006,1881,729363.048841667,0.0208993241078066,0.0248700354423052,0.0248700354423052
32,2007,1875,747490.054633333,0.0165325945677346,0.0484706720627954,0.0484706720627954
32,2008,1700,735738.369208333,0.0237019554389024,0.0415611906189369,0.0415611906189369
32,2009,1565,658135.028108333,0.0399042767112481,0.0621911516156671,0.0621911516156671
32,2010,1560,650230.33485,0.0344793303209576,0.1108619275147,0.1108619275147
32,2011,1564,670130.120466667,0.0335526837947165,0.138952184380981,0.138952184380981
32,2012,1609,729084.674983333,0.0308005804911206,0.123783650200936,0.123783650200936
32,2013,1569,756804.251358333,0.0258663769702643,0.10944319024328,0.10944319024328
32,2014,1520,767850.669458333,0.0256311101660998,0.134582432314474,0.134582432314474
32,2015,1344,792238.172341667,0.0237873061720375,0.0892353388388754,0.0892353388388754
32,2016,1332,808528.151241667,0.0129171615017913,0.0832535239042618,0.0832535239042618
32,2017,1407,883914.050616667,0.0136070086979713,0.0544094486993551,0.0544094486993551
32,2018,1442,943944.686108333,0.0124020655083065,0.0504274704957345,0.0504274704957345
32,2019,1421,939590.419325,0.0154922457707234,0.0352927675732964,0.0352927675732964
32,2020,1056,761131.03665,0.00622763770418462,0.0514508034941791,0.0514508034941791
32,2021,1141,829274.513783333,0.00911234733822735,0.0547350796636918,0.0547350796636918
32,2022,1142,877923.304358333,0.00308595766458228,0.0439943840955026,0.0439943840955026
32,2023,1112,926193.908191667,0.00475220721716209,0.0623221879415791,0.0623221879415791
32,2024,1145,881451.093141667,0.00407826761798825,0.072430442639891,0.072430442639891
32,2025,1063,959804.4419,0,0.0592116285652823,0.0592116285652823
32,2026,755,939577.0456125,0,0.0345435741289764,0.0345435741289764
33,1982,1214,246733.110833333,0.109534575944784,0.109534575944784,0.0766913620528022
33,1983,1225,265138.371666667,0.105564686811364,0.105564686811364,0.0664206261657474
33,1984,1204,280474.96,0.0845967794534433,0.0845967794534433,0.0522890260863216
33,1985,1176,302496.5,0.0473183050602789,0.0473183050602789,0.0233581518023074
33,1986,1165,325108.740833333,0.0416841658330375,0.0416841658330375,0.0243764465176163
33,1987,1247,341689.635833333,0.0245609903059127,0.0276242185211339,0.0104987429832857
33,1988,1151,321121.013333333,0.0246300268069242,0.030602305440325,0.0151530647262531
33,1989,1118,316404.663333333,0.0256791832577183,0.0364663715080727,0.015483760937826
33,1990,1058,311952.833333333,0.0272413484517157,0.0272413484517157,0.0146159355287151
33,1991,997,313401.855,0.0445153502149288,0.0445153502149288,0.0320518577232629
33,1992,987,315094.8875,0.0474772645536286,0.0474772645536286,0.0363017235562097
33,1993,1044,332496.755,0.041714306855917,0.041714306855917,0.0259865042392168
33,1994,968,332654.944733333,0.0357283366388182,0.0357283366388182,0.024938434323641
33,1995,1035,353216.150666667,0.0334156907728866,0.0334156907728866,0.0168171198347582
33,1996,1061,344926.405083333,0.0309288551638214,0.0309288551638214,0.0208920745424684
33,1997,1103,358207.030483333,0.0324927798298519,0.0324927798298519,0.015749757877135
33,1998,1116,356159.431558333,0.0486781218057597,0.0486781218057597,0.0261960448466702
33,1999,1139,359873.179916667,0.0355761787470927,0.0355761787470927,0.0173124433764214
33,2000,1174,375249.698,0.028435859305253,0.028435859305253,0.010132945152519
33,2001,1894,396351.140133333,0.0231122041520684,0.0231122041520684,0.0093044652453699
33,2002,2106,382585.757875,0.0236074136253767,0.0236074136253767,0.0078359099799863
33,2003,2106,366388.508766667,0.0196920299600921,0.0196920299600921,0.00816955031807387
33,2004,2225,376181.919641667,0.0242421348745843,0.0242421348745843,0.00929986902790487
33,2005,2332,376895.404175,0.0274940478672483,0.0274940478672483,0.0113798796540251
33,2006,2411,369709.737508333,0.0223748493139979,0.0223748493139979,0.00900919851101187
33,2007,2360,371228.77155,0.023492960612722,0.0280786623563993,0.011074793043386
33,2008,2487,379369.989225,0.0299988528962165,0.048654977109218,0.0249854199573448
33,2009,2409,363981.444025,0.043145743758267,0.0568905662360572,0.0312771269072847
33,2010,2267,356436.29885,0.0541481379579007,0.0541481379579007,0.0271606582706871
33,2011,2329,368308.282858333,0.0390567575529285,0.0390567575529285,0.0182822656907863
33,2012,2296,369986.2469,0.0348043216909459,0.0348043216909459,0.0201656861685544
33,2013,2229,369822.249675,0.0299807929613314,0.0299807929613314,0.0149814381229603
33,2014,2110,385162.846808333,0.03969339253086,0.03969339253086,0.0159833727716651
33,2015,1649,389056.299225,0.0407263724596233,0.0407263724596233,0.021257996635641
33,2016,1511,397475.82375,0.0384534112392876,0.0384534112392876,0.0177484082975835
33,2017,1425,382778.921333333,0.0209091447759309,0.0209091447759309,0.00707471845776419
33,2018,1427,391705.83,0.0300492112707811,0.0300492112707811,0.0139571907614106
33,2019,1384,394965.617433333,0.0306923891977665,0.0306923891977665,0.0139136606009195
33,2020,1198,375214.7637,0.0123851422116452,0.0123851422116452,0.00300300814540328
33,2021,1093,375622.251916667,0.0230276991202294,0.0230276991202294,0.00589270811399567
33,2022,1015,387428.645425,0.011836627800119,0.011836627800119,0.00230578256723044
33,2023,944,369669.797133333,0.0122878161408508,0.0122878161408508,0.00525153889152178
33,2024,880,360189.64675,0.00922651566099371,0.00922651566099371,0.00259121518831755
33,2025,763,363972.359263636,0.00551957897539967,0.00551957897539967,0
33,2026,601,365482.6786375,0.00969193266752137,0.00969193266752137,0.00492887605977825
34,1982,2706,1591642.44416667,0.117292747302767,0.117292747302767,0.0772738587011785
34,1983,2644,1622532.04166667,0.107444239737536,0.107444239737536,0.0769704383598588
34,1984,3003,1690301.23916667,0.0839966677990864,0.0839966677990864,0.0636615119285195
34,1985,3787,1720957.09333333,0.0706844273677108,0.0706844273677108,0.0487877009399312
34,1986,4057,1720652.96666667,0.0503604464963872,0.0503604464963872,0.0284495838391894
34,1987,4067,1781650.74666667,0.0443798460395597,0.0443798460395597,0.0252481526383106
34,1988,3886,1759703.6,0.0303988069354407,0.0303988069354407,0.0157311615812269
34,1989,3927,1767358.125,0.0307912773290737,0.0307912773290737,0.0128410514799691
34,1990,4014,1766265.64666667,0.0313846604018006,0.0313846604018006,0.01872427338195
34,1991,4047,1731185.1725,0.0457903148813312,0.0457903148813312,0.0303944007083583
34,1992,4045,1729708.50166667,0.0382972154573085,0.104138739654554,0.07798498506349
34,1993,3741,1663987.1125,0.0286682679060312,0.106733568026157,0.0832417139088069
34,1994,3857,1754028.200275,0.0292881352241728,0.0995064309005802,0.0805485477530231
34,1995,3887,1838763.5608,0.0274986442309823,0.0948538135316957,0.0707161252614196
34,1996,2649,1922466.30241667,0.0390461157657945,0.0945309457638955,0.0689498736727077
34,1997,2769,2033683.384525,0.0408639762089009,0.07559276193292,0.0596779813245186
34,1998,2540,1904397.20551667,0.0538947542531292,0.0538947542531292,0.0395719799586423
34,1999,2602,1923725.52229167,0.0403918874641579,0.0403918874641579,0.0279164152158732
34,2000,2516,1944701.422375,0.0295693807568873,0.0295693807568873,0.0187499782556862
34,2001,2560,1997184.607925,0.031570336633615,0.031570336633615,0.021060434761395
34,2002,2354,1919039.6561,0.0367065630332807,0.0367065630332807,0.0185471825643947
34,2003,2242,1808263.414225,0.0406219124320162,0.0406219124320162,0.0277157340190283
34,2004,2144,1841031.05865,0.0309253048850875,0.0309253048850875,0.0195441821387402
34,2005,1957,1921216.89375833,0.020152392675766,0.0342687022943083,0.0207623683698902
34,2006,1796,1829179.478225,0.0196382967395804,0.0636508030117672,0.0424974598585771
34,2007,1581,1695031.05431667,0.0163654240115676,0.0734751466644218,0.0583657326698457
34,2008,1710,1780558.90101667,0.0307195486543215,0.072075217095256,0.0498298110026051
34,2009,1674,1694846.24848333,0.0605043567275979,0.0717978401190629,0.0463967038034876
34,2010,1565,1612249.03893333,0.0703100021125339,0.0703100021125339,0.0502187606586511
34,2011,1654,1797184.30295833,0.0555725768371471,0.0555725768371471,0.0319446815483329
34,2012,1600,1780037.195325,0.0579879447394472,0.0579879447394472,0.0437663952030186
34,2013,1649,1907785.97616667,0.0472865900326331,0.0472865900326331,0.0323141316226349
34,2014,1719,1929198.77761667,0.0334940962104974,0.127033726173497,0.099020188307223
34,2015,1619,1803382.24554167,0.0278399922372457,0.0924972617955605,0.0710312637406819
34,2016,1619,1849697.03049167,0.0248311185838498,0.0822023212730775,0.0545916448353846
34,2017,1494,1788681.33830833,0.0152536009390419,0.0487559406142249,0.0358834872234441
34,2018,1474,1814256.93065,0.020503789607502,0.0548180513115278,0.0397704499186613
34,2019,1491,1873309.10815833,0.0157752249862558,0.0949513793934781,0.0738534698736114
34,2020,1140,1586567.9957,0.014247022831417,0.151129920668297,0.128479962594815
34,2021,1066,1604753.76711667,0.0159403493436222,0.159229207383289,0.133491978004972
34,2022,1127,1904708.48921667,0.0167962703817687,0.174640606458438,0.136422014657055
34,2023,1138,1918457.57271667,0.0068781236791428,0.123273586359157,0.10306121762183
34,2024,1113,1925191.27199167,0.00841372104717817,0.173442889138435,0.140973981251515
34,2025,983,1888928.54771818,0.0147127318273675,0.163430176031038,0.144089951451658
34,2026,788,2049508.1489,0.0118999126268856,0.136156606939949,0.117135141468624
35,1982,1118,261591.220833333,0.176096547455172,0.176096547455172,0.137460659238166
35,1983,1136,256802.919166667,0.155412949728833,0.155412949728833,0.116633639772715
35,1984,1176,280416.726666667,0.154244255258287,0.154244255258287,0.11927192098788
35,1985,1107,293160.414166667,0.149049324380559,0.149049324380559,0.103981006735343
35,1986,1035,293655.335833333,0.142082414570349,0.142082414570349,0.101724154776766
35,1987,1095,306065.134166667,0.136167018109198,0.136167018109198,0.0864963081755356
35,1988,1137,323994.96,0.10493419403808,0.10493419403808,0.0737914848016977
35,1989,1287,360869.3075,0.0937818210913748,0.0937818210913748,0.0592043284257418
35,1990,1186,345263.539166667,0.090866579026528,0.090866579026528,0.0609035855646762
35,1991,1139,360454.756666667,0.130237708889716,0.130237708889716,0.0934057840657154
35,1992,1052,351086.964166667,0.126474305605152,0.126474305605152,0.0833692897222993
35,1993,1039,366170.125833333,0.111694233858068,0.111694233858068,0.0807012540034015
35,1994,1124,400753.960108333,0.0957092584262045,0.0957092584262045,0.0667421917704891
35,1995,1259,414514.719433333,0.0817401606099443,0.0817401606099443,0.0526639637104071
35,1996,1229,408096.426558333,0.0796867014149615,0.0796867014149615,0.0541136809329793
35,1997,1324,439543.214941667,0.0823952225717018,0.0823952225717018,0.0549190275368114
35,1998,1345,441768.30065,0.0871341166323979,0.0871341166323979,0.0635248065378213
35,1999,1277,417520.224308333,0.067644525975049,0.067644525975049,0.0501585486699708
35,2000,1253,446080.949866667,0.0627324469173088,0.0627324469173088,0.0389539547441494
35,2001,1307,478245.175383333,0.0720478900577477,0.0720478900577477,0.0378947465989741
35,2002,1317,487969.353041667,0.0482694692194234,0.0482694692194234,0.0334974222044452
35,2003,1220,470892.531,0.0528464545413088,0.0528464545413088,0.0341488531346727
35,2004,1182,469938.951525,0.054716365763874,0.054716365763874,0.0334592791410628
35,2005,1075,505096.524175,0.0370736059091261,0.0370736059091261,0.0275351250391526
35,2006,1006,497323.341591667,0.0308078802769055,0.0308078802769055,0.0172193159033972
35,2007,939,478604.446583333,0.0236429519319766,0.0236429519319766,0.0127658194784508
35,2008,904,493951.99315,0.027969511646053,0.0497927196861506,0.0285700320322043
35,2009,846,470346.835908333,0.0482870204660906,0.114235684760664,0.0835138259000048
35,2010,822,476472.139608333,0.0556023196097976,0.116328957755142,0.0898474358896554
35,2011,772,457654.720866667,0.0415321784452235,0.0901807190040053,0.0631269054108958
35,2012,761,488350.76695,0.0474065680349462,0.0952383676467027,0.0545678047149698
35,2013,726,459712.150741667,0.0443857727610938,0.0950422995951785,0.0569345361355076
35,2014,958,479011.1298,0.0320585679079003,0.106985285212608,0.068406131652963
35,2015,1599,510209.626266667,0.0300812656567002,0.102147377862475,0.0725004163236489
35,2016,1782,510769.199508333,0.0258212186724691,0.0710447878609954,0.0455821816502337
35,2017,1675,504604.626983333,0.0273539974735954,0.0711018481231347,0.0443007839298674
35,2018,1576,530318.835608333,0.0280792205244828,0.0675624934049963,0.0406133075749175
35,2019,1459,502729.233333333,0.0198890200801929,0.0645984218675169,0.0438052904655037
35,2020,1164,448908.623975,0.012976706759201,0.0739886574003155,0.0518032448209217
35,2021,1156,451516.950983333,0.0158785912711643,0.129595953387569,0.0982746717002833
35,2022,1084,458036.329658333,0.013758929096376,0.125359278108277,0.104733052294019
35,2023,975,441785.871725,0.0115406551408243,0.128561874356833,0.108147665663108
35,2024,1064,505557.229758333,0.00932265942918663,0.0721036332703455,0.0566054288855612
35,2025,1048,525330.408463636,0.00767792992496371,0.064816183312378,0.0479940518527619
35,2026,926,512152.5206625,0.0119260160617759,0.0690881277743769,0.0550455635286776
36,1982,4808,3040086.785,0.12174653072171,0.12174653072171,0.0921240065848975
36,1983,4976,3245227.94166667,0.119652461084314,0.119652461084314,0.0918585325977346
36,1984,5254,3389010.83083333,0.0978595333234104,0.0978595333234104,0.0740921437062084
36,1985,5776,3341067.5825,0.0858714157223527,0.0858714157223527,0.0633098352877551
36,1986,5773,3316983.98,0.0790938341623626,0.0790938341623626,0.0577601784699203
36,1987,6034,3566614.5575,0.0620297637343823,0.0620297637343823,0.0429878495498178
36,1988,4463,3608953.92083333,0.048302182014675,0.048302182014675,0.0292633432891307
36,1989,4979,3775042.13666667,0.0428146728739251,0.0428146728739251,0.0283783783831513
36,1990,6342,3727902.58166667,0.0414486211164847,0.0414486211164847,0.025021437333706
36,1991,6013,3555682.70333333,0.0618184909920688,0.0618184909920688,0.0424466781091512
36,1992,5704,3451578.56916667,0.0592969859245439,0.0592969859245439,0.0414093519247845
36,1993,5661,3495955.415,0.0539760788110623,0.0539760788110623,0.0348203642160389
36,1994,5841,3754179.449875,0.053554677784523,0.053554677784523,0.0352415595027222
36,1995,5514,3771810.278375,0.0457446833105301,0.0457446833105301,0.0282098613235414
36,1996,4860,3838532.21514167,0.0484555431933858,0.0484555431933858,0.0340987267108736
36,1997,5038,4007947.74955833,0.0677383567907668,0.0677383567907668,0.0481541421116584
36,1998,4985,3946748.408375,0.06834606847566,0.06834606847566,0.0475534785001935
36,1999,4734,3836542.29824167,0.0564454124440602,0.0564454124440602,0.0372926623491782
36,2000,4939,4046094.22680833,0.0441195492475752,0.0441195492475752,0.0269667986994466
36,2001,4803,4006630.3057,0.0398346886675009,0.0398346886675009,0.0246525607880885
36,2002,4656,4028689.434175,0.0335717143113639,0.0335717143113639,0.0183756663863633
36,2003,4428,4076398.14355833,0.039934956743757,0.039934956743757,0.0230965398948531
36,2004,4046,4008336.36048333,0.0316280512845267,0.0316280512845267,0.0193421148686529
36,2005,4010,4182023.073825,0.0216820399439833,0.0655499528204671,0.0440291421060769
36,2006,3871,4165003.10395833,0.0157820646670177,0.0696361998224419,0.0500170167585268
36,2007,3635,4071928.150775,0.0201264784926036,0.0880221278765563,0.0643037538555695
36,2008,3633,4101205.22859167,0.0241430078207363,0.0720593156408521,0.0503637766999196
36,2009,3748,4178178.593575,0.0489226511497924,0.0624116100177387,0.0422652095991191
36,2010,3672,4121652.33040833,0.064047026106683,0.064047026106683,0.04728399422375
36,2011,3471,3926045.56059167,0.0506907426387604,0.0506907426387604,0.0319846857892998
36,2012,3539,4070669.523075,0.0544510675173232,0.0544510675173232,0.0371897247164986
36,2013,3527,4187549.87196667,0.0417291013144637,0.0450884793768421,0.0279129093580056
36,2014,3288,3894031.86536667,0.0347499986505439,0.108659852914042,0.0831095213066162
36,2015,3213,4017713.52930833,0.0239522705177125,0.125393584068382,0.100072462031877
36,2016,3353,4172673.883875,0.0176562013292499,0.132569951709148,0.103864104359591
36,2017,3317,4236853.666325,0.0163720931233312,0.184465555362905,0.155454649590946
36,2018,3275,4344394.97940833,0.014090321952802,0.25383535621229,0.210723472667459
36,2019,3182,4255958.74631667,0.0123978499096117,0.281511586610632,0.238541671514155
36,2020,2440,3626547.92789167,0.00824161047069797,0.231362653113882,0.198470974956463
36,2021,2377,3868426.44063333,0.00780048019216302,0.250481601534093,0.216383114087242
36,2022,2366,4077154.92121667,0.00739049740335635,0.217439455324184,0.190530039069872
36,2023,2349,4250793.91395833,0.00542670284467386,0.167697077813526,0.143324534645421
36,2024,2233,4035692.756775,0.00553115711980958,0.156646105873328,0.134773694042221
36,2025,1945,4112178.73468182,0.00211148485250915,0.137570169168629,0.121831464120805
36,2026,1390,4335899.0322625,0.00305538309100966,0.187739075395453,0.149609327404935
37,1982,1930,1331776.625,0.164544340034,0.164544340034,0.130383275924119
37,1983,1987,1363968.20083333,0.147997153240085,0.147997153240085,0.120764529724884
37,1984,2345,1526037.415,0.133702404996407,0.133702404996407,0.104301565677318
37,1985,3961,1607152.1275,0.113368955173785,0.113368955173785,0.0923010890682884
37,1986,4570,1630618.4,0.103635677421523,0.103635677421523,0.0785343595206988
37,1987,4906,1760738.49666667,0.0859545537018597,0.0859545537018597,0.0648054094249002
37,1988,4851,1746028.0975,0.065981486398541,0.065981486398541,0.0494427013843248
37,1989,4913,1781675.38583333,0.0515297258393258,0.0515297258393258,0.0358081068006448
37,1990,4816,1768261.49166667,0.0500696797865666,0.0500696797865666,0.0344253274304796
37,1991,4636,1767830.015,0.0914028132205158,0.0914028132205158,0.0676487995557273
37,1992,4594,1790312.26416667,0.0786147554537619,0.0786147554537619,0.0603855672725272
37,1993,4642,1845748.66,0.0655653805720944,0.0655653805720944,0.0496550732969244
37,1994,4409,1866952.57179167,0.0531389380876413,0.0531389380876413,0.0383441151317698
37,1995,4296,1912110.8674,0.0467817450381242,0.0467817450381242,0.0372177684080105
37,1996,2531,1985939.433875,0.0458265999108317,0.0458265999108317,0.031717386458976
37,1997,2570,2025983.40241667,0.0573732488642378,0.0573732488642378,0.0449395657106878
37,1998,2505,2003862.23266667,0.0493837630502389,0.0493837630502389,0.0393840829250235
37,1999,2436,1987149.77509167,0.0455742286440499,0.0455742286440499,0.034948790018506
37,2000,2400,2071264.83305,0.0294838012345051,0.0294838012345051,0.0203007905261842
37,2001,2363,2132374.69609167,0.0265034622762365,0.0265034622762365,0.0137290055715775
37,2002,2185,2041316.80130833,0.0305809604132277,0.0305809604132277,0.0209632274483672
37,2003,2212,2084884.15234167,0.033310615750679,0.033310615750679,0.0205603620478646
37,2004,2169,2096783.792375,0.0246387536932534,0.0246387536932534,0.013883508831889
37,2005,2110,2175989.74479167,0.0268419347095431,0.0268419347095431,0.0126403004154017
37,2006,2054,2245074.54851667,0.0224821719691588,0.0224821719691588,0.0113120992723588
37,2007,1926,2154550.341325,0.0207545553940659,0.0427704840885713,0.0272832202451656
37,2008,1970,2235024.7842,0.0364856022670558,0.0514604330362426,0.0306557701772979
37,2009,1862,2130928.00954167,0.0701463658739385,0.0701463658739385,0.052257169400552
37,2010,1825,2119950.7176,0.0786436893748855,0.0786436893748855,0.0545859150982243
37,2011,1704,2059481.721325,0.0691665213874073,0.0691665213874073,0.0484002630052654
37,2012,1804,2202706.57585833,0.0614461339933995,0.0614461339933995,0.0396560988985237
37,2013,1824,2252098.67605833,0.0588743418570198,0.0588743418570198,0.0455541908416255
37,2014,1844,2227108.278225,0.0499674631582614,0.0499674631582614,0.0307226288279972
37,2015,2073,2376486.19506667,0.0509297230548137,0.0509297230548137,0.0349384175597974
37,2016,2173,2527097.82228333,0.0359969368740702,0.0359969368740702,0.0211447857612886
37,2017,2064,2480670.79945833,0.0329059852552076,0.0329059852552076,0.0195565203750237
37,2018,2004,2562446.13445,0.0307859614872512,0.0307859614872512,0.0210595348390609
37,2019,1988,2553221.3284,0.0234820163322482,0.0234820163322482,0.0135304074434923
37,2020,1564,2286528.53573333,0.0158292090248177,0.0158292090248177,0.00807716275045018
37,2021,1768,2408020.744825,0.0166707254334378,0.0166707254334378,0.0137936927231139
37,2022,1648,2385105.12538333,0.0218200431067522,0.0218200431067522,0.014751576213094
37,2023,1776,2589749.60323333,0.0134948769846449,0.0134948769846449,0.00806375450632777
37,2024,1631,2550333.859775,0.0152624913534918,0.0152624913534918,0.00625134316783394
37,2025,1351,2631635.21147273,0.0100858562707657,0.0100858562707657,0.00346249883180246
37,2026,970,2654012.765525,0.0143652958155453,0.0143652958155453,0.00790740401105366
38,1982,1282,128245.175833333,0.146039034567714,0.146039034567714,0.105285721241327
38,1983,1210,127332.17,0.13008921861616,0.13008921861616,0.0862513704640914
38,1984,1241,134715.324166667,0.131741242330455,0.131741242330455,0.081990975426583
38,1985,1356,148609.390833333,0.118507113858983,0.118507113858983,0.0800935869524935
38,1986,1403,154354.855,0.124917391379321,0.124917391379321,0.0833829133524825
38,1987,1351,143316.495,0.12206900887438,0.12206900887438,0.0783660026944793
38,1988,1406,149536.605833333,0.0987179354361767,0.0987179354361767,0.0630198925595292
38,1989,1406,150505.154166667,0.0794199711377548,0.0850393246499282,0.0584707661036082
38,1990,1389,146607.425,0.0882136994994171,0.0903532455240017,0.0578431481215907
38,1991,1407,148641.445,0.157543134532005,0.157543134532005,0.104193024137155
38,1992,1425,154675.196666667,0.147857739914732,0.147857739914732,0.101492796981304
38,1993,1474,160329.756666667,0.10837748002154,0.10837748002154,0.06120715541118
38,1994,1490,167604.0901,0.103753544178375,0.103753544178375,0.0594536611192163
38,1995,1292,162829.120883333,0.0803059745234537,0.0803059745234537,0.0357829023563175
38,1996,1306,173441.702108333,0.0640318454654572,0.0640318454654572,0.0353003344480698
38,1997,1305,178260.032025,0.10025706709825,0.10025706709825,0.0635778347951672
38,1998,1388,187816.806975,0.0870384714940658,0.0870384714940658,0.0616245396409453
38,1999,1393,183468.109066667,0.071925968272075,0.071925968272075,0.0472621143484353
38,2000,1376,183905.166858333,0.0586552716776549,0.0586552716776549,0.0323718902792946
38,2001,1721,194628.673541667,0.0343986089160019,0.0343986089160019,0.0142374524416625
38,2002,1752,191947.097091667,0.041356495419546,0.041356495419546,0.0179659009899993
38,2003,1713,192257.847325,0.0330706397951014,0.0330706397951014,0.0164170415871996
38,2004,1704,194730.509866667,0.0277229916977557,0.0277229916977557,0.0183448467360318
38,2005,1479,182437.696658333,0.0230228241947869,0.0230228241947869,0.011433696570798
38,2006,1492,186821.938575,0.0314311714572858,0.0314311714572858,0.0124846375616123
38,2007,1510,190856.949416667,0.0252675512894487,0.0252675512894487,0.0111845146230775
38,2008,1538,199139.669825,0.0420340047801088,0.0420340047801088,0.0210704516434152
38,2009,1475,192403.945141667,0.0668497020189977,0.0668497020189977,0.0350041851794727
38,2010,1540,199554.869791667,0.063029110054448,0.063029110054448,0.041329793990714
38,2011,1530,208154.423691667,0.0539012788006829,0.0539012788006829,0.0351510903711159
38,2012,1479,204712.44295,0.0346055437466997,0.0346055437466997,0.0203730532443436
38,2013,1568,220463.15105,0.0304603645462592,0.0304603645462592,0.0144407102419184
38,2014,1645,228007.165875,0.0326675671416549,0.0326675671416549,0.0187132755248834
38,2015,1713,222017.242966667,0.0217824904140114,0.0217824904140114,0.0154489153447493
38,2016,1784,240687.75225,0.0151367764843686,0.0151367764843686,0.009200107037575
38,2017,1715,233777.098075,0.0194164766525181,0.0194164766525181,0.00807363420344313
38,2018,1635,228353.561433333,0.0146437088420139,0.0146437088420139,0.00754268766756026
38,2019,1609,227505.7573,0.0171375633724823,0.0171375633724823,0.0102494852702057
38,2020,1482,211071.972325,0.0127223376087655,0.0127223376087655,0.00453973518027263
38,2021,1528,221164.56205,0.0133850918032583,0.0133850918032583,0.00451194444271352
38,2022,1337,222631.399858333,0.0117445053123555,0.0117445053123555,0.00666008748515938
38,2023,1162,221774.770333333,0.00870092127146095,0.00870092127146095,0.00307986288208849
38,2024,1191,227970.040883333,0.00640179777283488,0.00640179777283488,0.00197867702960223
38,2025,1084,235857.677754545,0.00549123612311594,0.00549123612311594,0.00182386315072771
38,2026,749,237427.1836375,0.00978596322419177,0.00978596322419177,0.00372108291883246
39,1982,4267,2545075.10833333,0.125892334421709,0.125892334421709,0.0831445567063209
39,1983,4266,2571104.28083333,0.131595140859218,0.131595140859218,0.0860641689965267
39,1984,4487,2662432.88333333,0.119712196751276,0.119712196751276,0.0783623230990618
39,1985,4721,2720277.12916667,0.111016086104622,0.111016086104622,0.0696925727286998
39,1986,5049,2829891.4175,0.0965347274377062,0.0965347274377062,0.0623957721162282
39,1987,5200,2927980.38416667,0.0898096140791512,0.0898096140791512,0.0562091080675646
39,1988,5214,2953392.49333333,0.0700166694064914,0.0700166694064914,0.044341120241307
39,1989,5443,3061212.77083333,0.0548175962913065,0.0548175962913065,0.0328692937078253
39,1990,5451,3031703.725,0.0632924827881502,0.0632924827881502,0.0381192803286432
39,1991,5388,3009246.33833333,0.0923164026579915,0.0923164026579915,0.0664791396276313
39,1992,5485,3061519.7075,0.078042006474111,0.078042006474111,0.0566569168491952
39,1993,5443,3102680.43083333,0.0716692174042587,0.0716692174042587,0.0495572750490137
39,1994,5256,3162472.44704167,0.0650789571070757,0.0650789571070757,0.0431257479052232
39,1995,5148,3196619.25418333,0.0544373295778878,0.0544373295778878,0.0344939524537891
39,1996,3826,3174087.400275,0.0563703025451761,0.0563703025451761,0.0327491078325886
39,1997,4005,3318661.29360833,0.0778321323638773,0.0778321323638773,0.0543342194453387
39,1998,4054,3332199.65740833,0.065814216245244,0.065814216245244,0.0427522024527984
39,1999,4128,3354265.65759167,0.048420230624571,0.048420230624571,0.031800979786314
39,2000,4124,3361557.70615833,0.0452979303105146,0.0452979303105146,0.0297457277544721
39,2001,4062,3385409.47351667,0.0365047071558403,0.0365047071558403,0.0205414889992896
39,2002,3870,3322559.01910833,0.0374411251692533,0.0374411251692533,0.0234809272440265
39,2003,3736,3306412.30826667,0.0342763084249906,0.0342763084249906,0.0180066037467495
39,2004,3581,3322985.05110833,0.0372986439307014,0.0372986439307014,0.0193539139190177
39,2005,3584,3401702.637825,0.0322244367735471,0.0322244367735471,0.0191230253055254
39,2006,3428,3422410.60079167,0.0262540386092819,0.0262540386092819,0.0176050901868396
39,2007,3334,3419790.1376,0.0226786782096017,0.0552263187873696,0.0326427908122093
39,2008,3234,3329221.96765,0.0254169543706924,0.0848442283071072,0.0574118327441885
39,2009,3257,3281560.32989167,0.0471981246357623,0.08895155882587,0.0528470389843658
39,2010,3088,3183706.78260833,0.0537241395970735,0.0691681866489559,0.041860455267538
39,2011,3038,3227411.21008333,0.0472397881281233,0.0728698520964922,0.0452704905359408
39,2012,3026,3279711.671825,0.0446493481372144,0.0748430520916528,0.0442968046545257
39,2013,3071,3303664.06371667,0.0417834585970902,0.0730610342647218,0.0391522762848605
39,2014,3059,3337291.55981667,0.0340150956018267,0.0601494579043295,0.0354128245310275
39,2015,2857,3221593.75083333,0.0286406472343488,0.0867862335795789,0.0586090410275429
39,2016,2944,3330738.337675,0.0226066133415413,0.0719198106063815,0.0464901086690455
39,2017,2889,3393668.27646667,0.0166460513883272,0.0427727257816912,0.0281472422763685
39,2018,2584,3218314.14605833,0.0191637491481486,0.0509985427648052,0.0244689786902195
39,2019,2396,3240593.54626667,0.0175561690513588,0.0575712071038959,0.0320350630425706
39,2020,2012,2931009.70068333,0.0139419652291858,0.0413557602908673,0.023319646682074
39,2021,2129,3198710.541,0.0124437768015596,0.0324786368814483,0.0184349647180741
39,2022,1963,3270749.11585,0.0158822541595337,0.0342325166348227,0.0211415323220319
39,2023,1775,3115575.48614167,0.00832689817618936,0.0425984556166301,0.025639001707276
39,2024,1851,3033825.52058333,0.0156284840498068,0.0412193348469016,0.0203426259952265
39,2025,1669,3217493.18657273,0.0171688917134688,0.0384702397868472,0.0259101748169247
39,2026,1113,3221482.7617875,0.0146524563036335,0.0450297886335761,0.0313911250238658
40,1982,1411,668456.770833333,0.101692850058086,0.101692850058086,0.0714848993756608
40,1983,1330,631726.414166667,0.100544876298158,0.100544876298158,0.0685857976306956
40,1984,1383,666742.673333333,0.10688189439522,0.10688189439522,0.0664146068206764
40,1985,1269,670306.380833333,0.0946035849872566,0.0946035849872566,0.0688247302315389
40,1986,1127,643293.105,0.116302409821932,0.116302409821932,0.0743914250928173
40,1987,1024,634659.165,0.0893882007255553,0.0893882007255553,0.0617769670644137
40,1988,1092,667307.791666667,0.0954445271912568,0.0954445271912568,0.0658470382264256
40,1989,1118,682345.365833333,0.0769446568100883,0.0769446568100883,0.0498564754791775
40,1990,1121,662467.969166667,0.0891980584978295,0.0891980584978295,0.056526120370426
40,1991,1052,630012.890833333,0.124434009431624,0.124434009431624,0.0854855748989972
40,1992,1124,680015.629166667,0.121930663223543,0.121930663223543,0.101374036433758
40,1993,1201,706485.720833333,0.0828026914651076,0.0828026914651076,0.0631663486145123
40,1994,1285,753534.631166667,0.0905171915404383,0.0905171915404383,0.0638366707077425
40,1995,1233,712400.859808333,0.0665782719171537,0.0665782719171537,0.0526279547188555
40,1996,1331,805427.888691667,0.0648811856099903,0.0648811856099903,0.0478848406126703
40,1997,1337,803453.65895,0.0883588654958771,0.0883588654958771,0.0654076148507158
40,1998,1357,802053.765641667,0.101280485481766,0.101280485481766,0.0704676354061085
40,1999,1393,864261.420033333,0.0592747729689907,0.0592747729689907,0.0361823889837953
40,2000,1354,835413.461475,0.0456717673058569,0.0456717673058569,0.0346818959646371
40,2001,1371,834824.690166667,0.0407786276779502,0.0407786276779502,0.0265308530671809
40,2002,1393,867438.093325,0.0377963088593377,0.0377963088593377,0.0258654612811204
40,2003,1281,859623.224175,0.0471975216978787,0.0471975216978787,0.0262726784904417
40,2004,1162,848744.747416667,0.0479216511290714,0.0479216511290714,0.0298996853517003
40,2005,1159,839934.053166667,0.0417508784482808,0.0417508784482808,0.0268192141078288
40,2006,1211,868375.615258333,0.034262540716495,0.034262540716495,0.0198655224922855
40,2007,1194,848597.3248,0.032368153075202,0.032368153075202,0.0230816599572512
40,2008,1165,877643.35285,0.0594989945863862,0.0594989945863862,0.0432434432905912
40,2009,1153,851985.9465,0.0738016091892583,0.0738016091892583,0.048902183231806
40,2010,1159,834738.043216667,0.0862109838547129,0.0862109838547129,0.0652962418285108
40,2011,1077,828929.498775,0.0681362792917053,0.0681362792917053,0.0479622790302679
40,2012,1066,890015.88065,0.0710288612252977,0.0710288612252977,0.045741639570822
40,2013,1127,950194.544783333,0.0633789652487065,0.0633789652487065,0.0345765435759526
40,2014,1188,901668.078825,0.0383587373268644,0.0383587373268644,0.0217571454441395
40,2015,1450,968084.945433333,0.0297271553173999,0.0297271553173999,0.0223039858332559
40,2016,1302,891760.516583333,0.0298750964669378,0.0298750964669378,0.0193115394919192
40,2017,1300,899192.209241667,0.0316153627476099,0.0316153627476099,0.0152978944975523
40,2018,1324,946671.922616667,0.0257424151047394,0.0257424151047394,0.0162072123933472
40,2019,1228,915639.123633333,0.0223887251402288,0.0223887251402288,0.0143230728349536
40,2020,1103,857938.159833333,0.0213861253650625,0.0213861253650625,0.0141790138200207
40,2021,1078,911967.367183333,0.0201094569022884,0.0201094569022884,0.0132562855244173
40,2022,1015,936684.812325,0.0127314733939862,0.0127314733939862,0.00611785523575355
40,2023,1058,1003459.23590833,0.0130471030841781,0.0130471030841781,0.00632758906834826
40,2024,1032,994255.933108333,0.0160075875369196,0.0160075875369196,0.00787467943542753
40,2025,1022,1092400.43589091,0.0128880118009188,0.0128880118009188,0.00287015983473899
40,2026,679,1031797.5378125,0.0127482471783048,0.0127482471783048,0.00291884880718458
41,1982,1198,528609.305833333,0.0917055601652315,0.0917055601652315,0.0615063330161105
41,1983,1288,573168.828333333,0.110644874945034,0.110644874945034,0.0701475153203624
41,1984,1285,591666.686666667,0.0882748744808493,0.0882748744808493,0.0641977738862724
41,1985,1086,629360.079166667,0.0694167413528685,0.0694167413528685,0.0422330118266491
41,1986,995,635539.695833333,0.0762398338781972,0.0762398338781972,0.0482401168135793
41,1987,1068,668669.295,0.0772919793383564,0.0772919793383564,0.0384236999148186
41,1988,1081,708328.8525,0.0601637676477396,0.0601637676477396,0.0370025540738038
41,1989,1101,692953.399166667,0.0217267099318736,0.0293045006457198,0.0199500187890821
41,1990,1145,716447.243333333,0.0106252403613826,0.0963558142520222,0.0655718751154569
41,1991,1145,739657.465833333,0.0215030164655304,0.114226197804698,0.104595365972776
41,1992,1118,734261.026666667,0.0225543860632886,0.0924954319605542,0.0924954319605542
41,1993,1105,762532.4775,0.0223216186443241,0.0808578762032685,0.0808578762032685
41,1994,1121,813105.963366667,0.0181709619746129,0.0519919245518266,0.0519919245518266
41,1995,1169,835952.751766667,0.0119855581297215,0.057871292214495,0.057871292214495
41,1996,1217,922999.864691667,0.0203756360765547,0.0537501250608593,0.0537501250608593
41,1997,1229,922384.282091667,0.0228700120360864,0.125635189023979,0.125635189023979
41,1998,1275,955829.488008333,0.0159848676028014,0.132803682700946,0.132803682700946
41,1999,1264,931452.439516667,0.0185654692961457,0.14323891717173,0.14323891717173
41,2000,1249,950760.56635,0.0076354646465157,0.131155293269104,0.131155293269104
41,2001,1607,919322.634541667,0.012598913362744,0.0995350410946355,0.0995350410946355
41,2002,1760,923156.343475,0.00961424686735491,0.0801142027000575,0.0801142027000575
41,2003,1782,946313.242141667,0.0111643256212813,0.101268941939474,0.101268941939474
41,2004,1602,951016.3673,0.00644087731885243,0.102686587913925,0.102686587913925
41,2005,1495,958063.58035,0.00989930385225781,0.104330392036004,0.104330392036004
41,2006,1501,1018468.96606667,0.00692801825755857,0.132463674580768,0.132463674580768
41,2007,1518,1050406.07589167,0.00911583402022725,0.116959738455477,0.116959738455477
41,2008,1452,999015.49795,0.0077237714855279,0.0588415298984768,0.0588415298984768
41,2009,1461,948760.501975,0.0145459311785624,0.0735464194385683,0.0735464194385683
41,2010,1476,994252.988483333,0.01646906210626,0.0710634347948465,0.0710634347948465
41,2011,1485,1010587.66054167,0.011236010559355,0.120858597290018,0.120858597290018
41,2012,1406,983361.74985,0.0105435311334629,0.114572309927843,0.114572309927843
41,2013,1400,978641.355666667,0.0122714754121057,0.0859977112531364,0.0859977112531364
41,2014,1431,986303.701758333,0.00972055645697637,0.116642695765584,0.116642695765584
41,2015,1465,1015198.29805,0.00683355321319204,0.118333963757706,0.118333963757706
41,2016,1491,1058375.803275,0.00837102082667761,0.121580365430525,0.121580365430525
41,2017,1479,1093342.75911667,0.0108813146205055,0.142555177086086,0.139381083032723
41,2018,1412,1096845.183625,0.00798654352572236,0.107237787829451,0.103741252106888
41,2019,1401,1071834.68593333,0.00752288377348538,0.130977567818139,0.127583793116307
41,2020,1196,941512.311141667,0.00345930271237483,0.103077506096534,0.099699277355007
41,2021,1273,1025668.79286667,0.00338924276287816,0.103505083695961,0.101857444066333
41,2022,1186,1027232.99254167,0.00401503520942065,0.0847504362597681,0.0839807076401908
41,2023,1150,1053626.86156667,0.00573424561267324,0.0653067264781191,0.0642395039954576
41,2024,1138,1091258.87245,0.00616302992179473,0.0626708081081835,0.0626708081081835
41,2025,1048,1099838.76077273,0.0063273535531879,0.063866114202639,0.0628335537578679
41,2026,757,1074837.3877,0.00339623286673283,0.0666684539052344,0.0666684539052344
42,1982,4414,2750071.1775,0.122064820629538,0.122064820629538,0.0828543627758522
42,1983,4192,2701155.5275,0.111282145526143,0.111282145526143,0.0790140319555023
42,1984,4280,2794019.50583333,0.108783703083948,0.108783703083948,0.0766886527525367
42,1985,4637,2870845.03166667,0.115957216311349,0.115957216311349,0.0812275378019809
42,1986,4872,3011400.75666667,0.0903880218856335,0.0903880218856335,0.055418008146944
42,1987,4875,3121193.83333333,0.0853825897174067,0.0853825897174067,0.0574895474023481
42,1988,4945,3167708.88166667,0.0689300068777522,0.0689300068777522,0.0434626844857754
42,1989,5166,3297259.13833333,0.0354571587880802,0.0663496045720515,0.0423403577970623
42,1990,5218,3237411.6,0.0414745208795817,0.0470831414619424,0.0283578976076649
42,1991,5073,3157782.27333333,0.0797425317951148,0.0797425317951148,0.0533939358614129
42,1992,5223,3189216.92166667,0.074063364655012,0.074063364655012,0.0520543043671599
42,1993,5051,3185780.00083333,0.0638494850387635,0.0638494850387635,0.0381264721569688
42,1994,4902,3198562.55294167,0.0557338674819359,0.0557338674819359,0.0372090622105264
42,1995,5047,3297754.353125,0.0454621524365303,0.0454621524365303,0.026051262159735
42,1996,4242,3270716.047425,0.053135234498622,0.053135234498622,0.0291561415427906
42,1997,4092,3221931.458425,0.0743135093544305,0.0743135093544305,0.047696211938285
42,1998,4100,3211279.239775,0.0713366201842304,0.0713366201842304,0.0473535969507657
42,1999,4212,3286327.35135,0.0522797729090365,0.0522797729090365,0.0330561973906954
42,2000,4179,3341448.82869167,0.0438483249691726,0.0438483249691726,0.0233567118440331
42,2001,4146,3348313.87480833,0.0388999928033298,0.0388999928033298,0.0204208830294464
42,2002,4161,3397243.280375,0.0341008139410843,0.0341008139410843,0.0172999233102256
42,2003,4037,3242797.12209167,0.0279441536416202,0.0279441536416202,0.0120119465002305
42,2004,3893,3262618.231725,0.0272186489809999,0.0272186489809999,0.0114711273227573
42,2005,3638,3337354.29525833,0.0286236436506178,0.0286236436506178,0.0117026785924877
42,2006,3484,3454639.75693333,0.0270247225597484,0.0270247225597484,0.012218355345721
42,2007,3389,3433094.74921667,0.0203409684826207,0.0751865340619848,0.0479034326232498
42,2008,3490,3457196.65215,0.026090720666865,0.0759547300445571,0.0504001057740351
42,2009,3299,3306739.620675,0.0516387245735052,0.073529984133445,0.0441057082923759
42,2010,3168,3254938.756525,0.0632695113347882,0.0632695113347882,0.0364296832607464
42,2011,3206,3405423.53138333,0.0572384433229328,0.0572384433229328,0.033912877106876
42,2012,3237,3447291.5805,0.0559338029548692,0.0559338029548692,0.0325714278039247
42,2013,3246,3471683.72095833,0.054961872142833,0.054961872142833,0.0321679287850485
42,2014,3145,3453100.94324167,0.0456113468412375,0.0456113468412375,0.0252873632116761
42,2015,2988,3523811.78330833,0.0420649257745454,0.0420649257745454,0.0245445665334217
42,2016,3023,3522062.02413333,0.0412770652164878,0.0412770652164878,0.0219249881047552
42,2017,2819,3413863.81695,0.0305978857244878,0.0305978857244878,0.0171048434479839
42,2018,2705,3432681.76681667,0.0273919551691692,0.0273919551691692,0.0136459139259039
42,2019,2516,3425810.661375,0.0264733534549549,0.0264733534549549,0.0147405145136456
42,2020,2100,3128573.80985833,0.0233139179009182,0.0233139179009182,0.0103303655054666
42,2021,2176,3220160.36621667,0.0194496010117195,0.0194496010117195,0.0101285879477238
42,2022,2118,3251254.69805,0.0191567474588674,0.0191567474588674,0.00936308218739615
42,2023,1987,3234605.73629167,0.0205337197039082,0.0205337197039082,0.00848181134324376
42,2024,1934,3165306.99965,0.01448206275781,0.01448206275781,0.00527255025400234
42,2025,1571,2973582.35265455,0.0127855312947136,0.0127855312947136,0.00355294190084636
42,2026,1161,3261043.90235,0.00631600041022367,0.00631600041022367,0.00165035559123312
44,1982,1197,253868.490833333,0.111826635410632,0.111826635410632,0.0763106780328446
44,1983,1201,254947.060833333,0.129773356575239,0.129773356575239,0.095454316752877
44,1984,1235,272372.8725,0.106996176109034,0.106996176109034,0.0628493818402076
44,1985,1205,283134.488333333,0.0988138952317554,0.0988138952317554,0.0637707017124071
44,1986,1172,278793.738333333,0.0577122867351821,0.0690136524646838,0.0383721405077229
44,1987,1081,276813.0575,0.0291319771527276,0.0460592915973024,0.0283360278262885
44,1988,1065,270977.0175,0.026392361239024,0.0812532253465616,0.0525082076379411
44,1989,1203,295947.640833333,0.0287204491400336,0.0739112694790896,0.0455563776823372
44,1990,1135,281638.889166667,0.0154721412215483,0.0471223128048897,0.0300015977611188
44,1991,986,260568.066666667,0.0437441585960521,0.0502578053181753,0.0274212963164327
44,1992,1008,266523.609166667,0.036928979878271,0.0419246598888702,0.0233151140072078
44,1993,1056,275466.19,0.0287339013667461,0.032170197245138,0.0130950976839178
44,1994,1023,269936.307875,0.0361560751503382,0.0414480076049928,0.0156544043664681
44,1995,1004,266342.300283333,0.0292346522378039,0.0332440609906156,0.0158674378315832
44,1996,1079,284038.973216667,0.0376179338313882,0.0435036822355626,0.0212952565916111
44,1997,1072,284391.79165,0.0411164998779481,0.0816050103462963,0.0547781352722925
44,1998,1051,275708.907075,0.0547067209157314,0.0547067209157314,0.0346393786342276
44,1999,1114,278108.257283333,0.0457614294375335,0.0623520974148336,0.0412852566077144
44,2000,1082,297849.608925,0.0308898790675154,0.0659645184838254,0.0353460630841977
44,2001,1791,298496.077533333,0.0308006351685028,0.0774495688777854,0.0497929042244793
44,2002,2044,290596.372608333,0.0248691693113702,0.065692292412276,0.0455687029268178
44,2003,2120,310004.782091667,0.0243537589669641,0.0696832895477046,0.0416992729255519
44,2004,2072,305051.135008333,0.0239372497329031,0.0858778877874066,0.0553707510366699
44,2005,2003,308020.592591667,0.0220383998286732,0.0797550234708927,0.0532753552674126
44,2006,2030,321219.501366667,0.0220883833426858,0.0754187156194682,0.0452989033348167
44,2007,1971,314839.90805,0.0241785197715715,0.0836216170298385,0.0539311914273061
44,2008,1852,295659.286183333,0.0222790951989542,0.0719887794091994,0.0409727456550161
44,2009,1788,278446.634116667,0.0398493247854605,0.071378272284445,0.0451453643827003
44,2010,1901,293368.254966667,0.0453284165601954,0.0660353615476716,0.0469026914991084
44,2011,1809,289701.331116667,0.0373580393122468,0.0495849633700225,0.0218293357816384
44,2012,1796,297608.521716667,0.0326693054203702,0.0424187433450533,0.0228282579157282
44,2013,1676,285522.989925,0.042657971791341,0.0720654562600076,0.035101630850459
44,2014,1488,275596.805441667,0.0338853608748015,0.102861371601301,0.0709763865380034
44,2015,1214,311970.693916667,0.0147063896474804,0.151222119694578,0.116333258911902
44,2016,1026,312708.431391667,0.0272283086636773,0.119012364119427,0.0935067283599288
44,2017,957,297830.22405,0.0139130328244916,0.0965989154842684,0.0671673728339997
44,2018,941,290879.013158333,0.0228698166846168,0.130878387500846,0.101291181988078
44,2019,839,277988.682175,0.0194207345340821,0.129552359445801,0.092063803130741
44,2020,716,264732.778308333,0.0143585909822852,0.0967186621994793,0.0752750762259475
44,2021,697,272862.416883333,0.0119609748285542,0.114528191589298,0.0921746749232736
44,2022,632,281383.571475,0.0219925312302149,0.0973515706327124,0.0660881506959343
44,2023,653,301260.497891667,0.0274353066515837,0.117239047288019,0.0866265965257236
44,2024,603,271726.737108333,0.00493939734927483,0.0841227502793982,0.0675307251209175
44,2025,586,273022.1545,0.00779525704287588,0.115172289234332,0.0993630803086947
44,2026,469,299288.3829625,0.0146814750843522,0.195418459225089,0.153682816075969
45,1982,1328,791465.646666667,0.154981121227355,0.154981121227355,0.114808500595524
45,1983,1278,767284.168333333,0.172175322545264,0.172175322545264,0.131588016322532
45,1984,1289,818957.941666667,0.154455667864832,0.154455667864832,0.117769182754023
45,1985,1392,821867.211666667,0.142390908781175,0.142390908781175,0.112503164972958
45,1986,1505,869232.9025,0.146066720209854,0.146066720209854,0.116012482243407
45,1987,1627,891784.809166667,0.1211031327923,0.1211031327923,0.0947178707969526
45,1988,1609,901968.289166667,0.0886457420883441,0.0886457420883441,0.0640358811505778
45,1989,1634,925896.12,0.0699456633788824,0.0699456633788824,0.0536637189565787
45,1990,1644,930261.2025,0.062161568003262,0.062161568003262,0.04531071476132
45,1991,1596,957104.581666667,0.102474404969632,0.102474404969632,0.0789231455094783
45,1992,1539,986263.519166667,0.0898634838569509,0.0898634838569509,0.0698843745380582
45,1993,1468,979893.7375,0.0762792565896293,0.0762792565896293,0.0611132481767358
45,1994,1269,949201.991391667,0.0638855569379488,0.0638855569379488,0.0453344306658862
45,1995,1088,999507.230483333,0.0532600507044433,0.0532600507044433,0.0413483464630349
45,1996,1026,980843.326633333,0.0562553094125571,0.0562553094125571,0.0386035018507646
45,1997,1092,1019996.20058333,0.0778250593037524,0.0778250593037524,0.0613602174261759
45,1998,1128,1075675.76304167,0.0716018550660139,0.0716018550660139,0.0597685359680666
45,1999,1019,1025401.75401667,0.0572538066860433,0.0572538066860433,0.0443486945289487
45,2000,1029,1016712.11825,0.0399669993064922,0.0399669993064922,0.0227671850118621
45,2001,1096,925110.841491667,0.025177208112465,0.025177208112465,0.0173658350035432
45,2002,1221,927881.916233333,0.0314852879504983,0.0314852879504983,0.0214783385342484
45,2003,1207,979508.389975,0.0400003151421024,0.0400003151421024,0.0217445395411164
45,2004,1301,1061954.73909167,0.040540917115882,0.040540917115882,0.0238938763655504
45,2005,1344,1072199.25176667,0.0308134609267474,0.0308134609267474,0.0193774327384578
45,2006,1345,1075727.01948333,0.0305471324786308,0.0305471324786308,0.0142391690899025
45,2007,1412,1176144.66334167,0.0387738860743235,0.0387738860743235,0.022479247330184
45,2008,1317,1109310.74848333,0.0630267964249488,0.0630267964249488,0.0442072738338177
45,2009,1317,1075590.4311,0.0612876172261192,0.0612876172261192,0.0380168307573309
45,2010,1237,1049773.736775,0.0735304198697797,0.0735304198697797,0.0438093844151775
45,2011,1205,1075151.56846667,0.0727276233277345,0.0727276233277345,0.0521157869830182
45,2012,1242,1084874.18725,0.0542314299281128,0.0542314299281128,0.0316083728445259
45,2013,1223,1128676.673075,0.0576262675071204,0.0576262675071204,0.0462455550706666
45,2014,1202,1119005.00254167,0.0462732493814196,0.0462732493814196,0.0299798948608819
45,2015,1430,1189702.612775,0.0459287067806644,0.0459287067806644,0.036603577992844
45,2016,1409,1149567.23268333,0.047791850406544,0.047791850406544,0.0256336419876458
45,2017,1348,1134117.77885833,0.0400203254939035,0.0400203254939035,0.0270502389583226
45,2018,1323,1162507.924825,0.0409306478194514,0.0409306478194514,0.033368597162472
45,2019,1298,1173002.97653333,0.0540816090005298,0.0540816090005298,0.0425777263066028
45,2020,1091,1079673.7535,0.0439150974121863,0.0439150974121863,0.0325772386899095
45,2021,1177,1169300.93675833,0.0196771741075086,0.0196771741075086,0.0135222984830305
45,2022,1159,1214468.11286667,0.0178709484314385,0.0178709484314385,0.0121667347294847
45,2023,1147,1219918.699425,0.0120736193173712,0.0120736193173712,0.0039912406818271
45,2024,1192,1282127.38014167,0.016580382011381,0.016580382011381,0.00866886478843616
45,2025,1061,1374507.58322727,0.00799323057909816,0.00799323057909816,0.00412294815848526
45,2026,734,1380058.00295,0.00587257748962427,0.00587257748962427,0.00134509423410608
46,1982,1526,139748.5725,0.175763846651576,0.175763846651576,0.12434158018561
46,1983,1496,145351.198333333,0.167571603210839,0.167571603210839,0.119033813951241
46,1984,1636,162881.350833333,0.157746164320705,0.157746164320705,0.11241683433771
46,1985,1520,162776.13,0.162788144469749,0.162788144469749,0.108232407908948
46,1986,1605,169769.153333333,0.140951857449722,0.140951857449722,0.0920832820709125
46,1987,1660,171813.3875,0.130640717194792,0.130640717194792,0.0811170540091548
46,1988,1583,170890.7475,0.117361308087594,0.117361308087594,0.0735637691560803
46,1989,1579,172369.269166667,0.101489910302698,0.101489910302698,0.068704541847398
46,1990,1674,174737.101666667,0.0926632581874594,0.0926632581874594,0.0570680414837677
46,1991,1665,178622.710833333,0.117612689909303,0.117612689909303,0.0773196612881248
46,1992,1642,181084.938333333,0.0902554034426736,0.0902554034426736,0.0598705692097731
46,1993,1814,190949.9,0.0797673936112736,0.0797673936112736,0.0546385203658132
46,1994,1743,198523.361108333,0.0634457720559817,0.0634457720559817,0.0395492375028289
46,1995,1463,197536.294091667,0.0397596712684203,0.0397596712684203,0.0234044527762643
46,1996,1447,203462.281708333,0.0483832824394374,0.0483832824394374,0.0311385291996384
46,1997,1451,207075.821733333,0.0664791838955545,0.0664791838955545,0.0419343713604374
46,1998,1436,214047.3937,0.0791281177993308,0.0791281177993308,0.0518409208735906
46,1999,1397,212356.455425,0.0476676997947055,0.0476676997947055,0.0296409935866367
46,2000,1414,209911.249508333,0.0338361861658334,0.0338361861658334,0.0163326063182902
46,2001,1868,226890.7424,0.0257584759585737,0.0257584759585737,0.0121536095780345
46,2002,2046,233339.899025,0.0307465361188173,0.0307465361188173,0.0173951027033677
46,2003,1954,231868.892125,0.0359033372208984,0.0359033372208984,0.0198863066152382
46,2004,1931,228442.412925,0.0334099061069383,0.0334099061069383,0.0144333483558611
46,2005,2001,240330.1662,0.0345079198662272,0.0345079198662272,0.0183080081161003
46,2006,1953,242090.210975,0.0250383583620376,0.0250383583620376,0.0131266086191654
46,2007,1880,240676.388658333,0.0256522752096711,0.0256522752096711,0.0104855834179171
46,2008,1941,255445.568191667,0.0280865119033242,0.0280865119033242,0.0165243312429134
46,2009,1970,253884.37635,0.0610826031897597,0.0610826031897597,0.033353714842196
46,2010,2053,257191.041316667,0.0574286523202841,0.0574286523202841,0.0342803106134552
46,2011,1977,253414.229833333,0.0499808898524107,0.0499808898524107,0.0315927607482768
46,2012,1919,253500.740316667,0.0502710871143052,0.0502710871143052,0.0312216349879155
46,2013,1814,254567.387258333,0.0453436689828335,0.0453436689828335,0.0232284918622849
46,2014,1749,247297.63125,0.0430264159340453,0.0430264159340453,0.0293728153128034
46,2015,1344,262042.8604,0.0239728500218534,0.0787816786033425,0.0534653686497972
46,2016,1317,255578.5853,0.0160014536697831,0.0622667711889344,0.0467767689181274
46,2017,1340,263750.2043,0.0178114442759757,0.0439837725653659,0.0281386965924712
46,2018,1381,276222.573725,0.0144490471500716,0.0512947289834443,0.0314927361210547
46,2019,1250,270346.631683333,0.0219843344129216,0.0613366547732318,0.0392342454042144
46,2020,1087,248698.242391667,0.014979648284498,0.039658110454733,0.0254922831944084
46,2021,1092,266097.237791667,0.00940331760837627,0.0281425133802517,0.0215911129180209
46,2022,1032,275872.96045,0.0100461731086145,0.0251785305949146,0.0171135293299456
46,2023,988,276493.939241667,0.00793673940081783,0.0367305184079404,0.0195450899628699
46,2024,994,272881.045875,0.01051108255175,0.0310477309120777,0.0193326302971463
46,2025,862,271572.823718182,0.0088851566209411,0.0343704005411047,0.0276361553847296
46,2026,578,263740.3266625,0.0024485254423241,0.0455424456775265,0.0344271430345924
47,1982,1462,980754.951666667,0.17613437710046,0.17613437710046,0.137202288846971
47,1983,1458,1027739.98833333,0.169015901692243,0.169015901692243,0.134997376841389
47,1984,1439,1094503.15916667,0.137493452689448,0.137493452689448,0.108975151420132
47,1985,1367,1118749.67083333,0.117447901223032,0.117447901223032,0.0944910944685157
47,1986,1349,1201492.32083333,0.131635189359322,0.131635189359322,0.105522858505438
47,1987,1423,1263785.29166667,0.119491863844092,0.119491863844092,0.0897791420068157
47,1988,1360,1252138.13333333,0.0787887346774094,0.0787887346774094,0.0523368408182015
47,1989,1422,1320605.355,0.0671547096419783,0.0671547096419783,0.0456257400733217
47,1990,1413,1302132.07916667,0.0620490831608835,0.0620490831608835,0.0403085255377911
47,1991,1414,1296309.27583333,0.114672871876535,0.114672871876535,0.0959206615669701
47,1992,1476,1327406.89833333,0.0887415495187667,0.0887415495187667,0.0735502386564741
47,1993,1470,1380771.8975,0.0687709161124011,0.0687709161124011,0.0512511245544089
47,1994,1387,1453918.07024167,0.0620344915148314,0.0620344915148314,0.04720280141961
47,1995,1233,1449863.36151667,0.0608614256813094,0.0608614256813094,0.0468631181014126
47,1996,1195,1407321.26039167,0.0490377555163158,0.0490377555163158,0.0325147377062044
47,1997,1214,1422075.18308333,0.0570308585519519,0.0570308585519519,0.0413109873506297
47,1998,1262,1494991.1535,0.0723643907279259,0.0723643907279259,0.0555775364994493
47,1999,1356,1526111.30393333,0.060935916001224,0.060935916001224,0.0488889957759765
47,2000,1267,1456210.82679167,0.0551344750862001,0.0551344750862001,0.041926041478151
47,2001,1273,1435121.82165,0.0371517238320807,0.0371517238320807,0.0299787302206408
47,2002,1360,1499420.17925833,0.028786293626747,0.028786293626747,0.017153865244579
47,2003,1312,1444519.41714167,0.0325300275480651,0.0325300275480651,0.021333991892136
47,2004,1344,1502648.20024167,0.0237730685749254,0.0237730685749254,0.0126647990119084
47,2005,1475,1506269.89864167,0.0342027960569741,0.0342027960569741,0.0216896995603478
47,2006,1495,1615737.72415,0.0300024876668451,0.0300024876668451,0.0196193799595021
47,2007,1445,1601208.79035833,0.0234279964617263,0.0234279964617263,0.0105131997628072
47,2008,1310,1532119.74440833,0.0589881029239665,0.0589881029239665,0.0436226954315572
47,2009,1220,1393926.19295,0.0730643065477713,0.0730643065477713,0.047826025638115
47,2010,1307,1503143.30783333,0.0825797533595934,0.0825797533595934,0.0570120848890934
47,2011,1215,1456013.488425,0.0699594334586278,0.0699594334586278,0.0431560391378224
47,2012,1266,1559017.18345833,0.0555854800187429,0.0555854800187429,0.0441395990564713
47,2013,1278,1571929.6177,0.072252872799005,0.072252872799005,0.050474306200866
47,2014,1473,1617928.59396667,0.0688999015360522,0.0688999015360522,0.0505013987152205
47,2015,1698,1645487.29659167,0.0458285597562491,0.0458285597562491,0.0330628624244153
47,2016,1871,1722951.944025,0.0380533708261775,0.0380533708261775,0.0251567590873974
47,2017,1843,1703620.486225,0.0403831392405827,0.0403831392405827,0.0249694524654723
47,2018,1779,1695918.71843333,0.0337402480013074,0.0337402480013074,0.0247980080705264
47,2019,1766,1732468.42821667,0.0261794283682002,0.0261794283682002,0.0166496600054593
47,2020,1389,1517182.19984167,0.0162716676970261,0.0162716676970261,0.0106870284498628
47,2021,1355,1570547.51924167,0.0130636433994942,0.0130636433994942,0.00728817301064124
47,2022,1236,1555279.93066667,0.0179181410157599,0.0179181410157599,0.0133095551697845
47,2023,1233,1712830.91133333,0.0130213559332825,0.0130213559332825,0.00676242815234075
47,2024,1192,1549344.65676667,0.00949714236859393,0.00949714236859393,0.0036554120265828
47,2025,1140,1709079.07804545,0.0164399633628453,0.0164399633628453,0.00775144935027902
47,2026,713,1618628.0998375,0.0133208777326086,0.0133208777326086,0.00324883827577684
48,1982,5218,3433109.89916667,0.13399948375621,0.13399948375621,0.104414355990666
48,1983,5063,3430213.25166667,0.117896740279001,0.117896740279001,0.0875301593433342
48,1984,4937,3525872.14833333,0.108798006713884,0.108798006713884,0.0782399477049671
48,1985,4842,3617696.04,0.104749191652191,0.104749191652191,0.0742740161682203
48,1986,4514,3600075.21416667,0.100111739633036,0.100111739633036,0.0678215978301029
48,1987,4471,3723528.47416667,0.0975004918100567,0.0975004918100567,0.0684112236374602
48,1988,4739,3844949.045,0.0958355086601674,0.0958355086601674,0.0628791974016915
48,1989,4858,3872095.06666667,0.0954523467192421,0.0954523467192421,0.0631240463173201
48,1990,4778,4039104.275,0.0883113267730628,0.0883113267730628,0.0548759371903069
48,1991,4682,4150434.1475,0.133823375521946,0.133823375521946,0.100303622915551
48,1992,4655,4303721.18083333,0.11509743623093,0.11509743623093,0.0901533561377704
48,1993,4553,4330073.5925,0.103206045760372,0.103206045760372,0.0774429803566131
48,1994,4383,4404722.90680833,0.0920463553901013,0.0920463553901013,0.0693259305395441
48,1995,4307,4604806.04461667,0.0734555240251872,0.0734555240251872,0.052469502919121
48,1996,4333,4769241.89879167,0.0770167386773557,0.0770167386773557,0.0600112634020892
48,1997,4409,4938275.93540833,0.0933746275382791,0.0933746275382791,0.0733500253032571
48,1998,4446,5046357.73846667,0.0906004008722776,0.0906004008722776,0.0705481936908501
48,1999,4460,4984509.91590833,0.0665257041352625,0.0665257041352625,0.045902091807416
48,2000,4560,5100184.05395833,0.0595300954052877,0.0595300954052877,0.0411420645814039
48,2001,4299,5039709.395025,0.0419992187530256,0.0419992187530256,0.0309414313063237
48,2002,4218,5012712.06763333,0.0414595912194735,0.0414595912194735,0.0279928076023025
48,2003,4344,5257630.32869167,0.0448238559547626,0.0448238559547626,0.0282793357535907
48,2004,4403,5291915.54015833,0.0371827834833092,0.0371827834833092,0.0220185838645327
48,2005,4853,5466948.35445833,0.0321993916858774,0.0321993916858774,0.0190443816686312
48,2006,5123,5722596.528625,0.0300269151509831,0.0300269151509831,0.0198822694015214
48,2007,4852,5576558.072475,0.0389083603431453,0.0389083603431453,0.0231749506811183
48,2008,4733,5524166.68706667,0.0511380738917092,0.0511380738917092,0.0378558398602035
48,2009,4897,5593310.09235,0.0929642980628788,0.0929642980628788,0.0657292667320249
48,2010,5032,5761727.37255,0.0952264612557511,0.0952264612557511,0.0711706118715891
48,2011,5078,5896974.13228333,0.0806108675517069,0.0806108675517069,0.05844917168842
48,2012,5065,6058272.79816667,0.0743370753808387,0.0743370753808387,0.0506428925201
48,2013,5122,6274984.69145833,0.0640404413863105,0.0640404413863105,0.0417904986868404
48,2014,5153,6354870.89344167,0.0566413744817076,0.0566413744817076,0.0387043879594002
48,2015,4774,6065067.87801667,0.0467577273761806,0.0467577273761806,0.030570221378786
48,2016,4906,6184611.27138333,0.0384353394946946,0.0384353394946946,0.0259810116229115
48,2017,4848,6285780.67849167,0.0302583781864159,0.0302583781864159,0.0193705388231719
48,2018,5050,6685538.98603333,0.0337274834915171,0.0337274834915171,0.0199297582294191
48,2019,4816,6941594.64026667,0.0283413620746144,0.0283413620746144,0.0165238231298671
48,2020,3858,6256869.341475,0.0228000576216342,0.0228000576216342,0.0136539891564248
48,2021,4076,6482874.982375,0.0239039242292923,0.0239039242292923,0.0126742806249878
48,2022,3855,6516239.80858333,0.0147220295269524,0.0147220295269524,0.00646039611595452
48,2023,3871,6955025.15240833,0.0146618859252229,0.0146618859252229,0.00357668614968552
48,2024,4103,7167446.24063333,0.0151296810410981,0.0151296810410981,0.0085859597524602
48,2025,3569,7230570.93725455,0.0204232876615912,0.0204232876615912,0.00804205393448841
48,2026,2319,6933215.4997125,0.014296779337684,0.014296779337684,0.00563413670058573
49,1982,1647,334862.323333333,0.119473297070536,0.119473297070536,0.085927428463461
49,1983,1596,329184.143333333,0.139860083175533,0.139860083175533,0.0919954700531697
49,1984,1586,364686.393333333,0.106629985957432,0.106629985957432,0.0747793940177898
49,1985,1384,395780.03,0.109070462280104,0.109070462280104,0.071012269955443
49,1986,1239,389148.474166667,0.124259052889472,0.124259052889472,0.0801822814976175
49,1987,1260,393307.376666667,0.103523238436082,0.103523238436082,0.0677752649660025
49,1988,1225,381064.5575,0.079412456247653,0.079412456247653,0.0452879934042847
49,1989,1359,417526.765833333,0.0641820230291464,0.0641820230291464,0.044816504069273
49,1990,1392,447634.244166667,0.0647834298751045,0.0647834298751045,0.0420875902864395
49,1991,1402,461177.370833333,0.0952680977254874,0.0952680977254874,0.0708473273691362
49,1992,1417,480380.425833333,0.118415494833399,0.118415494833399,0.0820677485590929
49,1993,1390,516418.8,0.0875056672349393,0.0875056672349393,0.0617499611426488
49,1994,1375,535227.6543,0.0815222929584962,0.0815222929584962,0.0586250885292992
49,1995,1423,532525.093366667,0.0561526729083995,0.0561526729083995,0.0341145334926493
49,1996,1508,565291.410541667,0.0398112904931085,0.0398112904931085,0.0300326078433287
49,1997,1559,591969.2228,0.0570231257243441,0.0570231257243441,0.0380507658998293
49,1998,1512,589997.040966667,0.0415060377843209,0.0415060377843209,0.0292053746943682
49,1999,1556,601752.375641667,0.032155662735911,0.032155662735911,0.0240572693093178
49,2000,1425,603115.808208333,0.0317454938826381,0.0317454938826381,0.0181075193901969
49,2001,1539,603825.325175,0.0307183048529655,0.0307183048529655,0.0187505216651609
49,2002,1796,644270.916025,0.0258847887876506,0.0258847887876506,0.0164492526017664
49,2003,1716,664202.7276,0.0289303897889222,0.0289303897889222,0.0179819019159355
49,2004,1650,666677.566183333,0.0282999958655851,0.0282999958655851,0.0191533972058419
49,2005,1651,676646.842491667,0.0223525457203617,0.0223525457203617,0.0136126305800554
49,2006,1587,723950.084533333,0.0234829039158945,0.0234829039158945,0.0141430026306304
49,2007,1485,747102.124358333,0.013993525964043,0.013993525964043,0.00642869887093202
49,2008,1393,736209.43365,0.0272537923760684,0.0272537923760684,0.0195195752410926
49,2009,1251,706896.7482,0.0491613177905029,0.0491613177905029,0.0409977457086851
49,2010,1282,737437.467266667,0.0583903745216531,0.0583903745216531,0.0436210503527811
49,2011,1326,763140.947808333,0.0446392638076899,0.0446392638076899,0.0268876602466802
49,2012,1361,759872.876525,0.0482056683843154,0.0482056683843154,0.0320596397032539
49,2013,1383,773264.080241667,0.0467977809582084,0.0467977809582084,0.0323695123131079
49,2014,1306,722127.975133333,0.0375081552476885,0.0375081552476885,0.0273131076081423
49,2015,1493,777370.675891667,0.033130006634813,0.033130006634813,0.0278653621712105
49,2016,1683,840250.343475,0.0261457421536343,0.0261457421536343,0.0183709931250895
49,2017,1696,897926.669558333,0.0223697662414682,0.0223697662414682,0.0188684757984379
49,2018,1617,847152.881616667,0.0152500825474921,0.0152500825474921,0.00944241954266242
49,2019,1648,877662.421491667,0.020890601368316,0.020890601368316,0.0127875971256221
49,2020,1427,836763.921408333,0.0111876690292495,0.0111876690292495,0.0099172724680017
49,2021,1467,865365.704341667,0.0140130579254836,0.0140130579254836,0.00955673588847024
49,2022,1342,861643.637058333,0.0055383394728691,0.0055383394728691,0.00395221469201904
49,2023,1343,942233.826925,0.00942372250171129,0.00942372250171129,0.00278033279370032
49,2024,1317,894527.051008333,0.0132676803754808,0.0132676803754808,0.0071301494007108
49,2025,1192,934399.984372727,0.0128905215321335,0.0128905215321335,0.00504623583120407
49,2026,806,940280.2715625,0.0060077090664818,0.0060077090664818,0.00109324682872672
50,1982,1163,131449.673333333,0.138831852555384,0.138831852555384,0.0926955961498269
50,1983,1211,132134.8175,0.131821829120348,0.131821829120348,0.0916525464607389
50,1984,1273,149591.533333333,0.108134077775346,0.108134077775346,0.0673837099960648
50,1985,1128,146137.139166667,0.0777687205192369,0.0777687205192369,0.0477598191201305
50,1986,1115,151462.51,0.053181851183284,0.0626556366984807,0.0355977418658474
50,1987,1193,159597.168333333,0.0446849511250205,0.0696226481712536,0.0421224683173942
50,1988,1162,161191.8775,0.029576655726134,0.0438236566851825,0.0250789053147751
50,1989,1095,157500.539166667,0.0348188384773096,0.0524960530955219,0.0287714888087129
50,1990,1046,154637.79,0.0280075943920306,0.0309563507514345,0.0117609457989969
50,1991,1017,154258.621666667,0.0593552399280805,0.0593552399280805,0.0373250504323513
50,1992,1009,160885.871666667,0.042398668049607,0.042398668049607,0.0229508654908511
50,1993,929,165624.5,0.0435739478961949,0.0435739478961949,0.0179210050445435
50,1994,908,155559.372516667,0.0436483642771564,0.0436483642771564,0.0285899005615375
50,1995,1028,165071.892775,0.0383410798184365,0.0642378094885815,0.0356837284206555
50,1996,1037,165749.49515,0.0339385556594057,0.0513793182333764,0.0233337771546952
50,1997,1058,171514.3071,0.0480637401200995,0.098881020793085,0.0664489838643904
50,1998,1025,169613.661841667,0.0377913573631643,0.0640077204401999,0.0405969740304755
50,1999,1004,169651.415691667,0.0300438500864827,0.0578558118322585,0.0307641906222126
50,2000,1046,176929.059041667,0.0297684954176633,0.0539831772692808,0.0329888493536015
50,2001,1577,182359.906883333,0.0169093618824125,0.0663751117147171,0.0483199641244096
50,2002,1850,188667.510375,0.0219221304546777,0.0651435764372175,0.0430017411346607
50,2003,1718,175341.618258333,0.0250723262033717,0.0601110328019101,0.0420658211758165
50,2004,1711,175981.126491667,0.0276513762508339,0.0685306335046356,0.0446262286183582
50,2005,1695,181686.563383333,0.0201776762228984,0.0899056990648385,0.0617615491171907
50,2006,1789,198529.718216667,0.0156948915238277,0.0800279636186622,0.0542854726661366
50,2007,1664,180910.474316667,0.0214336683082964,0.0761515434749529,0.0505512156470947
50,2008,1693,182925.920958333,0.0246694649744466,0.0577759809069049,0.0373459329285327
50,2009,1706,179871.058541667,0.0329912658347907,0.0898167885612958,0.0598276150088584
50,2010,1745,183947.812958333,0.0353210509120779,0.0979812650037643,0.0733632439891533
50,2011,1612,182652.366391667,0.023963332202046,0.0665738452972384,0.0506972292937261
50,2012,1643,184432.953525,0.028505352349017,0.0846789816290415,0.0589141136873558
50,2013,1573,181683.649575,0.0383129433108024,0.111813204238176,0.0832284823209946
50,2014,1506,181293.525108333,0.0269154275573318,0.0670824940809813,0.0491314735482735
50,2015,1409,175145.225991667,0.0185588085445236,0.0927362236093119,0.0710370785418495
50,2016,1468,183831.731983333,0.0224994821643469,0.106485338188375,0.0762871372841738
50,2017,1334,176984.20635,0.0181319557613735,0.144028180210933,0.11227211244698
50,2018,1336,174830.797475,0.0251225125765465,0.161993711352352,0.128043438465322
50,2019,1156,159409.959291667,0.0188028519149746,0.104094481917777,0.0858386330490414
50,2020,965,142001.48455,0.00457869573495714,0.070359720815562,0.0557895161573272
50,2021,973,145469.788983333,0.0109595606492745,0.0857575810335159,0.0699938642781233
50,2022,938,158258.982991667,0.00586386782469213,0.0820257946053961,0.0742146286821001
50,2023,889,163890.671016667,0.0105177208845404,0.0752229375342518,0.0537383298188931
50,2024,997,170135.407208333,0.00945826186175851,0.0681097134539656,0.0458028405797453
50,2025,849,170138.273118182,0.00178829400915637,0.0928062921019497,0.0669617379725178
50,2026,551,164494.2479625,0.00633365999361578,0.0810453303238859,0.0628226912369352
51,1982,1848,1149840.93333333,0.159471338325405,0.159471338325405,0.130418382073022
51,1983,1905,1221732.12583333,0.133071554635956,0.133071554635956,0.105656243926592
51,1984,1860,1290622.88166667,0.126947339919379,0.126947339919379,0.0937816099388878
51,1985,1587,1300068.40166667,0.113213622563739,0.113213622563739,0.0840996563666706
51,1986,1584,1396269.89333333,0.0738213648083434,0.0738213648083434,0.0540750648284407
51,1987,1661,1449458.82333333,0.0823170032469613,0.0823170032469613,0.0563375185405692
51,1988,1671,1522257.17166667,0.071836653404369,0.071836653404369,0.0479884879898573
51,1989,1634,1514359.76166667,0.0480729641283379,0.0480729641283379,0.0290181123264284
51,1990,1609,1498034.37333333,0.054960891729605,0.054960891729605,0.0372998233516279
51,1991,1576,1555924.14333333,0.0718072945985501,0.0718072945985501,0.0550901385738722
51,1992,1502,1584806.17416667,0.0612284138685647,0.0612284138685647,0.0475730820561138
51,1993,1410,1569167.30583333,0.068728781882647,0.068728781882647,0.055417795270606
51,1994,1570,1684118.18410833,0.043201151164175,0.043201151164175,0.0330734871918488
51,1995,2129,1764584.36041667,0.0454161276385467,0.0454161276385467,0.0336766957891251
51,1996,1395,1695924.01421667,0.0547849914684503,0.0547849914684503,0.0375580411323757
51,1997,1346,1631394.78106667,0.0636389744355962,0.0636389744355962,0.0478131901897258
51,1998,1328,1629900.571,0.0713603381413462,0.0713603381413462,0.0566219685014557
51,1999,1325,1615438.461525,0.0454042167685496,0.0454042167685496,0.0384014759423918
51,2000,1371,1680618.06066667,0.0382108618319021,0.0382108618319021,0.0253151216383195
51,2001,1546,1610241.11038333,0.0233545624880865,0.0233545624880865,0.0111708490790661
51,2002,1644,1595188.925975,0.0291851791608599,0.0291851791608599,0.0159174682717579
51,2003,1654,1688476.207325,0.0278625204859705,0.0278625204859705,0.0182558503092567
51,2004,1643,1719808.36548333,0.0241618493426282,0.0241618493426282,0.0141114165510602
51,2005,2004,1751540.4039,0.0337404715358429,0.0337404715358429,0.0210440239162787
51,2006,2107,1839983.78288333,0.027994824091664,0.027994824091664,0.0152328535369364
51,2007,1975,1760991.61885833,0.0268876502550857,0.0268876502550857,0.0155841471869839
51,2008,1946,1807679.1678,0.0409432421057005,0.0409432421057005,0.0258700330740921
51,2009,1831,1701265.026775,0.06237061109235,0.06237061109235,0.0441460687937049
51,2010,1849,1710557.95678333,0.0792291642399851,0.0792291642399851,0.0556366562964234
51,2011,1821,1697190.99730833,0.0710560418212167,0.0710560418212167,0.0474489424158605
51,2012,1888,1806637.49218333,0.0693284521661101,0.0693284521661101,0.0539144092712369
51,2013,1910,1804275.81704167,0.0617076846696044,0.0617076846696044,0.0477981231548822
51,2014,1901,1877078.91225833,0.0476323278904829,0.0476323278904829,0.0259072647349845
51,2015,1715,1916600.540275,0.0626418399020035,0.0626418399020035,0.0404791689650685
51,2016,1600,1959765.28025,0.0427224666828397,0.0427224666828397,0.0268883110209051
51,2017,1648,1980621.20650833,0.0351478104762854,0.0351478104762854,0.0234296435410493
51,2018,1568,1991897.84035833,0.0274329177980516,0.0274329177980516,0.0156465801199891
51,2019,1422,1899126.10246667,0.0228423653746086,0.0228423653746086,0.0109786422807413
51,2020,1148,1654016.7106,0.0271676650163343,0.0271676650163343,0.0158477291817433
51,2021,1199,1739915.48364167,0.0223699295641664,0.0464004423063652,0.0346970893754629
51,2022,1163,1844398.844675,0.0195649909748011,0.10100322415594,0.080250730264047
51,2023,1094,1870236.970425,0.00914420341937402,0.0916793493434701,0.0678812344411898
51,2024,1118,1861307.60676667,0.0161430356894075,0.0681911511904713,0.0479460530555142
51,2025,873,1797687.30110909,0.0194493613121055,0.0578754839415529,0.0415856839907917
51,2026,574,1720600.4100125,0.00616667530023599,0.0631684119566788,0.0458124493367564
53,1982,1444,912665.55,0.0772041594718533,0.0772041594718533,0.0444886364269292
53,1983,1446,907168.671666667,0.0725144428901804,0.0725144428901804,0.0485552509425558
53,1984,1304,882952.275,0.0734823219446751,0.0734823219446751,0.044894494250364
53,1985,1101,941881.6225,0.0591730172546179,0.0591730172546179,0.0363493591078462
53,1986,1103,1025608.26666667,0.063024179992309,0.063024179992309,0.0375163707728825
53,1987,1151,1037060.90333333,0.0636338993732708,0.0636338993732708,0.0370680327225141
53,1988,1234,1132234.32666667,0.0561593120220361,0.0561593120220361,0.0320658210745292
53,1989,1311,1201927.27833333,0.0157320714607239,0.0280781830773187,0.0164383225919712
53,1990,1376,1259787.22833333,0.0124321701430383,0.0792247481071661,0.0441214631988841
53,1991,1289,1256172.28833333,0.0369271838193034,0.0471535278640713,0.0421247378443137
53,1992,1175,1257209.51166667,0.0465712803819372,0.0465712803819372,0.0465712803819372
53,1993,1136,1287239.02833333,0.0358742398655027,0.0358742398655027,0.0358742398655027
53,1994,1204,1413359.61204167,0.0143213419129478,0.0503872943422087,0.0503872943422087
53,1995,1256,1481481.94504167,0.0159087714977207,0.0416054177865348,0.0416054177865348
53,1996,1274,1528455.48680833,0.0201088272596764,0.0507331843992767,0.0507331843992767
53,1997,1343,1616538.52524167,0.032788709175413,0.0423807129535776,0.0423807129535776
53,1998,1354,1599078.51698333,0.0330082699542744,0.0330082699542744,0.0330082699542744
53,1999,1367,1647757.16980833,0.0147154354229394,0.0484074625566813,0.0484074625566813
53,2000,1288,1586774.67614167,0.0118625069402436,0.111444398071894,0.111444398071894
53,2001,1763,1616686.37023333,0.0109427103543775,0.0536514467629744,0.0536514467629744
53,2002,2047,1648443.2982,0.00799168099344698,0.080190903878431,0.080190903878431
53,2003,2009,1644674.875525,0.00794868173919599,0.0973841063413055,0.0973841063413055
53,2004,2023,1712506.22655,0.0086309073338534,0.0713511971113598,0.0713511971113598
53,2005,2010,1731597.41285,0.00497747961566551,0.0702487785732622,0.0690820958462757
53,2006,1983,1791526.84241667,0.0103872156658456,0.0950902096096229,0.0950902096096229
53,2007,2037,1841786.07583333,0.00820116377241714,0.0568050671335409,0.0558541323056687
53,2008,1990,1873145.50600833,0.0126693515260178,0.0757011329490932,0.0750862759097945
53,2009,1907,1798743.14204167,0.0152267558023388,0.123356499758389,0.123356499758389
53,2010,1761,1738220.44355,0.0104021706656525,0.110842404372012,0.110842404372012
53,2011,1730,1688951.16699167,0.0186364803238991,0.0986580880676357,0.0986580880676357
53,2012,1736,1705684.93458333,0.0158888560252309,0.0927738857373773,0.0911720131486778
53,2013,1823,1792265.38946667,0.0164491076107351,0.100250914088566,0.0994193678740608
53,2014,1777,1779258.0361,0.00836604116602871,0.076378993046194,0.0755404863654709
53,2015,1703,1797943.38180833,0.0102111181229383,0.105505135294756,0.103805331333043
53,2016,1712,1852606.78326667,0.0127260744137844,0.102236276977799,0.0972368792415983
53,2017,1791,1907568.58031667,0.00747849056238482,0.200722735887048,0.197681297166819
53,2018,1770,1934014.54638333,0.00659402618360949,0.179983415357073,0.173406779149527
53,2019,1788,1995844.00011667,0.00824187686965436,0.163711772449433,0.157785858525645
53,2020,1469,1774394.94456667,0.00543042388684209,0.177935121851976,0.176556985138865
53,2021,1506,1912673.59721667,0.00637540022131579,0.161371793972489,0.159341980614728
53,2022,1423,1972191.47114167,0.00518842873087937,0.0887954517284395,0.083604799160069
53,2023,1428,2000537.50474167,0.00323831760280007,0.138128057981939,0.137367294917983
53,2024,1362,1959817.85990833,0.00301982211599168,0.101049518108924,0.0996410081023892
53,2025,1191,2032660.88300909,0.00380720002899405,0.124289919391768,0.124289919391768
53,2026,813,1909252.13025,0.00271214792324048,0.141755840139909,0.141755840139909
54,1982,1118,361954.553333333,0.144925022170831,0.144925022170831,0.112910116634716
54,1983,1027,337164.718333333,0.180681078676129,0.180681078676129,0.143018752787553
54,1984,1023,340995.330833333,0.155652527177688,0.155652527177688,0.118913839868633
54,1985,1002,341400.583333333,0.159475408531571,0.159475408531571,0.110727158980152
54,1986,1036,358515.8925,0.18540050726854,0.18540050726854,0.134586258264688
54,1987,1072,364574.8925,0.155359210590729,0.155359210590729,0.115312667433162
54,1988,1098,370808.559166667,0.146753442321543,0.146753442321543,0.103214904440211
54,1989,1250,422551.418333333,0.124378026877684,0.124378026877684,0.0891687990271448
54,1990,1198,396417.820833333,0.147044249198476,0.147044249198476,0.101122509870347
54,1991,1220,411951.731666667,0.173602249978809,0.173602249978809,0.131635312662986
54,1992,1176,411545.806666667,0.151565870245533,0.151565870245533,0.118049317669312
54,1993,1161,424204.423333333,0.130772642344048,0.130772642344048,0.104445726469597
54,1994,1144,414124.151833333,0.110300853997805,0.110300853997805,0.0814834004302343
54,1995,1169,424540.948975,0.102173032887391,0.102173032887391,0.0794866603519413
54,1996,1295,459552.922766667,0.109780670717836,0.109780670717836,0.086378118565802
54,1997,1195,431996.845541667,0.120904637878802,0.120904637878802,0.0862468882227206
54,1998,1152,439701.628733333,0.10498808483604,0.10498808483604,0.0809550451159567
54,1999,1255,473263.1774,0.0824073103417687,0.0824073103417687,0.0616922393872542
54,2000,1268,464198.501683333,0.0873480785403171,0.0873480785403171,0.0556218011936057
54,2001,1509,473005.087316667,0.0660660267995788,0.0660660267995788,0.0430237140762699
54,2002,1491,443097.190708333,0.0561291323247657,0.0561291323247657,0.0406790198696266
54,2003,1516,451594.554225,0.0419864624457356,0.0419864624457356,0.0267407477836487
54,2004,1468,475475.418583333,0.0421295589819348,0.0421295589819348,0.0279831833325394
54,2005,1287,465759.782283333,0.0427782287842094,0.0427782287842094,0.0264783522231305
54,2006,1213,462761.914958333,0.0295257753321458,0.0438263491501011,0.0266733716648039
54,2007,1276,478075.886966667,0.0389311706204034,0.0703823511789306,0.0522160962249226
54,2008,1261,493640.088983333,0.0558291494452155,0.129249910610794,0.107533037398412
54,2009,1102,448353.666216667,0.0877774713700714,0.125384883264974,0.0983990936900548
54,2010,1036,429549.6033,0.091398829510532,0.091398829510532,0.0706324107085958
54,2011,1072,461895.027183333,0.0733088743268934,0.0733088743268934,0.0524279487578351
54,2012,1051,453972.463041667,0.0574123853798767,0.0574123853798767,0.042293655554987
54,2013,995,446476.514858333,0.0509343354238517,0.0509343354238517,0.0353009325436396
54,2014,1284,443107.136816667,0.056806298128033,0.056806298128033,0.0407773088200319
54,2015,1851,433208.457075,0.033892143267011,0.10675213388165,0.0819883161980474
54,2016,1976,433089.595341667,0.0228686210040516,0.106097534153605,0.0841700050068745
54,2017,2127,459516.231825,0.0204242361857943,0.0846354356817248,0.0643595740514841
54,2018,2018,455633.327008333,0.0173350034230241,0.0806595088378917,0.0616327489900369
54,2019,1957,471218.769308333,0.0235399839150758,0.0819901529461072,0.0594862698794405
54,2020,1550,428084.822916667,0.0184106509265359,0.0652297048314242,0.0494596242377296
54,2021,1420,425294.342408333,0.012665979212176,0.0414770560433732,0.0263286897452207
54,2022,1410,431160.90905,0.0115298520899928,0.0179980077710773,0.0106113211153907
54,2023,1370,428857.203816667,0.0123270138707054,0.0192884133336595,0.0112938161938953
54,2024,1455,430866.466516667,0.0142858893145306,0.0230180450612604,0.016874705096253
54,2025,1356,440397.584127273,0.00509530746960571,0.00881386595346424,0.00395787731793547
54,2026,874,412510.98685,0.00956860689976069,0.0287257256842685,0.0177882213660123
55,1982,2061,1272107.3925,0.116043900882108,0.116043900882108,0.0694455611118278
55,1983,2069,1330101.47166667,0.120997814899794,0.120997814899794,0.0795654170660561
55,1984,2013,1364175.51333333,0.11352315994999,0.11352315994999,0.0699912345589822
55,1985,1822,1329456.92583333,0.105531956149731,0.105531956149731,0.067690856131793
55,1986,1693,1311990.22916667,0.0884056825181831,0.0884056825181831,0.0489883011863767
55,1987,1739,1346345.75,0.0827522301261272,0.0827522301261272,0.0517184361198947
55,1988,1886,1502280.355,0.0791656045452315,0.0791656045452315,0.0532249593540969
55,1989,1958,1533175.49583333,0.0540781329721607,0.0762910374477977,0.0475677378083585
55,1990,1996,1528080.2275,0.0531491433096238,0.0611857343290788,0.0318310016001216
55,1991,2001,1531259.45583333,0.0848325237580152,0.0848325237580152,0.0514396252052097
55,1992,1961,1547210.17666667,0.0676634143907184,0.0676634143907184,0.046243359658357
55,1993,1994,1609328.69083333,0.0593309313031371,0.0593309313031371,0.0355506597207567
55,1994,1861,1645200.14011667,0.0450104509947842,0.0450104509947842,0.0272612539338139
55,1995,1838,1713518.6093,0.0451335132118934,0.0451335132118934,0.0281271666509781
55,1996,1812,1759817.08835833,0.0481115930845498,0.0481115930845498,0.0269599836760645
55,1997,1747,1745133.53815833,0.0481993896469573,0.0481993896469573,0.0293382449569053
55,1998,1719,1731992.13645,0.0354396352904219,0.0354396352904219,0.0221174394995716
55,1999,1729,1775424.62441667,0.0342335769083802,0.0342335769083802,0.0188277804355204
55,2000,1771,1834918.65660833,0.0274377996323426,0.0274377996323426,0.0150767045405717
55,2001,2529,1837960.583175,0.0256042329275854,0.0256042329275854,0.0140945212021812
55,2002,2734,1775682.50781667,0.021918152045954,0.021918152045954,0.0103215555817664
55,2003,2787,1824700.15200833,0.0253498099851762,0.0253498099851762,0.00870617386963466
55,2004,2676,1801260.00145,0.0260715829033729,0.0260715829033729,0.0123023180711437
55,2005,2444,1741276.43603333,0.0151755743056301,0.0218043505648978,0.0129067406491356
55,2006,2430,1780509.90413333,0.0193414644704055,0.05082263272257,0.0303526216794465
55,2007,2342,1728357.105875,0.0187980827994947,0.0594290669691587,0.0346232360275866
55,2008,2369,1747595.06268333,0.0326149581504405,0.049259794152668,0.0251690598779004
55,2009,2279,1658614.10785833,0.0624281088456636,0.0624281088456636,0.0320272746676391
55,2010,2308,1656115.54435,0.054333124107986,0.054333124107986,0.0350962612471659
55,2011,2379,1711686.97799167,0.0451831459467019,0.0451831459467019,0.0272100124266374
55,2012,2335,1745945.62465,0.0531504906222968,0.0531504906222968,0.0261480602815557
55,2013,2307,1730895.8686,0.0528275414389651,0.0528275414389651,0.0330264394026798
55,2014,2236,1767010.30588333,0.0410228866381341,0.0410228866381341,0.0266779943178851
55,2015,1780,1782117.96146667,0.0341422282684315,0.0341422282684315,0.0189775357643364
55,2016,1681,1801281.6015,0.024881929383507,0.024881929383507,0.0155228939088234
55,2017,1648,1863522.25625833,0.026766971680009,0.026766971680009,0.0145003332538255
55,2018,1531,1806570.09125,0.0224024227343044,0.0224024227343044,0.0101280771484893
55,2019,1471,1784821.51676667,0.0226503021237119,0.0226503021237119,0.00953688222142379
55,2020,1275,1672112.6191,0.0178993967769405,0.0178993967769405,0.00882123427663569
55,2021,1254,1693707.93684167,0.0157795701974276,0.0157795701974276,0.0041308109943165
55,2022,1184,1667466.48025833,0.016411293879459,0.016411293879459,0.00814203860711489
55,2023,1213,1712595.67056667,0.0117622078654452,0.0117622078654452,0.00248070516468973
55,2024,1233,1735989.81911667,0.00965363139832662,0.00965363139832662,0.00523391339431354
55,2025,952,1650647.3263,0.0124234421857027,0.0124234421857027,0.00628148934403244
55,2026,678,1752027.07205,0.00881188619102537,0.00881188619102537,0.00254842174457712
56,1982,973,104835.408333333,0.0968671605784591,0.0968671605784591,0.0527451006732856
56,1983,977,109660.973333333,0.0809703357852134,0.0809703357852134,0.0472666179751824
56,1984,939,114470.435,0.100205306287165,0.100205306287165,0.0572813116912386
56,1985,1033,118177.8175,0.0946971499114036,0.0946971499114036,0.0540824916937845
56,1986,900,115959.138333333,0.0999258388188265,0.0999258388188265,0.050406470049227
56,1987,804,107621.686666667,0.118170320133123,0.118170320133123,0.0616360903220683
56,1988,827,104531.926666667,0.0987229005441336,0.0987229005441336,0.0632631918707579
56,1989,841,99937.5858333333,0.101668555581728,0.101668555581728,0.0513909418947925
56,1990,927,111194.320833333,0.0858181418662831,0.0858181418662831,0.0496394806134621
56,1991,912,111588.045,0.127339447518773,0.127339447518773,0.0761406161385837
56,1992,983,115294.741666667,0.116463839887465,0.116463839887465,0.0711077167511759
56,1993,985,121171.75,0.110175632246515,0.110175632246515,0.0625913011902527
56,1994,1053,124844.855991667,0.091988972369834,0.091988972369834,0.0590068174334049
56,1995,1236,126930.987525,0.0774025445499004,0.0774025445499004,0.0448910250583561
56,1996,1209,126238.688708333,0.0881815556881532,0.0881815556881532,0.0466945464736719
56,1997,1190,127322.201741667,0.0951066937608354,0.0951066937608354,0.0576938007107163
56,1998,1263,126728.1849,0.106215193846748,0.106215193846748,0.0690965009631413
56,1999,1344,139796.5236,0.0781848117669024,0.0781848117669024,0.0437950613911642
56,2000,1386,141386.506525,0.0626570825915431,0.0626570825915431,0.0329880458394991
56,2001,1548,138902.222225,0.0462926431653303,0.0462926431653303,0.024260086071252
56,2002,1658,141332.164458333,0.0410082537749243,0.0410082537749243,0.0246809920919431
56,2003,1637,147701.324933333,0.0397659301814054,0.0397659301814054,0.0223147006962936
56,2004,1589,144805.380641667,0.0315055304214799,0.0315055304214799,0.0156518636597392
56,2005,1514,150174.536708333,0.0282138382192074,0.0282138382192074,0.0130811826340574
56,2006,1523,151702.609633333,0.0308042154183211,0.0308042154183211,0.0150721711194892
56,2007,1615,163845.99195,0.0262819773033006,0.0262819773033006,0.0128873144319028
56,2008,1571,159915.211733333,0.03988024584533,0.03988024584533,0.0204440577055197
56,2009,1565,158412.766966667,0.0523213363230842,0.0523213363230842,0.0319853597052535
56,2010,1568,163201.5613,0.0790021827750737,0.0790021827750737,0.0453040588752423
56,2011,1594,167560.050891667,0.0627180056388328,0.0627180056388328,0.0369371680007517
56,2012,1561,173641.552183333,0.0530323943734239,0.0530323943734239,0.0296754282613156
56,2013,1485,176043.923141667,0.0505131599147029,0.0505131599147029,0.0328666066025498
56,2014,1542,172641.07955,0.0291772910004759,0.0291772910004759,0.0208799165455249
56,2015,1635,179149.807391667,0.0353018352838087,0.0353018352838087,0.0182569990684724
56,2016,1610,162996.881408333,0.0251485366749503,0.0251485366749503,0.0101212021302451
56,2017,1612,163589.381041667,0.0213856645383904,0.0213856645383904,0.0133948985220209
56,2018,1525,161921.756108333,0.0247994603268758,0.0247994603268758,0.012900408044009
56,2019,1439,162326.113675,0.0247215441340993,0.0247215441340993,0.011279742469528
56,2020,1341,157651.143308333,0.0187815606420459,0.0187815606420459,0.00581025979753603
56,2021,1204,151890.495866667,0.0193333043425647,0.0193333043425647,0.00977395804038014
56,2022,1170,161651.571258333,0.0150028404577497,0.0150028404577497,0.00842322047599526
56,2023,1191,170428.757383333,0.0108260293235021,0.0108260293235021,0.0054459076092368
56,2024,1162,166735.777566667,0.00638754515603286,0.00638754515603286,0.00147552874928097
56,2025,903,157316.074527273,0.0177790068887232,0.0177790068887232,0.0132044313674429
56,2026,686,158841.70845,0.0144415742400686,0.0144415742400686,0.00682094857561323
