year_int,month_int,date_dt,month_idx_int,window_n_int,era_slug_chr,covid_flag_int,p10,p25,p50,p75,p90,p10_level_num,p25_level_num,p50_level_num,p75_level_num,p90_level_num
1982,1,1982-01-01,23784,1,NA,0,101.56359939140731,99.01713582182627,99.1907354646401,98.85777698383266,96.79246679090677,9.812880532688755,12.302715891729186,18.30761293412081,28.06190910542038,36.61522586824162
1982,2,1982-02-01,23785,2,NA,0,102.16686476021415,100.92522578190311,100.62418761006758,99.65958669067697,98.57726838498277,9.871166877689156,12.539792923697945,18.572184891523293,28.289511948613878,37.290391153968486
1982,3,1982-03-01,23786,3,NA,0,102.2801712709332,101.4734198525384,100.22571441915001,99.3631663082166,98.6501224990005,9.882114335832863,12.607905133252181,18.498638779481976,28.20536963747373,37.317950838400876
1982,4,1982-04-01,23787,4,NA,0,101.94737077024085,101.881185765985,100.61501539066228,100.16421231583861,99.57857674016866,9.84995978859269,12.658569375777759,18.570491976939763,28.43275569592035,37.66917199099467
1982,5,1982-05-01,23788,5,NA,0,102.04789000797506,101.88764156448458,100.56414423117613,100.01393354750238,99.51747077403091,9.85967176490146,12.659371498098663,18.561102697860225,28.390097351112377,37.646056465311624
1982,6,1982-06-01,23789,6,NA,0,101.64494190935179,101.76959942214187,100.66922159753263,100.21618469443965,99.70570685831217,9.820739691044704,12.644704956510278,18.58049680500521,28.44750864919112,37.71726352275134
1982,7,1982-07-01,23790,7,NA,0,101.27324817554069,101.18956231580631,100.47484027740704,100.27543150071378,99.62058827433299,9.784827354080543,12.57263630226494,18.544619886119463,28.464326531842104,37.685064362203896
1982,8,1982-08-01,23791,8,NA,0,100.95632779946854,100.71689815154856,100.29723069336701,100.28110492008908,99.40094916417038,9.754207114079144,12.513908559063715,18.51183852299353,28.465936996731,37.60197798270831
1982,9,1982-09-01,23792,9,NA,0,100.67951649591686,100.44634022716642,100.26544254280591,100.25471385872842,99.61713379911795,9.727462135877039,12.480292182985952,18.505971390809883,28.45844559253708,37.68375758292191
1982,10,1982-10-01,23793,10,NA,0,100.40308445437006,100.35684212633646,100.18416567310575,100.17773654136668,99.73348942766168,9.700753801243762,12.469172191499412,18.490970136267332,28.436594701804047,37.727773277132634
1982,11,1982-11-01,23794,11,NA,0,100.2296581650434,100.24614047756113,100.09051759425236,100.0875974697862,99.97033313263387,9.683997685188524,12.455417694135647,18.473685530284317,28.411007696808454,37.81736791234078
1982,12,1982-12-01,23795,12,stagnation1,0,100,100,100,99.99999999999999,100,9.661808552955799,12.424835145572153,18.456978717177858,28.386142154511187,37.82859047010202
1983,1,1983-01-01,23796,12,stagnation1,0,99.74216438675963,100.19401031966508,100.16096069677117,99.97659417564121,100.24336841462066,9.636896969623175,12.448940607955938,18.486687198723935,28.379498143936267,37.920653311002454
1983,2,1983-02-01,23797,12,stagnation1,0,99.49033432899621,100.05568013737722,99.89214321506485,99.80561920789886,100.27978960553001,9.612565631563276,12.431753310850102,18.437071613337345,28.33096494654429,37.934430934155884
1983,3,1983-03-01,23798,12,stagnation1,0,99.24979822536291,99.92850521464622,99.93261568600693,99.76505820686663,100.49742604797672,9.589325493729486,12.415952036354264,18.44454160868544,28.31945124313199,38.01675973268274
1983,4,1983-04-01,23799,12,stagnation1,0,98.8618519453937,99.7185437242803,99.81016132890073,99.37089249820546,100.5038464427547,9.551842866870548,12.389864667307112,18.421940234056095,28.207562804747095,38.01918847752987
1983,5,1983-05-01,23800,12,stagnation1,0,98.56501926587133,99.584160712347,99.88681741998258,99.21657801626903,100.61958865801297,9.523163461652487,12.373167799610746,18.43608863247249,28.163758876539625,38.06297212614095
1983,6,1983-06-01,23801,12,stagnation1,0,98.35355963285753,99.47989191220218,99.73804255318205,98.88083464950863,100.74162494443173,9.5027326367439109,12.360212573084485,18.40862928697061,28.068454287176674,38.109136733155225
1983,7,1983-07-01,23802,12,stagnation1,0,98.0272589925236,99.61801701211857,99.6830132355667,98.54930286334476,100.91372707519115,9.471206093567778,12.377374389043755,18.398472537530132,27.97434520306881,38.174240543390525
1983,8,1983-08-01,23803,12,stagnation1,0,97.69267293616596,99.65439653681226,99.655722143975,98.20935283205999,101.08763329621753,9.438879029357619,12.381894485013689,18.393435426563368,27.877846503934006,38.240026815544624
1983,9,1983-09-01,23804,12,stagnation1,0,97.58802733612258,99.68075578150201,99.6182291426837,97.86446024854469,101.0381066412284,9.428768371822335,12.385169577712007,18.3865153512946,27.779944804896985,38.221291580055244
1983,10,1983-10-01,23805,12,stagnation1,0,97.51548965954049,99.5874176813778,99.74470361796932,97.55259413101915,101.19258648676184,9.421759920382211,12.373572472643566,18.40985871828073,27.691418045444436,38.27972912818093
1983,11,1983-11-01,23806,12,stagnation1,0,97.3831545485776,99.51682145536743,99.75286821068507,97.51413030079065,101.20511945488221,9.408973955312634,12.364801007942782,18.41136565542062,27.680499647917703,38.28447017336494
1983,12,1983-12-01,23807,12,stagnation1,0,97.33152210442873,99.595617396129,99.98328510550262,97.31656386300139,101.26969737473544,9.403985327407758,12.374591273683809,18.45389365265788,27.624418158037237,38.30889909020033
1984,1,1984-01-01,23808,12,stagnation1,0,97.27841602419522,99.48235813324041,100.0919270132405,97.21256492205157,101.51251452529397,9.398854319605618,12.360518996982812,18.473945666446994,27.594896870820033,38.40075339567628
1984,2,1984-02-01,23809,12,stagnation1,0,97.06427721597375,99.32774195281593,100.3343972442271,97.0446713425123,101.63720709266218,9.378164637917678,12.34130819145669,18.518698345375682,27.547238360663723,38.447922836332665
1984,3,1984-03-01,23810,12,stagnation1,0,96.83432465499831,99.42588531552764,100.53767589431929,97.14558497501427,101.85911465343212,9.355947061713612,12.35350234247994,18.556217442559767,27.575883847839012,38.53186733871851
1984,4,1984-04-01,23811,12,stagnation1,0,96.85096961018502,99.4406055573223,100.59689968272635,97.10168844564194,101.79829321699196,9.357555265417478,12.355331308255957,18.567148364581563,27.563423316610486,38.508859446609534
1984,5,1984-05-01,23812,12,stagnation1,0,96.64125922654272,99.37917613667877,100.56489899282394,97.17210373833075,101.86362093937713,9.33729344963429,12.347698804010118,18.561242004056925,27.583411501691643,38.533572003174065
1984,6,1984-06-01,23813,12,stagnation1,0,96.56687782575436,99.28952601756669,100.67388465513584,97.25814954318004,102.12951935007493,9.330106861091112,12.336559924502632,18.581357464554607,27.60783658617416,38.634157624023445
1984,7,1984-07-01,23814,12,stagnation1,0,96.51357828822542,99.08418722716439,100.81638498772247,97.29578552936464,102.19927717443093,9.324957161815455,12.311046918305236,18.60765872061203,27.61851999071377,38.66054602571993
1984,8,1984-08-01,23815,12,stagnation1,0,96.58366984249386,99.3348438525847,100.92677158104277,97.4074574358838,102.58722763387375,9.331729273600663,12.342190590795163,18.628032750647776,27.650219336844952,38.80730221624943
1984,9,1984-09-01,23816,12,stagnation1,0,96.43577961483841,99.58202030095677,100.95630987231742,97.63284351214224,102.89655018224242,9.317440402936063,12.372901857024074,18.633484626781755,27.71419774884815,38.9243145763035
1984,10,1984-10-01,23817,12,stagnation1,0,96.28288758052501,99.8408168453205,101.01835239698212,97.92131304568422,103.02854270822452,9.302668267287983,12.405056901023704,18.64493580235472,27.796083120711828,38.974245488408414
1984,11,1984-11-01,23818,12,stagnation1,0,96.13025742945796,100.01128015872297,101.22010568384775,98.09971738100282,103.16039815517017,9.287921434297797,12.42623668669764,18.682173363572716,27.84672522894518,39.02412454544601
1984,12,1984-12-01,23819,12,stagnation1,0,95.95978398289496,100.25049857361668,101.1423077497834,98.38067090636875,103.38352691870561,9.271450616257255,12.455959180386035,18.667814215440053,27.926477096043666,39.108531011624834
1985,1,1985-01-01,23820,12,stagnation1,0,95.66855739691452,100.65151615147701,101.00537811402285,98.58405663746568,103.4365817110284,9.243312861064515,12.505784953339948,18.64254114171022,27.984210458794827,39.12860089173738
1985,2,1985-02-01,23821,12,stagnation1,0,95.39548491895256,100.98093054170528,100.80140926770748,98.84587516152294,103.47747528064527,9.216929121033019,12.546714148271601,18.60489465515612,28.058530637220564,39.14407035271635
1985,3,1985-03-01,23822,12,stagnation1,0,95.11836301381953,101.12141911548122,100.78228216490152,98.89285085354477,103.33705667455328,9.190154133100762,12.564169621961629,18.601364369862008,28.071865223935948,39.09095197327399
1985,4,1985-04-01,23823,12,stagnation1,0,94.86060710544568,101.37104741108743,101.09448206700374,99.29900297475503,103.38091033558997,9.165250250699748,12.595185526167402,18.658987039348066,28.187156142426257,39.107541195113704
1985,5,1985-05-01,23824,12,stagnation1,0,94.59461863512465,101.70006795929646,101.3800965642521,99.40496558947686,103.4267361537777,9.139550953924394,12.636065786877433,18.71170284631837,28.21723484087183,39.12487645620551
1985,6,1985-06-01,23825,12,stagnation1,0,94.32181952420089,102.01332501247282,101.67359448849291,99.60837985650817,103.34286574737504,9.113193626092775,12.67498745931647,18.765873695730857,28.274976303873895,39.09314946364184
1985,7,1985-07-01,23826,12,stagnation1,0,94.17273106462717,102.34795434852634,101.68687520118762,99.77997348820232,103.29764453831612,9.098788984554211,12.716564602669843,18.768324914046406,28.323685116094683,39.07604291766131
1985,8,1985-08-01,23827,12,stagnation1,0,93.90850899734681,102.49676990612802,101.84784190394646,99.96774933653903,103.10206665046837,9.07326035425892,12.735054690372818,18.798034504116348,28.376987435335383,39.002058559417314
1985,9,1985-09-01,23828,12,stagnation1,0,93.75190064393587,102.57187256286745,102.14373049969637,100.15965832920901,102.81044469380136,9.058129154974418,12.744386071662637,18.852646599260467,28.431462994801972,38.89174208370885
1985,10,1985-10-01,23829,12,stagnation1,0,93.60104574713681,102.63506840098724,102.27535350618903,100.17609387447649,102.75864643773926,9.043553843652935,12.752238050367882,18.87694022955573,28.436128412045473,38.872147533552464
1985,11,1985-11-01,23830,12,stagnation1,0,93.32949436976027,102.77348247942177,102.3854944951344,100.03832793324577,102.62890966645863,9.017317069447898,12.769435771431635,18.897268928444262,28.397021976127217,38.82306994165558
1985,12,1985-12-01,23831,12,stagnation1,0,93.07642801775164,102.81922189914565,102.53671788630203,100.0449573628545,102.53673411145763,8.992866283004876,12.775118818928869,18.925180197567467,28.398903815439983,38.78820122844071
1986,1,1986-01-01,23832,12,stagnation1,0,93.02276776131205,102.51867848716559,102.65316736998705,100.06519184712111,102.54833868679583,8.987681731758657,12.737776795449468,18.946673253987473,28.40464760490814,38.79259107572119
1986,2,1986-02-01,23833,12,stagnation1,0,92.8487982830401,102.3454206889603,102.89369722855106,100.14911482381436,102.79842525184966,8.970873133827444,12.716249799645613,18.991067798791093,28.42847010037258,38.88719529823615
1986,3,1986-03-01,23834,12,stagnation1,0,92.8791375457058,102.13766182410916,102.91706953248497,100.318966762513,103.13499019321422,8.973804455302584,12.690436103187546,18.99538161995389,28.47668451314377,39.01451307157089
1986,4,1986-04-01,23835,12,stagnation1,0,93.04564178723031,101.95969513730854,102.73736459983179,100.32903316039041,103.51592495961324,8.989891776351232,12.668324035738534,18.962213518780374,28.47954197515509,39.15861532431022
1986,5,1986-05-01,23836,12,stagnation1,0,92.99862235097557,101.7867046391608,102.57927541028981,100.53244539150273,103.90074783103051,8.98534884843762,12.646830251526174,18.93303503071245,28.537282860238296,39.30418839237394
1986,6,1986-06-01,23837,12,stagnation1,0,92.99043788823867,101.65735849902032,102.39654635699762,100.65823800451199,104.03325331686527,8.984558081316894,12.630759206846559,18.89930876823621,28.572990530186978,39.35431334996079
1986,7,1986-07-01,23838,12,stagnation1,0,92.84458816615016,101.66696579656691,102.5217849317924,100.87074393358823,104.42668037884567,8.970466360393685,12.631952897728667,18.92242402533178,28.633312765301326,39.50314126203591
1986,8,1986-08-01,23839,12,stagnation1,0,92.71473112281281,101.5227093390907,102.5143074388488,101.01670174400991,104.66594473508975,8.9579198214739,12.614029270700403,18.921043906050603,28.674744556853234,39.59365159550041
1986,9,1986-09-01,23840,12,stagnation1,0,93.00221415204112,101.36537727763464,102.61190311659094,101.09654685308878,105.0614969741998,8.985695881380177,12.594481021433356,18.939057119520353,28.697409503019788,39.74328343212867
1986,10,1986-10-01,23841,12,stagnation1,0,93.28821252027217,101.20726288507413,102.62120846239864,101.55080996519861,105.35936747911506,9.01332849618324,12.574835568816292,18.94077460521564,28.82635727577879,39.85596364556429
1986,11,1986-11-01,23842,12,stagnation1,0,93.47690237551613,101.05895176936107,102.66259982704607,101.81272172150621,105.59433696287681,9.03155934875576,12.556408157186386,18.948414200579364,28.900703919243643,39.944849289306234
1986,12,1986-12-01,23843,12,stagnation1,0,93.65860697724588,100.92757700162319,102.95101905283732,102.2309161817843,105.94102912640105,9.049115299506798,12.540085058872076,19.001647675699907,29.01941319322047,40.075998048037754
1987,1,1987-01-01,23844,12,stagnation1,0,93.64348606968342,100.79595390264593,103.12545433151205,102.56590571537353,106.26700275470316,9.047654346366645,12.52373110581066,19.03384315796015,29.114503798427844,40.199309276928695
1987,2,1987-02-01,23845,12,stagnation1,0,93.65139261414872,100.63531959927882,103.18599277382056,102.87699451897612,106.50791028490896,9.048418261556037,12.503772558430056,19.045016725372744,29.202809908445243,40.29044119994188
1987,3,1987-03-01,23846,12,stagnation1,0,93.78354704002166,100.43429366316398,103.53838587193381,103.0357318561761,106.85245666011335,9.061186769178137,12.478795417267945,19.11005784449231,29.247869314635118,40.42077823719753
1987,4,1987-04-01,23847,12,stagnation1,0,93.76119475241555,100.18529257813296,103.72960558963845,103.14482765719309,106.82214774627832,9.059027133942429,12.447857442942153,19.145351227092103,29.278837403796402,40.40931280230694
1987,5,1987-05-01,23848,12,stagnation1,0,93.95069033323708,99.9309398120568,103.85910931812336,103.24762507748349,106.81871188679176,9.077335834177717,12.416254531068988,19.169253702696516,29.308017625651203,40.40801306509264
1987,6,1987-06-01,23849,12,stagnation1,0,94.09260400506872,99.67705087794025,104.15257358429801,103.31267337844203,107.11606350723878,9.09104726146056,12.384709249552158,19.22341833984689,29.326482328830387,40.52049699184776
1987,7,1987-07-01,23850,12,stagnation1,0,94.16339270130084,99.40645185802593,104.18408936868188,103.39693612760699,107.18851944701983,9.097886729767641,12.351087767422268,19.229235201463176,29.350401272591657,40.547906052578796
1987,8,1987-08-01,23851,12,stagnation1,0,94.31790426909006,99.11428079661168,104.39499403704713,103.45807706950518,107.09206724061158,9.112815341639607,12.31478599469848,19.268161831216883,29.367756827273485,40.511419542417244
1987,9,1987-09-01,23852,12,stagnation1,0,94.05711211465223,99.14589208967406,104.38827648051495,103.4668668763599,107.22360113229782,9.087618102956695,12.318713645748865,19.266921973237423,29.37025191434237,40.56117695963261
1987,10,1987-10-01,23853,12,stagnation1,0,93.86897516058056,99.11748049136956,104.45661700081611,103.20027156843122,107.37356644960292,9.069440670636927,12.315183551497308,19.27953556852462,29.29457579125648,40.61790672536315
1987,11,1987-11-01,23854,12,stagnation1,0,93.79165217592876,99.05606206722595,104.5014485522135,103.12580057784287,107.5839472276585,9.061969871892439,12.307552413548455,19.287810118424616,29.273436350004197,40.69749080832161
1987,12,1987-12-01,23855,12,stagnation1,0,93.71077364622158,98.91047923582471,104.31194026933142,102.87440492260234,107.65283352031877,9.054155543191685,12.289463986746597,19.252832614985778,29.202074821937355,40.7235495218621
1988,1,1988-01-01,23856,12,stagnation1,0,93.63661566878721,98.61222939874216,104.24216307374508,102.68493847281674,107.89784999372586,9.046990541385233,12.252406936167151,19.239953852846963,29.14829260616611,40.816235800171555
1988,2,1988-02-01,23857,12,stagnation1,0,93.68461392953789,98.73065976511539,104.27349103216598,102.65195377615402,108.18498905270734,9.051628041447712,12.267121713951322,19.245736047465236,29.138929523282194,40.924856458873364
1988,3,1988-03-01,23858,12,stagnation1,0,93.92025935473157,98.84225718623313,103.96481856716667,102.69947234466916,108.07420567673347,9.074395651293724,12.28098750955191,19.188764436294527,29.15241821169069,40.88294866926726
1988,4,1988-04-01,23859,12,stagnation1,0,93.86051144730786,98.94409313894604,103.75837047231283,102.51159836332631,108.0539572286494,9.068622922864048,12.293640458795414,19.150660355365336,29.099088036275372,40.87528896676498
1988,5,1988-05-01,23860,12,stagnation1,0,93.574466113204707,99.04261715041278,103.68429611581745,102.5459217217372,108.22813419379862,9.040985770308339,12.30588190479896,19.136988467152094,29.10883111358609,40.941177657604534
1988,6,1988-06-01,23861,12,stagnation1,0,93.58952315255087,99.1841260934808,103.44685696349866,102.57609820414615,108.15252812827133,9.042440552623708,12.323464157691403,19.09316437334237,29.117397052779925,40.912576948705656
1988,7,1988-07-01,23862,12,stagnation1,0,93.99557918318472,99.19206950754622,103.34779571647576,102.58444274999266,108.23266786606541,9.08167290892128,12.32445111379396,19.07488066006238,29.119765747426065,40.942892681919595
1988,8,1988-08-01,23863,12,stagnation1,0,94.30358195458032,99.27306811410227,103.05505040947531,102.5157503627645,108.33836370561374,9.111431547031323,12.334515057128762,19.02084872105377,29.10026662873815,40.98287592820627
1988,9,1988-09-01,23864,12,stagnation1,0,94.47374457690849,99.4064738593762,102.91962956645794,102.51970349848352,108.32923163977595,9.127872333829359,12.35109050105377,18.995854124879433,29.10138877146291,40.97942139641903
1988,10,1988-10-01,23865,12,stagnation1,0,94.5596871518867,99.58706902679475,102.835994949043,102.52287620203754,108.53248736722838,9.136175940889236,12.373529152886395,18.98041770134296,29.102289379603896,41.056310173164036
1988,11,1988-11-01,23866,12,stagnation1,0,94.74557256463928,99.79588384754625,102.74884837959907,102.52242756874689,108.68004407289793,9.15413583359726,12.39947405012429,18.964333077567947,29.102162029920258,41.112128795062944
1988,12,1988-12-01,23867,12,stagnation1,0,94.92106114088283,99.99687884554973,102.52138275694713,102.44095678976377,108.57610569479277,9.17109120386622,12.424447347277068,18.922349796006184,29.079035618783724,41.072810371668275
1989,1,1989-01-01,23868,12,stagnation1,0,95.08603607830273,100.42336161950875,102.28949639845877,102.3464201267484,108.19741090158391,9.18703076648009,12.47743712886574,18.879550580171944,29.052200307232052,40.929555469213696
1989,2,1989-02-01,23869,12,stagnation1,0,95.23632775295242,100.35785269743675,102.23796680000638,102.04720848181924,107.63373702479248,9.201551660355774,12.469297753292652,18.87003977315254,28.96726566435961,40.71632558677532
1989,3,1989-03-01,23870,12,stagnation1,0,94.87178377161123,100.36625065936832,102.23536096772098,101.65945830145849,107.27870126570056,9.166330118787267,12.470341186218239,18.86955881524222,28.85719834695803,40.582020563446015
1989,4,1989-04-01,23871,12,stagnation1,0,94.78045334661807,100.35973557257853,102.29894731641478,101.4842647549528,107.25600877850319,9.157505947973826,12.469531697425015,18.881294934087666,28.807467657801396,40.57343631539664
1989,5,1989-05-01,23872,12,stagnation1,0,94.90720790483454,100.34710126207344,102.1950888835155,101.07865090166693,107.00220621532152,9.169752730720845,12.467961905172979,18.86212580523145,28.692329532809282,40.47742638316803
1989,6,1989-06-01,23873,12,stagnation1,0,94.74579998702076,100.30435101357735,102.10595010502743,100.85617744809572,106.99063523297141,9.154157806712366,12.462650257273017,18.845673479857155,28.629177902022505,40.47304924364144
1989,7,1989-07-01,23874,12,stagnation1,0,94.40272440986091,100.39430634817012,102.2009828143137,100.7472210357644,106.8535174932591,9.121010501255233,12.473827059300815,18.86321364678448,28.59824937993168,40.42117953542381
1989,8,1989-08-01,23875,12,stagnation1,0,94.08250834968354,100.44229256600183,102.1685057681766,100.49205467436205,106.84857674894918,9.090071838565077,12.479789267759001,18.857219365290987,28.525817493853516,40.41931052149263
1989,9,1989-09-01,23876,12,stagnation1,0,94.16885978104825,100.3476347592149,102.15040131598427,100.42930553967143,106.7608191787378,9.098414948546274,12.46802819131331,18.853877830402986,28.50800543527951,40.38611306965086
1989,10,1989-10-01,23877,12,stagnation1,0,93.86653945025283,100.3820036240819,102.27538369568771,100.53683087958075,106.65323102918245,9.069205336968157,12.472298466114442,18.876945801625073,28.538527731118293,40.3454139891612
1989,11,1989-11-01,23878,12,stagnation1,0,93.94839259528047,100.1795902475509,102.4012921972702,100.54254466718166,106.39658254409089,9.0771138311353,12.447148937767878,18.90018470696527,28.54014965498909,40.2483274847882
1989,12,1989-12-01,23879,12,stagnation1,0,93.65045851300887,100.30868806049907,102.6833022962112,100.53388089626318,106.37173130303171,9.048328010492213,12.463189128203226,18.952235250907105,28.537690344660234,40.23892661058118
1990,1,1990-01-01,23880,12,stagnation1,0,93.71410896649199,100.56066960741468,102.96249875159926,100.52107796070425,106.42271883158217,9.05447779545084,12.494497420004755,19.00376648125719,28.534056085172523,40.25821447394736
1990,2,1990-02-01,23881,12,stagnation1,0,93.86322731962879,100.95213692384614,103.16431038067566,100.65965089167302,106.47206345522616,9.068885325248239,12.543136588720158,19.041014810684615,28.573391594344994,40.27688084954466
1990,3,1990-03-01,23882,12,stagnation1,0,94.01138301189991,101.1196706582059,103.24446187663646,100.9250363042942,106.93887510767058,9.08319984459578,12.56395237902758,19.055808355235598,28.64872427482897,40.45346911781458
1990,4,1990-04-01,23883,12,stagnation1,0,94.26951976667439,101.54313570321044,103.22342395064938,100.94063487244084,107.08042403587245,9.108140523646904,12.616567212768516,19.051925389713627,28.65315210655715,40.50701508217888
1990,5,1990-05-01,23884,12,stagnation1,0,94.46316637023074,101.9772361679943,103.29553493265665,101.04722798111995,107.22790831496714,9.12685028775182,12.670503479884074,19.065234898315456,28.68340977791371,40.56280630612539
1990,6,1990-06-01,23885,12,stagnation1,0,94.6387690158949,102.39104461886313,103.54115855949404,101.11307603928923,107.22224156597744,9.143816679189815,12.721918497722973,19.110569598845196,28.70210150131163,40.56066265485711
1990,7,1990-07-01,23886,12,stagnation1,0,94.81333588789325,102.47126401825743,103.45428960158097,100.90303784628993,107.36362872466648,9.16068299615918,12.731885625852481,19.094536213771345,28.64247976126808,40.6141474240949
1990,8,1990-08-01,23887,12,stagnation1,0,95.02891722057214,102.78420276232801,103.52198093927613,100.97703497453229,107.5450852874994,9.181512051798526,12.770767748909876,19.107029989563113,28.663484691281216,40.68278988413009
1990,9,1990-09-01,23888,12,stagnation1,0,94.82852176937294,102.8815975396875,103.35535410254177,100.895092390534,107.53015780544021,9.162150226954827,12.782868889437188,19.076275709769945,28.640224352902383,40.67714302807442
1990,10,1990-10-01,23889,12,stagnation1,0,94.90688110496583,102.82913232240226,103.21209861874762,100.68500208182158,107.44220016158508,9.16972115594318,12.776350172680731,19.04983507561487,28.580587819218422,40.64386989119331
1990,11,1990-11-01,23890,12,stagnation1,0,94.79167019160147,103.02240932442592,103.07696450536638,100.82659942672521,107.76507741864413,9.158589698061803,12.800364521556475,19.024893401068447,28.62078184282978,40.766009806487276
1990,12,1990-12-01,23891,12,stagnation1,0,94.95670715721823,102.97969923978252,102.93403603820335,100.76020227984652,107.76740605830766,9.174535253721302,12.795057863948998,18.99851312430338,28.601934254330256,40.76689069804912
1991,1,1991-01-01,23892,12,stagnation1,0,95.15914434635633,102.74817247839032,102.94150329569158,101.01750539105738,108.15829789412814,9.19409434737581,12.766291045528135,18.999891354428737,28.67497268124655,40.91475956980271
1991,2,1991-02-01,23893,12,stagnation1,0,95.29812374662886,102.47720311803307,102.71226483663769,101.14686338199087,108.34419462919314,9.207522270958188,12.732623549208736,18.957580860829573,28.711692424441146,40.98508168440774
1991,3,1991-03-01,23894,12,stagnation1,0,95.28451093168505,102.38316274287884,102.78282904246187,101.1512026495573,108.37438920279406,9.20620702683965,12.720939187625545,18.97060488128049,28.712924175101023,40.99650386599943
1991,4,1991-04-01,23895,12,stagnation1,0,95.37893624960427,102.07328072508462,102.71502016554444,101.31846584521135,108.42333343584531,9.215330220282524,12.682436857768838,18.958089411299483,28.76040374359156,41.015018779479114
1991,5,1991-05-01,23896,12,stagnation1,0,95.53260461341245,101.74823922144458,102.67320866470462,101.38994583513421,108.6640591956446,9.23017736340013,12.642050986786876,18.950372271488142,28.78069415514309,41.10608194130963
1991,6,1991-06-01,23897,12,stagnation1,0,95.70756531620796,101.44740519128705,102.41813113707147,101.28035119568328,108.80069566793574,9.247081731547139,12.604672854478022,18.90329266650059,28.74958446499483,41.15776959284545
1991,7,1991-07-01,23898,12,stagnation1,0,95.8893077684378,101.4867150663223,102.42382251687351,101.57527622139956,108.95433462145408,9.264641339341033,12.609557041647083,18.904343123259366,28.83330230204388,41.215889043374446
1991,8,1991-08-01,23899,12,stagnation1,0,96.01221318074546,101.2748570963397,102.40773680117424,101.67102794470243,109.14617075506068,9.27651622497942,12.58323403813399,18.901374186136245,28.860482522336024,41.28845794873016
1991,9,1991-09-01,23900,12,stagnation1,0,96.1559047295404,101.0438752664095,102.41429666501294,101.80932787361934,109.42428307439738,9.290399427330764,12.554534926548936,18.902584938808833,28.899740536757967,41.393663919058945
1991,10,1991-10-01,23901,12,stagnation1,0,96.42057468313219,100.84603827150124,102.41064036701289,102.01828652936464,109.4258105916234,9.315971331543999,12.52995400607463,18.901910096665123,28.959055837821985,41.394241757294736
1991,11,1991-11-01,23902,12,stagnation1,0,96.49549308038993,100.64072160530432,102.2033183207648,102.0500847184285,109.29397211461064,9.323209803657987,12.504443748773278,18.863644710713096,28.96808211697221,41.34436911974356
1991,12,1991-12-01,23903,12,stagnation1,0,96.67475356580499,100.42268460290039,102.20567333690511,102.1367817674059,109.37730847657419,9.340529608569888,12.477353010668244,18.8640793755409,28.992692064538705,41.37589409082343
1992,1,1992-01-01,23904,12,stagnation1,0,96.5650675181696,100.22559916352766,102.24408405879015,102.05590287797557,109.1615321670538,9.329931952638052,12.452865469730256,18.87116883430434,28.96973366801202,41.29426895436347
1992,2,1992-02-01,23905,12,stagnation1,0,96.62360176341454,100.01189784871397,102.3515452978122,101.87968195956884,109.1587235206641,9.335587419351537,12.426313433660734,18.89100293231985,28.919711347607098,41.29320648302295
1992,3,1992-03-01,23906,12,stagnation1,0,96.75702567033633,99.78011309468408,102.37872574712868,101.92707514907033,108.90495713900324,9.348478581802194,12.397514560079951,18.89601962206543,28.93316444575055,41.19721023775367
1992,4,1992-04-01,23907,12,stagnation1,0,96.96570574483489,99.88273191499839,102.59720429223803,102.06411464062397,108.85342674222139,9.36864085108841,12.410264779332334,18.936344160637862,28.972064670630783,41.177717014987444
1992,5,1992-05-01,23908,12,stagnation1,0,97.19683114612201,99.72640849363087,102.65968161102685,102.08737265050034,108.6183173748275,9.390971744878023,12.390841851933502,18.947875586069777,28.9786667223766,41.08877845523916
1992,6,1992-06-01,23909,12,stagnation1,0,96.98940865905809,99.51134714420618,102.48832044846779,102.09656882062654,108.39203451377844,9.370930981282127,12.364120833805641,18.916247492766743,28.9812771603014,41.00317883842889
1992,7,1992-07-01,23910,12,stagnation1,0,97.03038266194011,99.28257915495705,102.48556830866535,102.03253628866993,108.14157099595754,9.37488981099707,12.335696788275596,18.91573953090914,28.96310079475506,40.9084320199954
1992,8,1992-08-01,23911,12,stagnation1,0,97.07928130908252,99.26555649588148,102.60514655067897,102.02509500690589,107.90050003474651,9.379614304668955,12.333581750948065,18.937810061587967,28.9609885019354,40.81723827333655
1992,9,1992-09-01,23912,12,stagnation1,0,97.31644566001431,99.2635459043696,102.80793219814123,102.1387276356292,107.67622791462915,9.402528670211845,12.33333193826726,18.97523816538157,28.99324442145871,40.732399291478735
1992,10,1992-10-01,23913,12,stagnation1,0,97.36620913396168,99.24776839317671,102.75462821401057,101.98374886581504,107.4376647448584,9.40733672179394,12.331371608511473,18.965399860375165,28.94925192754995,40.642154206973665
1992,11,1992-11-01,23914,12,stagnation1,0,97.5906479367054,99.36840415639223,102.98960543072548,101.91198354686453,107.20165092038322,9.429021569233583,12.346360403217602,19.008769555254453,28.928880522095017,40.55287350386012
1992,12,1992-12-01,23915,12,stagnation1,0,97.82067722183294,99.49503186791902,103.00791398683283,101.91889153316843,107.09188652932897,9.45124655837834,12.362093687623416,19.01214876155861,28.930841432907258,40.51135118188621
1993,1,1993-01-01,23916,12,stagnation1,0,97.9612380410474,99.61252741526056,102.93475143880288,102.16272849404854,107.0079219715458,9.464827275631308,12.376692315683991,18.998645165639775,29.000057339247924,40.47958857318238
1993,2,1993-02-01,23917,12,stagnation1,0,97.92539012819714,99.73831685876736,102.9230558934125,102.22699279110138,106.77963587051089,9.461363718921485,12.392321446670245,18.996486521316214,29.01829949396394,40.39323115892172
1993,3,1993-03-01,23918,12,stagnation1,0,98.15226300415206,99.8668954771311,102.92909603388304,102.34494829067074,106.67361339651445,9.483283741854834,12.408297128034391,18.997601348757353,29.051782509750765,40.35312435142734
1993,4,1993-04-01,23919,12,stagnation1,0,98.02995496690481,99.65419089984773,103.15046529921979,102.49192288297549,106.45005175494238,9.471466573451128,12.381868934959847,19.03845942694693,29.0935029264534,40.2685541335888
1993,5,1993-05-01,23920,12,stagnation1,0,98.1493633826868,99.70956867131102,103.27914775261253,102.6154418969873,106.647274969329,9.4830035859801,12.388749531771452,19.06221031998237,29.128565209358648,40.34316089567109
1993,6,1993-06-01,23921,12,stagnation1,0,98.37696985138896,99.8350260236181,103.51628498286584,102.97058575451507,106.85723845984299,9.504994487240246,12.404337400973606,19.105978688100727,29.229376849609494,40.422587124634354
1993,7,1993-07-01,23922,12,stagnation1,0,98.35591610597535,99.64302942195133,103.58446571696082,103.18452065611847,106.99499590990742,9.502960314665158,12.38048213973141,19.118562791681853,29.29010471489675,40.47469882626128
1993,8,1993-08-01,23923,12,stagnation1,0,98.41692510357225,99.57570737527162,103.93593235928017,103.4991514377793,106.8687222437624,9.508854887213047,12.372117486414831,19.183432915052716,29.37941625584084,40.426931278223705
1993,9,1993-09-01,23924,12,stagnation1,0,98.64841256158508,99.57940104566829,103.89042365016257,103.56065170996845,106.94302124535616,9.53122076223035,12.372576418872438,19.17503338229642,29.396873810529865,40.455037543259984
1993,10,1993-10-01,23925,12,stagnation1,0,99.05564919631209,99.58629767472064,104.22607293795656,103.77848176310403,107.27996148220691,9.570567186235174,12.373433313662794,19.236984099908913,29.458707359068175,40.582497285587245
1993,11,1993-11-01,23926,12,stagnation1,0,99.28978399373426,99.72212443425371,104.47120142002744,103.84364338306945,107.61693357169759,9.593188842117955,12.39030956461835,19.282227411674477,29.477204229141744,40.709969077319215
1993,12,1993-12-01,23927,12,stagnation1,0,99.11397828695726,99.56851655308752,104.72931616722926,104.02193539604933,107.69754776077951,9.57620283130399,12.371224038612844,19.329867595631413,29.527814453396353,40.74046428876781
1994,1,1994-01-01,23928,12,stagnation1,0,99.37756950291397,99.53230003375207,104.9301563474779,103.85145109584944,108.07394804669886,9.601670509952136,12.36672419578995,19.36693662495545,29.479420537590492,40.88285121145653
1994,2,1994-02-01,23929,12,stagnation1,0,99.54128771445502,99.36363956813268,104.96976701819028,103.94032108831459,108.75736362305342,9.617488650117556,12.345768410980988,19.374247558018563,29.50464729998435,41.14137769104459
1994,3,1994-03-01,23930,12,stagnation1,0,99.53562700103811,99.51624340222628,104.89253601695697,103.75748006020302,109.15190329177011,9.616941722824482,12.364729185792939,19.359993048557868,29.45274578582783,41.29062648656552
1994,4,1994-04-01,23931,12,stagnation1,0,99.46000085615452,99.5877535352159,104.68357618989042,103.58778300100339,109.58223404998326,9.609634869489849,12.373614201929279,19.321425377748742,29.404575337371398,41.45341454675686
1994,5,1994-05-01,23932,12,stagnation1,0,99.39329863754358,99.43999068989328,104.52840186400672,103.57774874063111,109.68668348205902,9.603190228827085,12.355254911991537,19.292784885445865,29.401726997957965,41.492926294665146
1994,6,1994-06-01,23933,12,stagnation1,0,99.566648058735,99.40005111533708,104.41604946415609,103.40468831648083,109.93186768664839,9.619938918030257,12.350292485695086,19.272048026917194,29.35260181994547,41.58567602331664
1994,7,1994-07-01,23934,12,stagnation1,0,99.81025987302976,99.61887863623637,104.29091267452995,103.21871556244774,110.08951660208018,9.6434762251398,12.377481444419965,19.24895155628854,29.29981132961698,41.64531238591589
1994,8,1994-08-01,23935,12,stagnation1,0,99.96351355107413,99.66822993838962,104.00834684840433,103.02801493394553,110.50196691075821,9.65828330211281,12.3836132623547,19.196798441898515,29.24567877812079,41.801336524078366
1994,9,1994-09-01,23936,12,stagnation1,0,99.77639358923263,99.74319346411139,104.14582094704697,102.83694452664169,110.7222103884468,9.64020412963532,12.39292735684494,19.222172007026618,29.191441260688322,41.884651527290295
1994,10,1994-10-01,23937,12,stagnation1,0,99.60182970734002,99.83002264840323,103.96306050364487,102.6586952811549,110.77866056579163,9.623338101564247,12.403715739851446,19.188439950884472,29.1408431764751,41.90600583369772
1994,11,1994-11-01,23938,12,stagnation1,0,99.42754788113895,99.6538399542209,103.78059535972108,102.48073404607247,110.54881694454942,9.606499325174106,12.381825330544263,19.15476239810419,29.090326847304677,41.81905923149635
1994,12,1994-12-01,23939,12,stagnation1,0,99.67223159496284,99.77639139532558,103.59459275262556,102.51576553215607,110.99113452119005,9.630140197164032,12.397052145070042,19.120431936499173,29.100270934743204,41.98638173614101
1995,1,1995-01-01,23940,12,stagnation1,0,99.48065004214757,99.78496144205418,103.3940155819041,102.32013934151311,110.78350886840248,9.611629954308242,12.39811695924797,19.083411450787597,29.044740206175838,41.90783987823713
1995,2,1995-02-01,23941,12,stagnation1,0,99.38665369545964,99.92381390214442,103.35538639641454,102.12953223945479,110.59397666461638,9.60254820724448,12.415369148509754,19.076281670243173,28.99063420322897,41.83614251705792
1995,3,1995-03-01,23942,12,stagnation1,0,99.29196480823778,99.74316182968359,103.28263912000986,102.16228174340532,110.55553467416507,9.59339954824018,12.392923426319435,19.062854720919834,28.999930523975262,41.82160045392155
1995,4,1995-04-01,23943,12,stagnation1,0,99.35338623456433,99.64398280489364,103.12730703640014,101.96794061252513,110.59884113186875,9.599333968862346,12.380600595990298,19.03418511130704,28.94476457429893,41.83798267645337
1995,5,1995-05-01,23944,12,stagnation1,0,99.16264081502446,99.93614238661321,103.14692384571744,102.051882460083,110.75413634255737,9.58090451160287,12.416900942380948,19.03780578162772,28.96859242647383,41.89672866572446
1995,6,1995-06-01,23945,12,stagnation1,0,99.06786039400296,99.95602972780668,103.29689005753777,102.17912758611239,110.76262359033097,9.57174700877809,12.419371911739074,19.065485013426354,29.004712408833214,41.89993927192691
1995,7,1995-07-01,23946,12,stagnation1,0,98.90551345167961,100.05109811660971,103.4625344804668,102.01335320218784,110.73979583052989,9.556061358019228,12.431184002323402,19.09605796931256,28.95765545655663,41.891303852158266
1995,8,1995-08-01,23947,12,stagnation1,0,98.74474377194873,99.98092883810612,103.38125481472316,102.04343657662841,110.71837410212002,9.540528099352432,12.422465585146496,19.081056198704864,28.966194965990205,41.88320031424648
1995,9,1995-09-01,23948,12,stagnation1,0,98.58756098214896,100.13880030461937,103.21669158407356,102.17687780363666,111.1017006645472,9.525341399123782,12.442080854602661,19.050682798247564,29.00407378238149,42.02820734971017
1995,10,1995-10-01,23949,12,stagnation1,0,98.42338770137005,100.5430890939419,103.04480962736736,102.37986678505938,111.20219605524566,9.509479291039817,12.492313070188015,19.018958582079634,29.06169452320614,42.06622333949883
1995,11,1995-11-01,23950,12,stagnation1,0,98.2751794179263,100.70922440497765,102.88964229662075,102.22852955302541,111.24158838911286,9.49515969043386,12.51295510870279,18.99031938086772,29.018735721388275,42.081124904154066
1995,12,1995-12-01,23951,12,stagnation1,0,98.11669600097925,100.58685491925587,102.7237173685137,102.06172383881967,111.19537286224332,9.479847326100254,12.497750901833376,18.959694652200508,28.971386014231985,42.063642221760986
1996,1,1996-01-01,23952,12,stagnation1,0,97.95695594135576,100.9162325453478,102.55647679268928,102.4131572815241,111.58332720925466,9.464413547357054,12.538675528881697,18.92882709471411,29.071144410856554,42.21039988290287
1996,2,1996-02-01,23953,12,stagnation1,0,97.7990714602817,101.34724336351582,102.39117892319554,102.78547629557374,111.82728568553394,9.44915905106085,12.592227912498654,18.8983181021217,29.176831415452963,42.30268593581165
1996,3,1996-03-01,23954,12,stagnation1,0,97.63202736667179,101.4915898259532,102.21629135604906,102.6683876168499,111.68698604561021,9.433019570537242,12.610162722494966,18.866039141074484,29.14359445666357,42.24961255959388
1996,4,1996-04-01,23955,12,stagnation1,0,97.4624703806541,101.63246052402077,102.03877290486348,102.83696617039938,111.70157240862058,9.41663729916005,12.627665674498278,18.8332745983201,29.191447404516147,42.25513037512155
1996,5,1996-05-01,23956,12,stagnation1,0,97.29168789121067,101.62079020221984,101.85997140733953,102.85611962868799,111.73346993324577,9.400136621988054,12.626215656253553,18.800273243976108,29.196884332413457,42.26719675908212
1996,6,1996-06-01,23957,12,stagnation1,0,97.1290023754796,101.8304227178445,101.68964707295976,102.85288141797028,111.78270748210316,9.38441825891473,12.652262150731433,18.76883651782946,29.195965129315866,42.28582262979689
1996,7,1996-07-01,23958,12,stagnation1,0,96.95966512711185,102.03254210294513,101.51235867709778,102.88572943815272,111.79675860832161,9.368057218168593,12.67737515112743,18.736114436337186,29.205289415019795,42.29113797279051
1996,8,1996-08-01,23959,12,stagnation1,0,96.80026380241594,102.49298230951798,101.34547274133344,103.07285654816621,112.02593971357149,9.3526561673456,12.734584087738039,18.7053123346912,29.258407582477854,42.37783395453034
1996,9,1996-09-01,23960,12,itboom,0,96.6239551417041,102.61780917609076,101.36487648336316,103.14148956281662,111.86131516148077,9.335621562085342,12.75009362012709,18.708893679227963,29.277889847581445,42.3155588069067
1996,10,1996-10-01,23961,12,itboom,0,96.44466799233662,102.48427376613898,101.46836896683955,103.26400368919818,111.88360663754892,9.318299180953403,12.73350206557962,18.727995264877077,29.312666881655474,42.32399135809827
1996,11,1996-11-01,23962,12,itboom,0,96.25103157301311,102.58942789475377,101.47843732133903,103.60629035952107,112.22293776320154,9.299590400829567,12.746567292708768,18.729853578924217,29.409828862469272,42.45235553995898
1996,12,1996-12-01,23963,12,itboom,0,96.06379097457554,102.97845052020064,101.28240493238026,103.54074624301913,112.19075400967587,9.28149957267512,12.79490271259952,18.693671922615323,29.39122341638511,42.44018087963985
1997,1,1997-01-01,23964,12,itboom,0,95.963392765922,102.92144920988495,101.3595573639303,103.56794898273924,112.0485441054534,9.271799289964418,12.787820393761978,18.7079119304863,29.398945224751984,42.38638487736361
1997,2,1997-02-01,23965,12,itboom,0,96.17497822842391,102.7596482905564,101.61414780081864,103.59988075411079,112.20773397443743,9.292242272277239,12.767716896271386,18.75490163323875,29.408009422765964,42.44660416097146
1997,3,1997-03-01,23966,12,itboom,0,96.00772787595359,102.89078051148608,101.64551450824712,103.70633886492914,112.40625511145609,9.276082863417413,12.784009858544628,18.760690979753104,29.438228773437867,42.52170190889085
1997,4,1997-04-01,23967,12,itboom,0,96.01440735792215,103.0387404851809,101.90002868056196,103.74697290198019,112.49360561476814,9.276728222177544,12.80239364135764,18.80766660636945,29.4497632089583,42.55474537306233
1997,5,1997-05-01,23968,12,itboom,0,96.22780313749215,103.19670436524608,102.17297111218171,103.67510087010548,112.33750557551511,9.297346113859685,12.822020393045285,18.85804353288366,29.429361511821007,42.495694928489634
1997,6,1997-06-01,23969,12,itboom,0,96.08408932729427,103.28964255202419,102.43470428348819,103.60578647356881,112.43889518821533,9.283460760654208,12.833567809539751,18.90635156860749,29.409685828686566,42.53404918985722
1997,7,1997-07-01,23970,12,itboom,0,96.34605846161888,103.39534666968368,102.48652155755987,104.04252123870187,112.62274162402535,9.308771716880488,12.846701371901025,18.91591547185472,29.533657979955404,42.60359570515367
1997,8,1997-08-01,23971,12,itboom,0,96.7663434822031,103.25366699274474,102.6795678916248,104.02876607799602,112.5006897030066,9.349378850946085,12.829097905606583,18.95154599264738,29.52975342048386,42.5574251837906
1997,9,1997-09-01,23972,12,itboom,0,97.42424619888024,103.35991705355309,102.91799278043023,104.32482487651616,112.73679454253211,9.412944151896125,12.84229930050409,18.99555202363065,29.613793091892724,42.646740316614796
1997,10,1997-10-01,23973,12,itboom,0,98.0949347730506,103.23720248304363,103.0214028763282,104.34412426661525,112.98869361338981,9.477744797919016,12.827052217418693,19.01463840302195,29.61927144420121,42.74203018452755
1997,11,1997-11-01,23974,12,itboom,0,98.77924676472318,103.12936754599593,103.39874695457618,104.67351806162354,113.28781638453574,9.54386171245934,12.813653904261184,19.084284719234716,29.712773635100405,42.855184112627164
1997,12,1997-12-01,23975,12,itboom,0,99.47457749964002,103.33799210641072,103.77952592399961,105.22069494455933,113.64568344425837,9.611043236876865,12.839575161965897,19.154565012580687,29.868096042927178,42.99056017707703
1998,1,1998-01-01,23976,12,itboom,0,100.09681144857126,103.55345837230749,104.24871177412733,105.38599507264028,113.8961342815918,9.671162289774097,12.86634649029789,19.24116254508277,29.915018372265827,43.085302198660834
1998,2,1998-02-01,23977,12,itboom,0,100.42431830049189,103.97426737659775,104.55852646704207,105.54528740775274,113.91345278187111,9.70280537480448,12.918631315358681,19.298344977016733,29.960235320952087,43.091853543207066
1998,3,1998-03-01,23978,12,itboom,0,101.31032833721032,104.34181142071836,105.11562522158911,105.91832219429752,114.33571125265686,9.78840996831219,12.964298056928033,19.401168575577145,30.06612550574647,43.25158797084592
1998,4,1998-04-01,23979,12,itboom,0,102.11380750082503,104.79183754636585,105.46355130249745,106.32328674523461,114.7698260502427,9.866040586863534,13.02021306115174,19.465385218281906,30.18107931885085,43.41580747979478
1998,5,1998-05-01,23980,12,itboom,0,102.712306047268,105.27421173093225,105.79520255507512,106.60122677320808,115.09662822693001,9.923866370613077,13.080147258368912,19.52659801938542,30.259975770295686,43.539432136861194
1998,6,1998-06-01,23981,12,itboom,0,103.83168681882324,105.82389638807545,106.14556393482641,106.97739180048274,115.35329826366831,10.032018797739342,13.14844467083946,19.591264144679325,30.366754509673424,43.63652679391839
1998,7,1998-07-01,23982,12,itboom,0,104.54012786867129,106.30768387325477,106.70134650912549,107.19302898059561,115.55287422552209,10.100467015686212,13.2085544683279,19.69384481613149,30.427965586158244,43.712023567204824
1998,8,1998-08-01,23983,12,itboom,0,105.08550844597292,106.8342715285977,107.11149547448929,107.56914655631878,116.0361199155739,10.1531606429501,13.273982116401191,19.76954592337741,30.534730855871125,43.89482860025895
1998,9,1998-09-01,23984,12,itboom,0,105.42098271724727,107.1427135261049,107.30105228500322,107.66205147873451,116.35848657131157,10.18557352478505,13.31230552611117,19.80453238355093,30.561102979216592,44.01677536227011
1998,10,1998-10-01,23985,12,itboom,0,105.82582786837222,107.68634673128606,107.68639804738068,108.14419850976101,116.69337699613916,10.22468888822267,13.379851055651521,19.875655568900484,30.69796592083753,44.14345968960172
1998,11,1998-11-01,23986,12,itboom,0,106.2152253467224,108.23008023493979,107.92547914147586,108.43999953271035,117.07410438914441,10.2623117270909,13.447409047111739,19.91978271555443,30.781932419706425,44.28748349590917
1998,12,1998-12-01,23987,12,itboom,0,106.56106683169159,108.45819841005405,108.4004860134178,108.72094063811879,117.37525437498805,10.295726269265325,13.475752354306774,20.007454632813886,30.86168076125812,44.40140429075473
1999,1,1999-01-01,23988,12,itboom,0,107.25707414692697,108.96759844666408,108.7230177860344,108.94582292171168,117.6673677274276,10.362973163577934,13.539044469087056,20.066984253441866,30.925516165959113,44.51190665455758
1999,2,1999-02-01,23989,12,itboom,0,107.95379214583903,109.12579034326302,108.88351238075514,109.2187273889717,118.08113265839908,10.430288722786802,13.558699551453126,20.096606706631693,31.002983215981555,44.668428095803684
1999,3,1999-03-01,23990,12,itboom,0,108.4881204846599,109.52033457077678,109.20089647589877,109.48603481634193,118.26639257542485,10.481914503927863,13.607721021298081,20.155186221524062,31.078861482304433,44.7385093111206
1999,4,1999-04-01,23991,12,itboom,0,108.91035403613175,109.97596974925003,109.48459056438126,109.84034640899972,118.37266595844885,10.52270990131742,13.664332941088617,20.207547579057167,31.179436874666184,44.77871103396348
1999,5,1999-05-01,23992,12,itboom,0,109.33862123071506,110.13621045948047,109.74222109733685,110.28656553768016,118.82990439760466,10.564088257753173,13.684242585170843,20.255098391693732,31.30610127085404,44.951677890583625
1999,6,1999-06-01,23993,12,itboom,0,109.60016407825272,110.13030062959633,110.02169293235232,110.58702243442596,118.89841884288725,10.58935802696621,13.683508298550356,20.306680448803043,31.391389392677333,44.977595939502436
1999,7,1999-07-01,23994,12,itboom,0,109.84394084573962,110.35067186936446,110.31483957363015,110.87354026949919,119.3707108599139,10.61291127153738,13.710889061799799,20.360786461993815,31.472720752639248,45.156257352446424
1999,8,1999-08-01,23995,12,itboom,0,110.09870607744713,110.81675346688864,110.61819368485148,111.21323333065021,119.81583980497936,10.637526200484453,13.768798931936027,20.416776465739616,31.569146507866584,45.32464335813913
1999,9,1999-09-01,23996,12,itboom,0,110.31534491937195,111.24342107287039,111.05280443084636,111.51722478409849,120.01746460990549,10.65845743064257,13.82181167859882,20.496992478630464,31.655437953979977,45.400915179880776
1999,10,1999-10-01,23997,12,itboom,0,110.45839634777049,111.6739918427202,111.54865382178848,111.82382693330443,120.56708377260416,10.672278785786704,13.87530938693768,20.588511295185903,31.742470475902365,45.60882836208326
1999,11,1999-11-01,23998,12,itboom,0,110.60917628625185,112.09643590110609,111.75374835228232,111.9089616307837,120.85275420714069,10.68684685477904,13.92779736477439,20.626365549029245,31.76663693215164,45.716893460858245
1999,12,1999-12-01,23999,12,itboom,0,110.78041547077405,112.50598943393788,112.10592741235409,111.98173535517255,121.20716391768293,10.703391656955217,13.978683716061608,20.691367163193053,31.787294585007793,45.85096165884555
2000,1,2000-01-01,24000,12,itboom,0,110.58096055529144,112.6129265838078,112.30326341402893,112.22872771844985,121.38274771856221,10.684120704871827,13.991970480642319,20.72778942702351,31.85740618835847,45.917382535812
2000,2,2000-02-01,24001,12,itboom,0,110.347655201549,112.8539728086582,112.62794077808398,112.39333042466379,121.75399518906609,10.661579188249437,14.021920076704605,20.787715059006644,31.904130546534535,46.05782022105953
2000,3,2000-03-01,24002,12,itboom,0,110.08259547832408,112.88076311818257,112.75651190533293,112.68262849105719,122.17776369023808,10.63596962524045,14.025248728497997,20.811445404599418,31.98625110691122,46.21812587190917
2000,4,2000-04-01,24003,12,itboom,0,109.86980260582652,112.78019817210935,112.93785167469944,112.72024893256885,122.4329262018907,10.6154099852854,14.012753699734166,20.84491524723717,31.996930098917876,46.31465025347546
2000,5,2000-05-01,24004,12,itboom,0,109.6555621994336,112.93098423419016,113.14972019479843,112.73656525318017,122.54121833931771,10.594710487376643,14.031488619370208,20.884019774900246,32.00156167288099,46.35561564265405
2000,6,2000-06-01,24005,12,itboom,0,109.41362516137102,113.15993415261933,113.30015912466597,113.00927866988694,122.9927945017734,10.571334993940344,14.059935269300952,20.911786256168245,32.078974491021796,46.52644053981002
2000,7,2000-07-01,24006,12,itboom,0,109.18906680300215,113.21023280296441,113.4355087538266,113.25766737138747,123.64650518739536,10.549638595265083,14.066184793686778,20.936767708416202,32.14948246092548,46.773730077933244
2000,8,2000-08-01,24007,12,itboom,0,109.23289860498663,112.97946135553133,113.57366945336231,113.54045140545988,123.84031720837768,10.553873540058134,14.037511821780166,20.962267999325015,32.229753938827535,46.84704643363248
2000,9,2000-09-01,24008,12,itboom,0,109.37780449929683,113.03301196019605,113.53508259808801,113.68841652887107,123.97390167374952,10.567874070148335,14.044165396129214,20.955146031659407,32.27175552909814,46.89757955396966
2000,10,2000-10-01,24009,12,itboom,0,109.52548539811083,112.97369854161558,113.31450390935483,113.75649058092635,123.95484401274123,10.582142715861028,14.036795801651389,20.91443387002529,32.291079126284885,46.890370309433656
2000,11,2000-11-01,24010,12,itboom,0,109.6683645982537,112.85184795130814,113.32229040534615,113.97193606900763,123.72170530543455,10.595947430640827,14.021656066681782,20.915871021933224,32.35223578879712,46.80217722261932
2000,12,2000-12-01,24011,12,itboom,0,109.81829493552937,112.79548783680545,113.32286575090863,114.25145684840166,124.02638219034436,10.6104334127912,14.014653415366967,20.915977213341243,32.431580954587304,46.917432193668915
2001,1,2001-01-01,24012,12,itboom,0,110.3179260046582,113.12189039316438,113.45895597596576,114.48702141824153,124.7322184696712,10.658706810161515,14.055208394905495,20.941095357216195,32.49844864824771,47.184440109164875
2001,2,2001-02-01,24013,12,itboom,0,110.4622603527595,113.00367471405166,113.53278695310361,114.73729954157866,124.80641733460142,10.67265211855122,14.040520291659522,20.954722324953213,32.56949295211983,47.21250849391279
2001,3,2001-03-01,24014,12,stagnation2,0,110.90813186092016,113.38397458064264,113.54967086762846,114.86904972767849,125.35184932387843,10.71573137006188,14.087771923142284,20.95783858546369,32.60689174723496,47.41883772742932
2001,4,2001-04-01,24015,12,stagnation2,0,111.06669573316736,113.73935675674907,113.71568002877486,115.11151931298828,126.01020128250491,10.731051507832557,14.131927572660254,20.988478861005046,32.67571950840245,47.66788299371002
2001,5,2001-05-01,24016,12,stagnation2,0,111.5760044268692,114.07694486709103,113.90269535631725,115.40357014079561,126.29771932367068,10.78025993876159,14.173872338841296,21.02299624020741,32.758621471547265,47.77664701603028
2001,6,2001-06-01,24017,12,stagnation2,0,112.09902096577774,114.3149960838144,114.0662721295944,115.46717738933773,126.76913613250467,10.830792795451227,14.203449810081203,21.053187570437416,32.77667711553901,47.95497735005132
2001,7,2001-07-01,24018,12,stagnation2,0,112.6477469574788,114.69372563066085,114.14140089279033,115.51038454342746,126.86850679678827,10.883809650249693,14.250506331924445,21.06705407027097,32.788941959719835,47.99256787169058
2001,8,2001-08-01,24019,12,stagnation2,0,112.93059594061397,115.15450736934827,114.50131066520733,115.43628213422173,127.29092766080967,10.911137977494196,14.30775770333726,21.133482540367016,32.76790714450278,48.152363730401504
2001,9,2001-09-01,24020,12,stagnation2,0,113.17792194031371,115.36073447770457,114.86553712304197,115.55385711710879,127.85196099778634,10.935034142086868,14.333381081576011,21.20070774017189,32.80128214628324,48.36459473384715
2001,10,2001-10-01,24021,12,stagnation2,0,113.40431150166842,115.90299805525713,115.24128013750537,115.87756488155547,128.17956070765166,10.956907468088836,14.400756437141396,21.270058548382682,32.89317029246427,48.488521086473355
2001,11,2001-11-01,24022,12,stagnation2,0,114.0173086001196,116.75146128239847,115.87334118306114,116.03405865372015,128.94717366326248,11.016134074176364,14.506176594384511,21.386717921040482,32.937592837093895,48.77889824784681
2001,12,2001-12-01,24023,12,stagnation2,0,114.42418401649995,117.24696945891638,116.13685478158294,116.14574769639377,129.1970003161568,11.055445597956075,14.567742668449691,21.435354569836516,32.96929704751824,48.873404149255364
2002,1,2002-01-01,24024,12,stagnation2,0,114.72780483656088,117.75340059220389,116.44249113659967,116.46637414798072,129.40897766259124,11.084780860317275,14.630665901886516,21.491765806833914,33.060310527850675,48.95359219152744
2002,2,2002-02-01,24025,12,stagnation2,0,115.39868938175407,118.46600349057535,116.82358670491493,116.78515368483383,130.01465138985765,11.14960044068521,14.71920563725174,21.56210453476997,33.15079974034129,49.182710025400056
2002,3,2002-03-01,24026,12,stagnation2,0,115.63381827135684,118.55677031906873,117.2900256334075,117.0777500152919,129.9130191089453,11.17231814385132,14.730483266058908,21.648195068530477,33.233856550644,49.1442639660683
2002,4,2002-04-01,24027,12,stagnation2,0,116.47229048425766,118.78217348150666,117.55801001902593,117.36827568561044,130.19495810596476,11.25332972383153,14.758489237404726,21.69765688954943,33.31632558041597,49.25091751462631
2002,5,2002-05-01,24028,12,stagnation2,0,116.7426333540442,119.2529495928954,117.80634357329684,117.56377285888658,130.62796326775972,11.279449734346871,14.816982393149512,21.743491760808823,33.371819685930184,49.414717263996124
2002,6,2002-06-01,24029,12,stagnation2,0,117.01755774298394,119.84222551477373,117.90752049462344,117.81929180316611,130.59274771264288,11.306012402471612,14.890198954995444,21.76216596364477,33.44435165668508,49.40139571586919
2002,7,2002-07-01,24030,12,stagnation2,0,117.26774804292798,119.88583248902904,118.09942154414482,118.0859403718467,130.71549012093834,11.330185310270272,14.89561704965864,21.797585099512972,33.52004289844372,49.447827438836434
2002,8,2002-08-01,24031,12,stagnation2,0,117.49761660231735,120.17658924388672,118.12125723017536,118.32238985902498,130.91856609907856,11.352394770401911,14.931743097124322,21.80161530743638,33.58716178599776,49.524648218950254
2002,9,2002-09-01,24032,12,stagnation2,0,117.85791506265168,120.50979785068755,118.21647023000759,118.51790153121284,130.7696475656503,11.387206117858662,14.973143717210181,21.819188750551398,33.64266000719367,49.4683144368056
2002,10,2002-10-01,24033,12,stagnation2,0,118.05343771615662,120.33704259097453,118.28015941345032,118.34506422724904,131.0076729546042,11.406097142317968,14.951679160985535,21.830943849584568,33.59359816439448,49.558356086407834
2002,11,2002-11-01,24034,12,stagnation2,0,118.08185883789882,120.19953286435768,118.10572533987451,118.43069754910341,131.1566281049675,11.4088431366893,14.934593804144264,21.798748589749174,33.61790616086769,49.61470372022288
2002,12,2002-12-01,24035,12,stagnation2,0,118.10514996136372,120.24991380977308,118.13359719027001,118.50934838340291,131.35460972086955,11.411093480448312,14.940853553556908,21.803892891244754,33.640232098497655,49.68959737490856
2003,1,2003-01-01,24036,12,stagnation2,0,118.09310960522623,120.01423414220174,117.91923067798886,118.28010655431305,131.15113374816102,11.409930164289214,14.911570743389536,21.764327309696267,33.575159187014606,49.6126252824876
2003,2,2003-02-01,24037,12,stagnation2,0,117.84185595728839,120.00458162751555,117.85276210151825,118.12023109900184,131.09861912095278,11.385654517843143,14.910371434352376,21.752059218683478,33.5297767129998,49.592759739224086
2003,3,2003-03-01,24038,12,stagnation2,0,117.8957206485863,120.13286977820216,117.85028344151411,118.09212419178311,131.24679268847154,11.390858821193987,14.92631102558649,21.75160173293404,33.52179824636145,49.64881171126571
2003,4,2003-04-01,24039,12,stagnation2,0,117.84257526657927,120.16062247900243,117.84390725803905,118.21472422325725,131.33589792264945,11.385724016129732,14.929759252909365,21.750424882107083,33.556599665577174,49.682518965390294
2003,5,2003-05-01,24040,12,stagnation2,0,118.02580342072619,119.98005961799241,117.66833362569646,118.37382349862209,131.3891093362326,11.403427169598523,14.907324615094744,21.718019294152633,33.601761812049034,49.702648093118
2003,6,2003-06-01,24041,12,stagnation2,0,118.21044097734031,119.80135922509238,117.68478905141141,118.23598466957061,131.81534481798852,11.421266496835432,14.885121385872425,21.721056468574663,33.56263468609037,49.86388696794972
2003,7,2003-07-01,24042,12,stagnation2,0,118.38736725979669,120.02174997151585,117.69410635098512,118.1486104059416,131.9217474132072,11.43836077552623,14.912504572791635,21.722776160574,33.53783250341018,49.90413756994457
2003,8,2003-08-01,24043,12,stagnation2,0,118.49314777260082,119.87874429688021,117.86499455769318,118.17211074668472,131.77750277999797,11.4485810861597,14.894736353469344,21.75431696051627,33.54450334354032,49.84957185837274
2003,9,2003-09-01,24044,12,stagnation2,0,118.4617203864026,119.7217527926544,118.02910660593555,118.17053740136936,132.09067809861577,11.445544632272032,14.875230417876734,21.78460708633269,33.544056731502515,49.9680416671061
2003,10,2003-10-01,24045,12,stagnation2,0,118.62740910556653,119.80730091800785,118.20986144405764,118.62901561486487,132.31087161824544,11.461553159111492,14.88585963142203,21.817968968335155,33.67420100893281,50.05133777188851
2003,11,2003-11-01,24046,12,stagnation2,0,118.57410310132107,119.60995536927105,118.35923057257908,118.79766545533187,132.52644080823288,11.456402835034067,14.861339772324357,21.84553799659639,33.72207419239113,50.132884557948586
2003,12,2003-12-01,24047,12,stagnation2,0,118.72450353240943,119.51247728036192,118.52452464375061,118.67793209985885,132.2971716618387,11.470934236748644,14.849228280474343,21.876046288133274,33.688086511900195,50.04615527148482
2004,1,2004-01-01,24048,12,stagnation2,0,118.6505714212785,119.29507702869668,118.68062749794144,118.75093453552697,132.70542915757295,11.463791057712015,14.82221665759888,21.904858158708183,33.708809087065205,50.20059332760963
2004,2,2004-02-01,24049,12,stagnation2,0,118.81163640702172,119.31680640392582,118.8678855721244,118.9434909505537,132.77736086943509,11.47935284828037,14.824916496649262,21.93942034160633,33.76346842476232,50.22780408030809
2004,3,2004-03-01,24050,12,stagnation2,0,118.82549255989635,119.17465074394924,118.80476811265312,119.01586120181676,132.97978676278254,11.480691603243923,14.80725389024707,21.927770765544892,33.78401154716343,50.304378942507945
2004,4,2004-04-01,24051,12,stagnation2,0,118.60466986056434,119.09991418313629,119.13417005686992,119.07929526522862,132.98125819567474,11.459356136792994,14.797967995772591,21.988568412282955,33.802018030577905,50.30493556483078
2004,5,2004-05-01,24052,12,stagnation2,0,118.34069068617686,118.83598833353,119.408355811659,118.8981157573018,133.04778220120497,11.433850974344002,14.765175644052459,22.03917481868991,33.75058815790295,50.330100658447115
2004,6,2004-06-01,24053,12,stagnation2,0,118.05984191587886,118.55519629573469,119.67016729278214,119.09737420101051,132.84418429490867,11.40671590383448,14.7302876962545,22.08749730803994,33.80714994298898,50.25308244026859
2004,7,2004-07-01,24054,12,stagnation2,0,117.79928358653567,118.29469060014918,119.96123262700257,119.15196921362302,132.8418290570654,11.381541256884558,14.697920293033173,22.141219174830084,33.822647360878435,50.252191486990256
2004,8,2004-08-01,24055,12,stagnation2,0,117.62407775812622,118.06277232201481,119.78889199254226,119.18074587108758,133.0303651460115,11.36461320517002,14.669104829302528,22.109410300606697,33.830815943773644,50.323512031966025
2004,9,2004-09-01,24056,12,stagnation2,0,117.40392213520248,117.895215128847,119.81714441243798,119.52702222880083,133.3196601888205,11.343342190364561,14.648286124276881,22.114624843733935,33.92911044292159,50.43294826896055
2004,10,2004-10-01,24057,12,stagnation2,0,117.14363078259807,117.9027105797099,119.80380606446548,119.188417916905,133.0409320672729,11.318193338196021,14.649217421690013,22.11216298768743,33.832993741605534,50.32750934933531
2004,11,2004-11-01,24058,12,stagnation2,0,116.85883061171967,117.61796793953191,119.89377923775841,119.21793152065518,133.06919387588997,11.29067649092726,14.613838618058749,22.128769317133273,33.84137151512098,50.33820039317649
2004,12,2004-12-01,24059,12,stagnation2,0,116.59068246005222,117.34987395479466,119.94050569599334,119.33991441467361,133.2134416915078,11.26476852987486,14.580528382419951,22.137393609584986,33.87599775282124,50.392767308608626
2005,1,2005-01-01,24060,12,stagnation2,0,116.34796991408122,117.6396410758901,120.21876621889743,119.75161145854389,133.44111114677997,11.24131810834914,14.61653146952213,22.188752095075703,33.992862660940176,50.47889145446906
2005,2,2005-02-01,24061,12,stagnation2,0,116.09955432901091,117.48132817318113,120.14204402884688,119.96275681549889,133.99494496852284,11.21731667010394,14.596861352346368,22.17459149678672,34.05279868211807,50.68839898278108
2005,3,2005-03-01,24062,12,stagnation2,0,115.83770131864931,117.4406992924756,120.23404619604798,119.98501152050709,133.90447042466008,11.192016933552653,14.591813280897215,22.19157231720637,34.05911593431777,50.65417373810354
2005,4,2005-04-01,24063,12,stagnation2,0,115.5673616509403,117.55226218791226,119.95101286175223,119.87897421182186,133.87404441790457,11.16589723241591,14.605674786738849,22.139332914932883,34.02901603313756,50.64266400861159
2005,5,2005-05-01,24064,12,stagnation2,0,115.32334642227926,117.56722220994233,119.89329608905757,120.07338017772041,133.96237644041733,11.142320948182624,14.607533544813824,22.12868014248039,34.08420038697437,50.676078767661906
2005,6,2005-06-01,24065,12,stagnation2,0,115.10110497580612,117.34502565707311,119.8522778918889,119.9964583568835,133.8495425506479,11.120848405099068,14.579925989420682,22.1211094225588,34.06236524956377,50.63339529758954
2005,7,2005-07-01,24066,12,stagnation2,0,114.84782860274065,117.10116601077006,119.62718870104383,120.09589345901745,133.854839163081,11.096377326823612,14.54962683038095,22.079564758509854,34.090591039006995,50.635398931415644
2005,8,2005-08-01,24067,12,stagnation2,0,114.56154819474837,117.18099410140091,119.69019525583465,119.91801430682341,133.7036071321508,11.068717461878778,14.559545339041692,22.091193864918022,34.040098010001955,50.578189985775445
2005,9,2005-09-01,24068,12,stagnation2,0,114.20441239476477,117.16179759778426,119.42779052642167,119.6762397328923,133.5910353133693,11.034211684610296,14.55716020511361,22.0427618798574,33.97146753575241,50.53560565346385
2005,10,2005-10-01,24069,12,stagnation2,0,113.87378921403328,117.18403202436113,119.19266652238532,119.67744691239966,133.70394691985183,11.002267505856326,14.559922795961349,21.999365092473436,33.971810207443426,50.578318522673335
2005,11,2005-11-01,24070,12,stagnation2,0,113.5996579565997,117.42814268715928,118.9157178614321,119.48523069687668,133.6195144233411,10.975781468579283,14.590253143386782,21.94824873706379,33.917247439261054,50.546378899344596
2005,12,2005-12-01,24071,12,stagnation2,0,113.3306373421651,117.78100026952576,118.69102105141823,119.49835788526295,133.5854291604875,10.949789211844628,14.63409511629447,21.906776494661354,33.92097374161727,50.53348492484906
2006,1,2006-01-01,24072,12,stagnation2,0,113.22813190086596,117.7929032499681,118.50422765035678,119.31474531963316,133.55089459303673,10.939885332349942,14.63557404199184,21.87230007638235,33.86885321772405,50.520420984757486
2006,2,2006-02-01,24073,12,stagnation2,0,112.94770833169825,117.977650162046,118.55757823628909,119.04183627637244,133.2078619568043,10.91279134395959,14.658528541254055,21.882146982673365,33.79138486875155,50.39065657361833
2006,3,2006-03-01,24074,12,stagnation2,0,112.67788104933153,118.21476486976769,118.56802591492892,119.01140454998908,133.54397587397034,10.886721148513674,14.687989652794379,21.88407530849636,33.782746475640295,50.51780373085609
2006,4,2006-04-01,24075,12,stagnation2,0,112.5893918382463,118.14844147108425,118.5601703566076,118.87873892906315,133.6967869676402,10.878171490348599,14.67974907984502,21.882625409768874,33.745087823894096,50.57561001367335
2006,5,2006-05-01,24076,12,stagnation2,0,112.28403582579993,118.2125529764568,118.3642250018573,118.56190308932037,133.84699221767752,10.848668577021092,14.687714828696905,21.846459817345316,33.65515035202827,50.63243054257456
2006,6,2006-06-01,24077,12,stagnation2,0,111.96199815553014,118.63148998776992,118.17794237737654,118.58247999809798,134.26436712857688,10.817553913851226,14.739767061716348,21.8120776729911,33.66099134260489,50.79031758834362
2006,7,2006-07-01,24078,12,stagnation2,0,111.92489986513016,119.32423085440354,118.27842972871709,118.64195646932411,134.45010973739366,10.81396954805636,14.825838972381582,21.830624602041482,33.67787441827562,50.86058139916141
2006,8,2006-08-01,24079,12,stagnation2,0,111.94635977811363,119.51460116024114,118.26683121132375,118.66017492881606,134.7274424060947,10.816042963764453,14.849492169048025,21.828483866154684,33.68304593608537,50.96549243864413
2006,9,2006-09-01,24080,12,stagnation2,0,112.27833625174385,119.89397083840224,118.40946219813057,118.53761087154658,134.7511210976866,10.84811789508746,14.89662822615183,21.85480923703372,33.64825472855852,50.97444975391511
2006,10,2006-10-01,24081,12,stagnation2,0,112.6480013156496,120.13708099799426,118.64812785758578,118.6588234557752,134.88920196088444,10.883834225849194,14.926834262703276,21.898859707004583,33.68266230502682,51.026683798171796
2006,11,2006-11-01,24082,12,stagnation2,0,113.12562564350938,120.45956621223867,119.14817880164637,119.08123526787641,135.00017381916564,10.92998137400935,14.966902518941987,21.99115400332489,33.80256872248731,51.068662887978064
2006,12,2006-12-01,24083,12,stagnation2,0,113.28188540594383,120.64242088089755,119.42586467365454,119.24566813076092,135.60454051704264,10.945078893101067,14.989621910078837,22.042406425622048,33.849244868694434,51.29728629105563
2007,1,2007-01-01,24084,12,stagnation2,0,113.53832536155431,120.61264456663889,119.60894699480154,119.34137240372723,135.36709740593164,10.969855630665439,14.985922252119773,22.076197890671065,33.8764116196666,51.20746490895398
2007,2,2007-02-01,24085,12,stagnation2,0,113.96910847195448,120.62981058901009,119.7062390973944,119.54976950712785,135.5463741153852,11.01147707007077,14.988055102100445,22.094155073340126,33.93556751768378,51.27528276118143
2007,3,2007-03-01,24086,12,stagnation2,0,114.38245891281484,120.62973273776043,119.84605363680551,119.69033278214678,135.64034747208854,11.051414198319497,14.988045429211015,22.119960613122753,33.97546800874769,51.310831557439755
2007,4,2007-04-01,24087,12,stagnation2,0,114.61840229914263,120.67297752626862,120.00828700889132,119.93739561110851,135.74525703823414,11.074210596599848,14.99341852289221,22.14990399208079,34.04559961458772,51.350517367580935
2007,5,2007-05-01,24088,12,stagnation2,0,115.0486229540707,120.83113121632219,120.2677912658333,120.19232695035278,135.62944516941891,11.115777692634271,15.013068858158006,22.197800637554742,34.117964786942004,51.306707370011054
2007,6,2007-06-01,24089,12,stagnation2,0,115.48110201585786,120.87821137418925,120.56970100323582,120.3858893265011,135.7824294235658,11.157562991615766,15.018918490159264,22.253524053532214,34.172909678193115,51.364579156996
2007,7,2007-07-01,24090,12,stagnation2,0,115.65404638145756,120.66698002593446,120.75281628215178,120.54835946698896,136.33384422595827,11.174272545123133,14.992673343362835,22.287321601589632,34.21902868323063,51.57317160438459
2007,8,2007-08-01,24091,12,stagnation2,0,115.90075319305969,120.63264436540354,120.93957471196815,121.23881415558327,136.56737597957064,11.198108884947231,14.988407194145726,22.321791565233376,34.4150221326475,51.661513375076254
2007,9,2007-09-01,24092,12,stagnation2,0,115.78930775514553,120.38179399461293,121.0278296875633,121.41929434573082,136.72895510418786,11.187341240094964,14.957239449112935,22.33808076729582,34.466253495983516,51.72263648041289
2007,10,2007-10-01,24093,12,stagnation2,0,115.62620173742097,120.07706103678093,121.00542195305503,121.53314918699624,137.03094861336595,11.171582248924066,14.919376881468082,22.333944976506633,34.49857249307491,51.836876368246145
2007,11,2007-11-01,24094,12,stagnation2,0,115.28545666324487,119.72376715577784,120.64867736094169,121.52029807844717,137.07441659455037,11.138660112203544,14.875480699174053,22.26810070306559,34.49492455913374,51.85331969283403
2007,12,2007-12-01,24095,12,stagnation2,0,115.55904492897814,119.38382158344037,120.47592809548607,121.63875758610645,136.9303774533393,11.165093686662045,14.833243022226453,22.236216407906362,34.528550643373435,51.798831715988634
2008,1,2008-01-01,24096,12,stagnation2,0,115.74236115643566,119.05295846290278,120.2470370499302,121.73319714878768,136.98488254094136,11.182805349605491,14.792133824942162,22.19397003634259,34.55535839188623,51.819450222362995
2008,2,2008-02-01,24097,12,stagnation2,0,116.06143253541188,118.73391411202759,120.18320203003893,122.01705022431891,137.1106234491967,11.21363341538945,14.75249309030466,22.18218802030715,34.635933329416474,51.867016235600296
2008,3,2008-03-01,24098,12,stagnation2,0,116.38725997660629,118.42372961298045,120.08810143312166,122.11281603740588,137.15809810915803,11.245114238970647,14.713953177650932,22.164635323374224,34.663117549254764,51.88497523029414
2008,4,2008-04-01,24099,12,stagnation2,0,116.70483961427043,118.11912664673874,119.97646298578634,122.21342767011564,137.27400693908345,11.275798175564928,14.676106761246876,22.144030238909355,34.691677310339735,51.92882190688532
2008,5,2008-05-01,24100,12,stagnation2,0,117.02019668337559,117.80204632763622,119.99659792912972,122.4523581951387,137.65755007823194,11.30626737184008,14.636710054319336,22.14774654111696,34.759500468823305,52.07391087026996
2008,6,2008-06-01,24101,12,stagnation2,0,117.28431982835859,117.52855956348229,119.74368362347967,122.48673751079122,137.70984280718434,11.331786444452383,14.60272977472825,22.10106620155043,34.76925943023617,52.09369247255101
2008,7,2008-07-01,24102,12,stagnation2,0,117.5173668713424,117.13373852377833,119.34500626635409,122.37018834808866,137.34964729200564,11.354303003583805,14.553673911424998,22.027482406595553,34.73617561923153,51.95743558622238
2008,8,2008-08-01,24103,12,stagnation2,0,117.66402606787095,116.75340995620557,119.21823784894606,122.18770332664315,137.54006594131047,11.368472934377696,14.506418713892568,22.004084786774452,34.68437516163332,52.029468277246615
2008,9,2008-09-01,24104,12,stagnation2,0,117.94014197784159,116.40325800905097,118.86466587874749,122.36972875529574,137.92143199746934,11.395150724983312,14.462912911699597,21.938826083484997,34.736045158568004,52.17373368082293
2008,10,2008-10-01,24105,12,stagnation2,0,118.31040902518745,116.29064372528725,119.15990075894348,122.59816894143222,138.21281855280088,11.43092521823255,14.448920772591588,21.993317522488454,34.800890514542736,52.28396110752424
2008,11,2008-11-01,24106,12,stagnation2,0,118.84893784731558,116.20068667028181,119.48149511700055,122.6067296331841,138.68754023425794,11.48295684202906,14.43774375680535,22.052674124710695,34.80332056467283,52.46354162827541
2008,12,2008-12-01,24107,12,stagnation2,0,119.15071145212283,116.28183688013303,119.72182782826387,122.79945046813516,138.9397094495388,11.512113629988889,14.44782653659965,22.09703228207898,34.8580265748434,52.55893368801568
2009,1,2009-01-01,24108,12,stagnation2,0,119.28749497820345,116.29270092966141,119.95672152247704,123.17894676675029,139.92737287044827,11.525329392410782,14.449176376843685,22.1403865612279,34.9657509336394,52.932552838734516
2009,2,2009-02-01,24109,12,stagnation2,0,119.30067457259999,116.358752596491,120.24376987669615,123.41483756163662,140.25107909428593,11.52660277958943,14.457383187558165,22.19336701487413,35.03271123000524,53.05500634047629
2009,3,2009-03-01,24110,12,stagnation2,0,119.3535271388396,116.41012665604154,120.50510154824403,123.76268159602985,140.46036011843015,11.531709293354824,14.463766329764908,22.241600945872964,35.13145073208409,53.13417440203145
2009,4,2009-04-01,24111,12,stagnation2,0,119.42297937891581,116.70944825995461,120.85772967879524,124.23171387301677,140.99064500559177,11.53841963582673,14.500956545606188,22.306685444879587,35.26459090098014,53.33477370032066
2009,5,2009-05-01,24112,12,stagnation2,0,119.5121493554739,117.01056754345093,121.00019653079421,124.40504224595183,141.07655459825028,11.547035068248485,14.538370120172136,22.332980521432066,35.31379213931558,53.36727208830198
2009,6,2009-06-01,24113,12,stagnation2,0,119.61369356091899,117.30789240162194,121.3097968681732,124.86591022238835,141.7168400044522,11.55684607497521,14.575312243646689,22.39012338981042,35.44461477825148,53.60948303245392
2009,7,2009-07-01,24114,12,stagnation2,0,119.75981999940429,117.44993107423093,121.77933724016201,125.42322439601787,142.23670835805837,11.570964531706913,14.592960314561315,22.47678635633695,35.60281477182519,53.80614190292327
2009,8,2009-08-01,24115,12,stagnation2,0,119.86915867988108,117.64895447108225,121.9545513242494,125.51887218121631,142.46105975337744,11.58152862568891,14.617688643521207,22.50912558254646,35.62996548809926,53.89101087347249
2009,9,2009-09-01,24116,12,stagnation2,0,119.97064373474227,117.74760056573527,122.37880762393647,125.89473538033323,142.50309039277164,11.591333917399458,14.629945258159392,22.587430477485988,35.73665855010708,53.90691047192088
2009,10,2009-10-01,24117,12,stagnation2,0,119.96932056924167,117.67422966792407,122.46984020471513,126.00690017970992,142.38877410147643,11.591206075681953,14.620829045061523,22.604232341546002,35.76849780950547,53.86366623024621
2009,11,2009-11-01,24118,12,stagnation2,0,119.82529509674576,117.77385274222354,122.66047649899674,126.26308589504146,142.4367354656087,11.577290610261908,14.633207047810183,22.639418041808774,35.84121905083903,53.881809338267686
2009,12,2009-12-01,24119,12,stagnation2,0,119.61935495302743,117.62354090359253,122.56794471611914,126.29848171141371,142.31021962722738,11.55739306784216,14.614531049656001,22.622339470336435,35.85126655759121,53.8339501798866
2010,1,2010-01-01,24120,12,stagnation2,0,119.39301790212424,117.88145065698426,122.66010735184003,126.24460065497841,142.19259953707035,11.535524815299489,14.646575911339276,22.639349908396625,35.83597180431713,53.78945615767053
2010,2,2010-02-01,24121,12,stagnation2,0,119.18490638850747,117.6259201296406,122.4025963396852,126.02324114537089,142.24169389291973,11.515417479277177,14.614826664570217,22.59182115568882,35.77313637924741,53.80802786048872
2010,3,2010-03-01,24122,12,stagnation2,0,118.95191120091084,117.49489346136758,122.3888906441981,125.89297254028834,142.2571379169391,11.492905930313992,14.598546817040559,22.589291498389727,35.73615814782598,53.813870117087106
2010,4,2010-04-01,24123,12,stagnation2,0,118.72793368485209,117.17633984915334,122.3186114602933,125.6547370277199,141.83858162422914,11.471265651510727,14.558967055872671,22.576320084373812,35.66853227656578,53.65553617123101
2010,5,2010-05-01,24124,12,stagnation2,0,118.51125436303066,116.75127818853356,122.17909702298627,125.75246726805138,142.12957591863224,11.4503305102625,14.506153845273634,22.55056993437266,35.696274121514215,53.76561521115214
2010,6,2010-06-01,24125,12,stagnation2,0,118.35791606688102,116.40694115815595,122.15845199851037,125.39387394087923,141.82935126783823,11.435515257650156,14.463370536904057,22.54675948659899,35.594483309906536,53.65204445751298
2010,7,2010-07-01,24126,12,stagnation2,0,118.19733632591127,116.25085350220766,121.92146724877442,125.16048386620069,141.79476911657358,11.420000350502827,14.443976902969894,22.50301926177727,35.52823287153377,53.63896251713531
2010,8,2010-08-01,24127,12,stagnation2,0,118.05215621059867,116.01699130492267,121.99851488406469,125.22787079583206,141.8407529849923,11.405973325704363,14.41491991048942,22.51723992742488,35.54736142117249,53.656357566401745
2010,9,2010-09-01,24128,12,stagnation2,0,117.91326889959507,116.18631539495294,122.04056602738622,125.08014217418992,142.05422812565408,11.392554299610847,14.435958149537424,22.525001297998063,35.50542696463025,53.737112203118166
2010,10,2010-10-01,24129,12,stagnation2,0,117.78078525950843,115.98547242027476,121.90186168291794,124.93922486937133,142.3010338003799,11.37975398394169,14.411003741032195,22.499400666659753,35.46542597816414,53.830475311067175
2010,11,2010-11-01,24130,12,stagnation2,0,117.65355069057935,115.82322609993278,121.66944928587495,125.00297897386288,142.44391744484724,11.36746082347858,14.390844903199948,22.456504360001446,35.48352330889445,53.884526179781474
2010,12,2010-12-01,24131,12,stagnation2,0,117.5100481072261,115.54004927451767,121.6031677603338,124.88361974290704,142.6677223247931,11.353595878606445,14.355660649471657,22.444270792938898,35.44964182792079,53.9691884112683
2011,1,2011-01-01,24132,12,stagnation2,0,117.35901645639908,115.38590227552712,121.44504449237235,124.59603009128004,142.76028935729727,11.33900348964917,14.336508138965232,22.415086015024343,35.368006220588285,54.00420521490462
2011,2,2011-02-01,24133,12,stagnation2,0,117.18087030569963,115.57876840960472,121.42957653281981,124.406543484451,142.40288505303377,11.32179134962413,14.360471438176011,22.41223109702175,35.314218283010035,53.869004204322266
2011,3,2011-03-01,24134,12,stagnation2,0,116.97790330860225,115.28602857358499,121.15415211861752,124.19065598181753,142.47169719305742,11.302181066938896,14.324098996145143,22.36139607151052,35.25293614961868,53.895034866965524
2011,4,2011-04-01,24135,12,stagnation2,0,116.8593410203333,115.1440382559418,120.90470005607334,123.93722403294873,142.33684101600582,11.290725805630347,14.306456933255301,22.315354757417182,35.18099659634783,53.84402067602504
2011,5,2011-05-01,24136,12,stagnation2,0,116.5952421594598,115.24424056305696,120.86894992461622,123.65631312458582,142.15664752774788,11.265209079302211,14.31890690472642,22.308756363262777,35.10125682657241,53.77585601929815
2011,6,2011-06-01,24137,12,stagnation2,0,116.32896886752107,115.11690134454714,120.65146276256093,123.61947923350175,141.9032428780083,11.23948226360744,14.303085216750917,22.268614804049637,35.09080110588825,53.67999661211597
2011,7,2011-07-01,24138,12,stagnation2,0,116.05483079774021,114.8504320598175,120.44754054521486,123.39047816156352,141.70649849235278,11.212995568134446,14.269976847409673,22.23097692379448,35.025796536072505,53.60557098419343
2011,8,2011-08-01,24139,12,stagnation2,0,115.7717284515522,114.63071606671262,119.94233608645679,123.08935404098112,141.50313649167572,11.185642761436833,14.242677497477935,22.13773144436327,34.940319015142464,53.5286420057855
2011,9,2011-09-01,24140,12,stagnation2,0,115.48500613028328,114.50926294523327,119.95922934527506,123.16824554546278,141.15111289134217,11.15794019967724,14.227587147354974,22.140849429547995,34.962713269752456,53.3954764396572
2011,10,2011-10-01,24141,12,stagnation2,0,115.22919288307413,114.30676232468237,119.69140451243344,122.89614769768293,140.84365561830472,11.133224013478792,14.202426779082764,22.091417057151098,34.88547518788231,53.279169686969325
2011,11,2011-11-01,24142,12,stagnation2,0,114.97336874325612,114.08735711185282,119.42356827552587,122.50559719728633,140.89672408512715,11.108506774857329,14.175166043087902,22.041982579908176,34.77461296765457,53.29924473995235
2011,12,2011-12-01,24143,12,stagnation2,0,114.73404438598133,114.22301256863716,119.37117084141875,122.3749934813299,141.09175833938951,11.085383713636848,14.192021009959328,22.03231159664668,34.737539611184104,53.37302344927368
2012,1,2012-01-01,24144,12,stagnation2,0,114.49150604280325,113.7460777561195,119.11724422922009,122.40389377386107,140.92339326314428,11.061950123251469,14.132762645752166,21.98544441587592,34.745743289305075,53.30933331408619
2012,2,2012-02-01,24145,12,stagnation2,0,114.2547983628363,113.33306833736155,118.86942205616567,122.15211771857608,140.77496541845656,11.03907988038292,14.081446906335804,21.93970393013882,34.674273780340855,53.25318515257568
2012,3,2012-03-01,24146,12,stagnation2,0,114.03876613532171,113.57996889005103,118.82920054609274,122.14453779743124,140.6748440753098,11.018207260147774,14.112123892980978,21.93228025458493,34.67212213314948,53.215310659703526
2012,4,2012-04-01,24147,12,stagnation2,0,114.02469788295411,113.94957741807163,118.84518794341533,122.20088457901691,141.01955898765829,11.01684801253727,14.158047143271514,21.935231045106192,34.68811681066988,53.3457114521852
2012,5,2012-05-01,24148,12,stagnation2,0,113.87648166610768,113.759219734483,118.69001230675701,122.04323319055302,141.16631456673485,11.002527645421134,14.134395514898697,21.90659031087392,34.64336566343196,53.40122701918611
2012,6,2012-06-01,24149,12,stagnation2,0,113.73109768656602,113.84804394169446,118.72001105387363,122.26868500448617,141.70582633454342,10.988480923651151,14.145431776214082,21.91212717324466,34.70736273582495,53.60531671636841
2012,7,2012-07-01,24150,12,stagnation2,0,113.59855002644773,113.71920419239389,118.77735389315187,122.12769960423852,141.54656678422165,10.9756744224891,14.129423649761518,21.922710928886065,34.66734241969354,53.54507107329267
2012,8,2012-08-01,24151,12,stagnation2,0,113.63257144371072,113.79925841039943,118.9339936045706,122.09798482151658,141.46434494652317,10.97896150669205,14.139370254375784,21.95162188708527,34.65890753922919,53.51396771103271
2012,9,2012-09-01,24152,12,stagnation2,0,113.56924599576656,113.63929571755308,118.79170511710396,121.92494301855189,141.73068025066505,10.972843123146387,14.119495153495206,21.925359731236558,34.609787647052904,53.61471860251385
2012,10,2012-10-01,24153,12,stagnation2,0,113.67616901979157,113.866802551817,118.78442141359037,121.98305757479152,141.96207788698646,10.983173821026712,14.14776250259741,21.924015379629232,34.62628412759955,53.70225306671538
2012,11,2012-11-01,24154,12,stagnation2,0,113.56442204755412,113.83087831059088,118.61864340350529,121.9322368868442,141.78539508984565,10.972377042505403,14.143298974847765,21.893417767590066,34.61185809487492,53.635416454953855
2012,12,2012-12-01,24155,12,stagnation2,0,113.5295269716847,113.76842277542279,118.73458393603184,122.31505049594989,141.77349005320883,10.969005547080494,14.135538977563844,21.914816887003077,34.72052411014248,53.630912947399196
2013,1,2013-01-01,24156,12,stagnation2,0,113.45084161745493,113.85816497128062,118.5913301796361,122.27844089566047,141.642856527648,10.961403118795598,14.146689297455197,21.888376571673557,34.710132056962124,53.581496125998136
2013,2,2013-02-01,24157,12,stagnation2,0,113.59178202078473,114.11616783434842,118.64790145809482,122.68225122914316,142.17164094254952,10.975020510739085,14.178745727862227,21.89881792049872,34.82475823225913,53.781527816780944
2013,3,2013-03-01,24158,12,stagnation2,0,113.68209881878029,114.22075364377311,118.80569497846628,122.78963204431535,142.57681356406425,10.983746746852578,14.191740342268906,21.927941836970763,34.85523950310058,53.93479890847074
2013,4,2013-04-01,24159,12,stagnation2,0,113.58232821347283,113.92895863029655,118.9113657304439,122.88134523947753,143.08946887109434,10.974107101975646,14.155485292881444,21.947445465173555,34.881273341053756,54.12872918509039
2013,5,2013-05-01,24160,12,stagnation2,0,113.75836635578742,113.95866778792566,119.05921656080855,123.13979500623229,143.0960653737157,10.991115570266262,14.15917660674,21.97473426146713,34.954637259242766,54.13122454905238
2013,6,2013-06-01,24161,12,stagnation2,0,113.90840086815655,113.86134204455286,119.00750436481216,123.08613646389203,143.05843070665685,11.005611617614727,14.147084043571727,21.965189752457892,34.93940566913602,54.1169878849759
2013,7,2013-07-01,24162,12,stagnation2,0,114.04995791177093,113.85278765413605,118.96875936904937,123.30313686130492,143.3505538492806,11.019288588161974,14.146021174664728,21.958038596835983,35.0010037104215,54.22749395226742
2013,8,2013-08-01,24163,12,stagnation2,0,114.14871185112321,114.21677850841952,119.02935636422396,123.20898194631054,143.32636389342002,11.028830004720692,14.19124643825441,21.969222971338603,34.97427676240574,54.21834323293003
2013,9,2013-09-01,24164,12,stagnation2,0,114.2385042811406,114.33362368856183,119.01946295541734,123.2104893431722,143.44687571815274,11.03750557740402,14.205764259262638,21.967396946980763,34.97470465422172,54.263931157576216
2013,10,2013-10-01,24165,12,stagnation2,0,114.43387984558171,114.37621450889783,118.89061980661097,123.11232267010787,143.1620114707398,11.056382390399577,14.211056098476533,21.943616394427032,34.946838922857324,54.156171028026634
2013,11,2013-11-01,24166,12,stagnation2,0,114.85276196219233,114.81605279861226,119.27249998725789,123.58060195822246,143.21083144855805,11.096853978569063,14.265705280880656,22.014099938094148,35.07976534726166,54.174638937503104
2013,12,2013-12-01,24167,12,stagnation2,0,114.89592795470601,114.68581137171567,119.28552798682176,123.65198728492743,143.45289926667542,11.101024594125718,14.249522998297513,22.01650451320093,35.1000288875776,54.26620978107863
2014,1,2014-01-01,24168,12,stagnation2,0,115.05287865200265,114.99015351314819,119.60076715251402,123.86962887291062,143.54167168571735,11.116188870021048,14.287337007649008,22.074688138920962,35.161808938129845,54.299791135928395
2014,2,2014-02-01,24169,12,stagnation2,0,115.23598181556721,115.1982680044456,119.77950208739564,123.76357620722483,143.29970494582994,11.133879947139063,14.313194890106757,22.107677207812223,35.131704677689626,54.20825852882255
2014,3,2014-03-01,24170,12,stagnation2,0,115.47209203073858,115.28779709530481,119.73664936397233,123.56209717697986,142.8808145948355,11.15669246410289,14.324318732053342,22.099767889770252,35.074512553752754,54.04979821342609
2014,4,2014-04-01,24171,12,stagnation2,0,115.31441179967823,114.99626492935394,119.45604582035828,123.50956668233952,142.37092407882852,11.141457702051982,14.288096341037633,22.047976953445758,35.059601172869684,53.85691381827991
2014,5,2014-05-01,24172,12,stagnation2,0,115.26228260763766,115.14219820416913,119.11180669599953,123.33157677676513,142.25686958842863,11.13642107931682,14.306228309855955,21.984440811526667,35.00907670525265,53.81376861219377
2014,6,2014-06-01,24173,12,stagnation2,0,115.39187441470455,115.20932251042025,119.00901743677197,123.34296288841561,141.9500913915096,11.148941991615938,14.314568394250266,21.965469019827488,35.01230878309163,53.697718744429714
2014,7,2014-07-01,24174,12,stagnation2,0,115.51961360571374,115.75608580846931,119.1596350589238,123.19459700430346,141.73721449150955,11.16128390769834,14.382502832669354,21.99326848229237,34.97019343231876,53.61719041372325
2014,8,2014-08-01,24175,12,stagnation2,0,115.83161665127619,115.74420604737834,119.2166756487024,123.33701722372606,142.0405178680926,11.191429044639976,14.381026791938114,22.00379645180796,35.01062103826083,53.73192580593283
2014,9,2014-09-01,24176,12,stagnation2,0,116.14606789905835,115.9212302246977,119.36727862494187,123.44540022212443,141.996332828242,11.22181072219307,14.40302175413785,22.03159321107992,35.04138679025751,53.71521122815871
2014,10,2014-10-01,24177,12,stagnation2,0,116.01716732809238,116.1052825179545,119.2382794011762,123.45206827521442,142.24376339897927,11.209356595802673,14.425889948156653,22.00778385180416,35.04327959328657,53.808810725460745
2014,11,2014-11-01,24178,12,recovery,0,115.9120701151169,115.999519763879,119.13534132082185,123.15952053436186,142.36928692072166,11.199202304290488,14.412749100317354,21.988784592221286,34.96023657569835,53.85629450444432
2014,12,2014-12-01,24179,12,recovery,0,116.12834943620437,116.3748613189197,119.24146667280962,123.2693580538557,142.55124331938802,11.220098798233591,14.459384669763988,22.0083721258512,34.99141521012086,53.92512604532996
2015,1,2015-01-01,24180,12,recovery,0,116.52560913635799,116.38073837504734,119.3873185711302,123.47926306003572,142.64680487014567,11.25848126992048,14.46011488429926,22.035291979682828,35.05099914356456,53.96127563301296
2015,2,2015-02-01,24181,12,recovery,0,116.79507080945034,116.36403049051653,119.47388891216147,123.64892187257396,143.3613980277155,11.284516140898255,14.458038957189995,22.05127024910236,35.09915873526932,54.231596152117405
2015,3,2015-03-01,24182,12,recovery,0,117.0612430708381,116.34455542507303,119.55741394419667,124.01751028828176,144.0090563473673,11.310233195214614,14.455619212414147,22.06668644648861,35.2037867669172,54.47659616550404
2015,4,2015-04-01,24183,12,recovery,0,117.62140094261149,116.77794314148147,119.72574040917779,124.12344977468896,144.14590306856763,11.36435457637967,14.509466921719056,22.097754426305556,35.233858900126506,54.52836335123868
2015,5,2015-05-01,24184,12,recovery,0,118.34372021936176,116.892928637449,120.21218782257097,124.50719177747966,144.5442801514395,11.434143682040377,14.52375368003434,22.187537921865797,35.34278845054524,54.679063786445
2015,6,2015-06-01,24185,12,recovery,0,118.88567891410442,117.04382372738797,120.51538801298477,124.57843146118365,144.93972148472784,11.48650669356251,14.542502146202022,22.243499516480913,35.36301064843188,54.82865366896417
2015,7,2015-07-01,24186,12,recovery,0,119.43203480070805,117.0777778288984,120.77903733118788,124.90408188573078,145.49407869903058,11.539294553343957,14.546720887339852,22.292161215029648,35.4554502408706,55.038359189304224
2015,8,2015-08-01,24187,12,recovery,0,119.62648141181847,117.05454729362738,120.95339744245288,125.58687759383498,146.09292876289197,11.558081612647156,14.543834531628992,22.324342823657076,35.64926960119796,55.26489572749229
2015,9,2015-09-01,24188,12,recovery,0,120.01783347328076,117.06781381628836,120.94675207533326,125.80325660444764,146.6438750372091,11.595893299593689,14.54548287519917,22.32311628966213,35.71069125474299,55.47331093731401
2015,10,2015-10-01,24189,12,recovery,0,120.57690926724369,117.2794908694342,121.38375856311616,126.28602656021924,147.1260744608328,11.649910132472305,14.571783400093546,22.403774484104904,35.84773102066759,55.6557201825258
2015,11,2015-11-01,24190,12,recovery,0,121.12034374865041,117.47564703587236,121.63929981230123,127.00291565049568,147.7529393651269,11.70241573167657,14.596155480401361,22.4509396780806,36.051228176923644,55.89285433997202
2015,12,2015-12-01,24191,12,recovery,0,121.6553369891017,117.8840227136878,121.75307748013726,127.19840506783693,148.4051324383016,11.754105754340229,14.646895485144542,22.471939598018,36.10672008082715,56.139569786697635
2016,1,2016-01-01,24192,12,recovery,0,121.96743949496079,118.37373184980659,121.84796212370777,127.19095312743202,148.89345025102898,11.784260500945312,14.707741038000107,22.48945243648768,36.10460476243055,56.324293532266836
2016,2,2016-02-01,24193,12,recovery,0,122.18798020462856,118.78734320949947,122.0807637793708,127.63777746961769,149.0312888183846,11.80556872209474,14.759131567585307,22.532420588526644,36.23144095538433,56.37643591942165
2016,3,2016-03-01,24194,12,recovery,0,122.40352184058816,119.16186604464639,122.24908208252091,128.27093161749815,149.66793126843788,11.826393942313066,14.805665412434834,22.563487061916174,36.41116899185886,56.617268784611134
2016,4,2016-04-01,24195,12,recovery,0,122.59457740396536,119.65844895724264,122.57131524157006,128.6589119725336,150.20804346472806,11.844853365076341,14.867365020686,22.622961567501566,36.5213016469708,56.821585615424816
2016,5,2016-05-01,24196,12,recovery,0,122.65510047331726,120.23482502284992,122.6633304688151,128.94431845906314,150.66068667839667,11.850700988167496,14.938978796656238,22.639944798410745,36.60231753795527,56.992814163014224
2016,6,2016-06-01,24197,12,recovery,0,122.5709682168736,120.59297563452752,122.8696595590884,129.2717169183264,150.93713832493003,11.842572290618628,14.983478419730039,22.678026914689838,36.69525333001342,57.097391924229186
2016,7,2016-07-01,24198,12,recovery,0,122.59580134875583,121.39628228120884,123.08883279321634,129.38699853099533,151.33636119404525,11.844971620278791,15.083287946293616,22.71847967186658,36.72797733246364,57.24841230844978
2016,8,2016-08-01,24199,12,recovery,0,122.5714149955417,122.0106893760432,123.29437272371179,129.29176416788846,151.37096569914021,11.842615457518196,15.159627014949486,22.756416133093428,36.70094397077217,57.261502704966354
2016,9,2016-09-01,24200,12,recovery,0,122.61657860673904,122.64880010449666,123.76029842491053,129.66997924412067,151.88289206266342,11.846979079167683,15.238911221006036,22.84241194060154,36.80830463996124,57.45515723253203
2016,10,2016-10-01,24201,12,recovery,0,123.03296438415661,123.16246429692698,124.20460641246515,130.11360930938056,152.04131935568242,11.887209475823505,15.30273315011734,22.92441777130322,36.93423410092607,57.515088044401054
2016,11,2016-11-01,24202,12,recovery,0,123.17213573382966,123.678857851303,124.17566325547836,130.1091476824942,152.29077341063046,11.900655945189481,15.36689419795092,22.919075738978087,36.932967617175706,57.60945299725842
2016,12,2016-12-01,24203,12,recovery,0,123.2633036334388,123.94794350080589,124.30102379968665,130.06194643438567,152.1282582524195,11.909464413111467,15.400327646302046,22.942213507942345,36.919569003788915,57.54797580360696
2017,1,2017-01-01,24204,12,recovery,0,123.61927516097988,124.04877512578427,124.50242157734934,130.28889524166578,152.34291754649496,11.943857700605518,15.412855809480211,22.97938545290242,36.983991014841415,57.62917838886878
2017,2,2017-02-01,24205,12,recovery,0,123.9555469241251,124.22892858952534,124.6745172295104,130.3378610946269,152.75174255058025,11.976347634578257,15.435239580359077,23.011149110794978,36.99789053147012,57.78383112540357
2017,3,2017-03-01,24206,12,recovery,0,124.32112070810129,124.47195398936685,124.830847461396,130.32937320761434,152.7968780825031,12.011668673705833,15.465435085651253,23.040002948422615,36.99548114779682,57.80090526093118
2017,4,2017-04-01,24207,12,recovery,0,124.69988516473028,124.58178291616447,124.94174911522991,130.52037752008968,153.40392306978757,12.04826417037197,15.479081148748007,23.06047204306774,37.049699903457324,58.0305418231403
2017,5,2017-05-01,24208,12,recovery,0,125.23091435208943,124.63965770319386,125.19222796024931,130.6861752147916,153.6198766451952,12.099571193814928,15.48627199562726,23.106702870184005,37.096763472764316,58.11223401678679
2017,6,2017-06-01,24209,12,recovery,0,125.86180500590177,124.9258976901269,125.39868403808308,130.85084546419228,153.9316646566069,12.160526640964768,15.521836842124399,23.1448084245301,37.14350700384537,58.2301790267586
2017,7,2017-07-01,24210,12,recovery,0,126.7220949151255,124.7720014669336,125.53816114478973,131.24197011607245,154.44093978466896,12.243646204994361,15.50271549009737,23.170551684430283,37.254532203529415,58.422830629319286
2017,8,2017-08-01,24211,12,recovery,0,127.67302517639439,124.78450325223824,125.66857153948817,131.38706603405942,154.44358859009645,12.335523266310283,15.504268816311724,23.194621503224763,37.295719337069585,58.42383263507679
2017,9,2017-09-01,24212,12,recovery,0,128.04733014404758,124.60353256454367,125.63024931165909,131.20467921764043,154.24256413919773,12.371687895689137,15.481783506703865,23.1875483777904,37.24394675608981,58.34778791880155
2017,10,2017-10-01,24213,12,recovery,0,128.4222629793972,124.7390709707478,125.47288671987877,131.20848728898466,154.76153585973566,12.407913188442787,15.498623930233665,23.158503997716707,37.24502772063493,58.54410760561948
2017,11,2017-11-01,24214,12,recovery,0,129.0650442207285,124.55487010260832,125.5800965122129,131.01617376680727,154.7173584901664,12.470017481394532,15.47573727603062,23.178291686270548,37.19043733084731,58.52739592940466
2017,12,2017-12-01,24215,12,recovery,0,129.73129074371403,124.4486903561375,125.5435462838191,131.07579474976635,154.85471996546949,12.534388944936115,15.462544617573634,23.171545618394823,37.20736142782398,58.57935783936077
2018,1,2018-01-01,24216,12,recovery,0,130.09588492719956,124.52452945520473,125.64878128933829,131.1492001285656,154.98884037081962,12.569615336939702,15.471967500608626,23.190968820966525,37.228198382999004,58.63009369823751
2018,2,2018-02-01,24217,12,recovery,0,130.45140064302444,124.76195879550203,125.6578872425847,131.32288459942794,154.98938280893074,12.603964584778371,15.501467704727784,23.192649504819208,37.277500703798296,58.63029889492911
2018,3,2018-03-01,24218,12,recovery,0,130.78987951423386,124.98277247315151,125.73804048656673,131.3456742250613,155.34748783076515,12.636667765306832,15.528903440154608,23.2074433720021,37.28396979932706,58.76576497709172
2018,4,2018-04-01,24219,12,recovery,0,131.1225542355987,125.19815050752156,125.95552217292757,131.49629939012806,155.61906157553852,12.668810159989182,15.55566380586486,23.247583920567482,37.32672647280338,58.868497496826365
2018,5,2018-05-01,24220,12,recovery,0,131.1541211241826,125.39088979611856,125.9965323888076,131.25447528370887,155.55899160481263,12.671860092330283,15.579611344733785,23.25515316738432,37.25808193819135,58.84577387360496
2018,6,2018-06-01,24221,12,recovery,0,131.24096461761172,125.37214638518887,125.86675987775742,131.25435845858044,155.83058840304795,12.680250744406102,15.577282506825116,23.231201082639046,37.25804877604432,58.948515114139305
2018,7,2018-07-01,24222,12,recovery,0,130.98728504469835,125.97894787527838,126.22396010717542,131.4313625177744,155.93219369232463,12.655740709733257,15.65267659162961,23.297129452960434,37.308293399906375,58.98695096291574
2018,8,2018-08-01,24223,12,recovery,0,130.75093000259807,126.17986204835371,126.2622774235118,131.58928999300448,156.71037579250313,12.63290453806027,15.67763984641831,23.304201671881636,37.353122917526214,59.2813262827039
2018,9,2018-09-01,24224,12,recovery,0,130.9197281884829,126.60787215573019,126.47926670020772,131.80071458663576,156.7084748412651,12.649213495621325,15.730819396666224,23.344251336499962,37.41313820322399,59.28060717964503
2018,10,2018-10-01,24225,12,recovery,0,130.69801331194327,126.9322169282602,126.81835167972879,131.8293964920511,156.95377164430695,12.627791828716644,15.77111869995636,23.40683617900331,37.42127988966781,59.37339950270399
2018,11,2018-11-01,24226,12,recovery,0,130.48837911255336,127.57606713703498,127.18593434350247,132.04610072385074,157.37798093417152,12.60753737371007,15.851116026981048,23.474680833024053,37.4827938609613,59.53387189770298
2018,12,2018-12-01,24227,12,recovery,0,130.28721823762547,128.15228920680343,127.69137287076397,132.58191630837712,157.67068722091128,12.588101595091088,15.92271066922218,23.567969514429127,37.63489123447098,59.644598560194005
2019,1,2019-01-01,24228,12,recovery,0,130.13267393038396,128.59199713053212,127.95134171178297,132.69282529349613,158.02199576538024,12.57316981999592,15.97734365386749,23.6159519080873,37.66637401664899,59.77749363076765
2019,2,2019-02-01,24229,12,recovery,0,129.98182298678034,129.02853203365808,128.20017802951415,132.99717232373519,158.13720164692026,12.558594890624612,16.031582395933775,23.66187957429155,37.75276639729568,59.8210743918929
2019,3,2019-03-01,24230,12,recovery,0,129.81823815168076,129.28747021571087,128.32310979664288,133.01307250645004,158.48575182570104,12.54278963703562,16.063755038182773,23.68456906438715,37.75727984576395,59.952926011606685
2019,4,2019-04-01,24231,12,recovery,0,129.65034056585463,129.92563512470866,128.4280739861406,133.20647739042607,158.28007207142647,12.526567693728063,16.143045976082643,23.7039422825034,37.81218003106315,59.87512025968225
2019,5,2019-05-01,24232,12,recovery,0,129.57905085377425,130.60598204953257,128.69394547437415,133.57816798781408,158.79531501363337,12.519679818228905,16.22757795990998,23.75301412650171,37.917688652412664,60.070029402215795
2019,6,2019-06-01,24233,12,recovery,0,129.4263724905125,131.3624629116131,129.13431328064323,133.7121107825202,158.90647187963708,12.504928327068768,16.32156945993129,23.8342927187821,37.95570984452367,60.11207847783574
2019,7,2019-07-01,24234,12,recovery,0,129.27091819551856,131.6210295061032,129.39906731620772,134.00828032328442,158.84877934285402,12.489908630699109,16.353695933038207,23.883158314779106,38.039780951383364,60.090254204364264
2019,8,2019-08-01,24235,12,recovery,0,129.11804873828103,132.30348430169516,129.6825344998936,134.30006445641138,158.68231567926844,12.475138676404875,16.438489816333558,23.935477792542194,38.12260721019709,60.027283346784955
2019,9,2019-09-01,24236,12,recovery,0,128.98091514253858,132.79042830977735,129.90645164544256,134.61445470586082,159.18466765906726,12.461889090922455,16.49899180658901,23.97680613244028,38.211850473325725,60.21731601994149
2019,10,2019-10-01,24237,12,recovery,0,128.84353309067387,133.0660841214532,129.99305593892305,134.9277866396261,159.0495343717898,12.448615500085165,16.533241586758923,23.992790668456138,38.30079332145982,60.16619700210852
2019,11,2019-11-01,24238,12,recovery,0,129.14264596697015,133.74806009971368,130.406709688159,135.23321433713792,158.87237736386888,12.477515213550149,16.61797597779019,24.069138652915424,38.38749246185478,60.09918100309302
2019,12,2019-12-01,24239,12,recovery,0,128.97654630312397,134.34417352939326,130.45333883151088,135.21289788627587,158.91888857437235,12.461466982022227,16.692042088708497,24.07774498397988,38.38172540523232,60.11677553843707
2020,1,2020-01-01,24240,12,recovery,0,128.91351222540152,134.9763519687953,130.69201760854966,135.71571324333257,159.2065775195929,12.455376750109565,16.77058921763005,24.12179787506035,38.52445528726115,60.22560421135231
2020,2,2020-02-01,24241,12,recovery,0,129.2642949548779,135.45504362982422,130.93854764227552,136.15644147447753,160.1365718515818,12.489268705868405,16.830065867368493,24.167299870916583,38.64956102946902,60.57740795859555
2020,3,2020-03-01,24242,12,covid_aftermath,1,129.6716529359313,136.15603485271876,131.37151959091668,136.6467816569357,160.62965029171951,12.528626854122969,16.91716287119807,24.24721341132863,38.78874969070229,60.76393258241161
2020,4,2020-04-01,24243,12,covid_aftermath,1,131.75626322136438,137.38096419584278,132.79876062551085,137.78590654364615,161.6164101180221,12.73003790897674,17.06935832273097,24.51063898532651,39.112103300361326,61.1372099160271
2020,5,2020-05-01,24244,12,covid_aftermath,1,133.0040077273234,138.56942571038135,134.08533042323552,139.30187969103795,163.51490166768468,12.850592594372525,17.217022706680957,24.74810089907419,39.54242959300419,61.85538250945846
2020,6,2020-06-01,24245,12,covid_aftermath,1,134.25149798936252,139.86285798450896,135.34426233923548,140.77807910880856,164.7179876885914,12.97112271520751,17.377729534460936,24.980461694874062,39.96146565821661,62.31049299331031
2020,7,2020-07-01,24246,12,covid_aftermath,1,135.21318388399058,140.99599903724265,136.18575125769124,141.88211866081707,165.89889029095474,13.064038965227255,17.5185204422299,25.13577512546085,40.274859894891776,62.75721180260911
2020,8,2020-08-01,24247,12,covid_aftermath,1,136.4114909774169,142.09992887097414,137.39201841104915,143.00720544104482,167.56491993055914,13.179817102470594,17.655681904193827,25.358415597228426,40.594228627688835,63.38744733208557
2020,9,2020-09-01,24248,12,covid_aftermath,1,137.3314837015923,143.10672990059945,137.87441875886304,143.72686787390887,168.44021148672,13.268705038181546,17.780775272368693,25.44745212675603,40.79851302891424,63.71855779028505
2020,10,2020-10-01,24249,12,covid_aftermath,1,138.26001755891474,143.96678549109865,138.6298557977425,144.45575693467666,169.54428687487268,13.358418201825414,17.887635761648497,25.586882980243686,41.00541651385247,64.13621394735053
2020,11,2020-11-01,24250,12,covid_aftermath,1,138.860910919911,144.64935980268822,138.8572807064128,144.92944104832242,170.037254762968,13.416475367972293,17.972444494609526,25.628858747234528,41.13987715971529,64.3226967508872
2020,12,2020-12-01,24251,12,covid_aftermath,1,139.76921858365733,145.37411606616877,139.23879787399588,145.3404466660646,170.68763297794175,13.50423431551529,18.062494265554193,25.699275289657717,41.25654579863061,64.56872566233639
2021,1,2021-01-01,24252,12,covid_aftermath,1,140.52910348717944,146.01498657932115,139.347359357576,145.46694211857363,170.9120004151365,13.577652940116408,18.142121370309958,25.719312459577154,41.29245297759881,64.65360070130106
2021,2,2021-02-01,24253,12,covid_aftermath,1,140.85431446182366,146.62197861803853,139.6975736959732,145.9666690897962,171.1937297002446,13.609074201879736,18.217539130467337,25.78395144547963,41.43430618603449,64.76017491879894
2021,3,2021-03-01,24254,12,covid_aftermath,1,141.18899281866555,147.12999065002657,140.29772045592293,146.17574431395482,170.9566879536394,13.641410183985977,18.280658787961524,25.89472040523538,41.49365457637402,64.6705053672325
2021,4,2021-04-01,24255,12,covid_aftermath,1,139.97414624922,146.7001075560394,139.48679247226664,145.52615085444202,170.72172686957043,13.524034034233999,18.227246522214934,25.7450475998803,41.3092600535303,64.58162290097592
2021,5,2021-05-01,24256,12,covid_aftermath,1,139.71921431571806,146.22530542629025,138.77107904100373,144.71106096781907,169.3841314225943,13.49940299887869,18.168253140325934,25.61294852419612,41.07788747962647,64.07562939719259
2021,6,2021-06-01,24257,12,covid_aftermath,1,139.745199366221,145.72369729415848,137.94548409163502,143.87624122574562,168.80337480679987,13.50191362471067,18.10592915683178,25.460568640101048,40.84091436090758,63.855937355375694
2021,7,2021-07-01,24258,12,covid_aftermath,1,139.81404629729533,145.2047739784316,137.17913215456832,143.02545408147063,167.57934903358054,13.508565483385661,18.04145379032078,25.31912322617796,40.599408712701376,63.392905658376044
2021,8,2021-08-01,24259,12,covid_aftermath,1,140.05938304116376,144.67305538683192,136.5916987787,142.16302283575197,166.4447274614713,13.532269449888284,17.97538863187616,25.210700773016345,40.354597753306756,62.963694310477415
2021,9,2021-09-01,24260,12,covid_aftermath,1,140.55101909250567,144.2078508513413,136.69038602136004,142.43037226313228,166.42886519233787,13.579770383946252,17.917587735251725,25.22891545639068,40.4304879418122,62.95769383764766
2021,10,2021-10-01,24261,12,covid_aftermath,1,140.97088156632498,143.82939878189197,136.44220378706228,141.94342070222123,165.49192445476552,13.620336692352375,17.87056568951764,25.18310851422653,40.29226117950838,62.603262363083864
2021,11,2021-11-01,24262,12,covid_aftermath,1,141.20635681983933,143.14883119469374,136.38399949540667,141.6954499530069,165.35005394862995,13.643087860536522,17.786006288754063,25.172365760503165,40.22187185013479,62.54959475031998
2021,12,2021-12-01,24263,12,covid_aftermath,1,141.5375869977768,142.7401647047728,136.2901771182131,141.51219503013712,165.00028900319904,13.675090686198454,17.73523015108619,25.155048984312597,40.16985284722384,62.41728360150495
2022,1,2022-01-01,24264,12,covid_aftermath,0,141.8464964331216,142.31894480168805,136.21624009158054,141.3403029609328,164.7578200510688,13.704936924443484,17.68289427252757,25.14140244304291,40.12105932010717,62.32556101458645
2022,2,2022-02-01,24265,12,covid_aftermath,0,142.46601714342376,142.3368365634316,136.028471373044,140.91506556220978,164.46093921312894,13.76479382941879,17.685117294428846,25.106746010625105,40.000350827611506,62.21325517821797
2022,3,2022-03-01,24266,12,covid_aftermath,0,142.59368216797353,142.00702038450297,135.45487533855623,140.810099641443,164.21639444640675,13.777128579679875,17.644138177913536,25.00087751261712,39.97055505212886,62.12074733989857
2022,4,2022-04-01,24267,12,covid_aftermath,0,142.64554082728668,142.01070822854624,135.42598476164628,140.74883599646074,164.2008932229993,13.782139064060841,17.64459638645634,24.99554518498558,39.95316466677516,62.11488344557791
2022,5,2022-05-01,24268,12,covid_aftermath,0,142.85654086567857,141.9975065511974,135.3832995675407,140.78821056705544,164.61472779630714,13.802525483816927,17.642956099809297,24.98766678779413,39.9643415883569,62.27143123153822
2022,6,2022-06-01,24269,12,covid_aftermath,0,143.00093490731538,141.9363189962507,135.37541151178368,140.77753483074298,164.85773791640796,13.816476559681753,17.63535364697756,24.98621089102186,39.9613111586712,62.363358534672074
2022,7,2022-07-01,24270,12,covid_aftermath,0,143.15073952626184,141.91495241538374,135.47957267003522,140.80830199445458,165.76713227524795,13.830950395167845,17.632698884528594,25.005435893831912,39.97004476949929,62.707369602435854
2022,8,2022-08-01,24271,12,covid_aftermath,0,143.33834296887028,142.22257126325803,135.51085072893292,140.85813707880902,166.07110281261828,13.849076280631426,17.670920019253685,25.011208878505805,39.98419102738696,62.822357372167446
2022,9,2022-09-01,24272,12,covid_aftermath,0,143.52423352812414,142.58687121568673,135.4068558496786,140.56574822163935,165.76175433864893,13.867036670584554,17.716183687778347,24.99201456577488,39.901193110746824,62.70533520482407
2022,10,2022-10-01,24273,12,covid_aftermath,0,143.30743993934934,142.78717884038622,135.6321455340926,140.97771225670954,166.8698654176689,13.846090489082048,17.741071579931273,25.03359623487917,40.018133807367306,63.12451800686037
2022,11,2022-11-01,24274,12,covid_aftermath,0,143.5597646451962,143.03244497193953,135.64956200548986,140.92506639477017,167.24566828919188,13.87046961909278,17.77154549244469,25.036810789298244,40.00318967815873,63.26667893610368
2022,12,2022-12-01,24275,12,covid_aftermath,0,143.86605446414126,143.33924724594377,135.79292562511515,140.81949840133078,167.43935827265247,13.90006275501645,17.809665169212586,25.063271382060663,39.97322299747136,63.339949126728584
2023,1,2023-01-01,24276,12,covid_aftermath,0,144.17654905314635,143.70937424682867,136.33592949764568,140.97097226184107,169.1458322992307,13.930062147773405,17.855652838901786,25.16349349124707,40.01622058284274,63.98548419772153
2023,2,2023-02-01,24277,12,covid_aftermath,0,144.64830065455573,143.83075866839587,136.75221715693735,141.15199850604898,170.06803692319468,13.975641884347086,17.870734653173916,25.240327615924773,40.067606949860576,64.33434120821721
2023,3,2023-03-01,24278,12,covid_aftermath,0,145.53885870334815,144.22662798550448,137.00054959908474,141.25736946821664,171.12111995601464,14.061685898074348,17.919920763216563,25.286162281919765,40.09751770097106,64.7327076760128
2023,4,2023-04-01,24279,12,covid_aftermath,0,146.0044997761721,144.42413334793727,136.94260984265696,140.8427782024245,171.83435926272477,14.106675247074527,17.944460478902503,25.275468353407106,39.97983123490312,65.00251605241998
2023,5,2023-05-01,24280,12,covid_aftermath,0,146.45445574196154,144.6711871869827,137.14449997901866,140.98881816709743,172.29784354097347,14.150149131061704,17.975156511124705,25.312731172907466,40.02128634687757,65.17784562193198
2023,6,2023-06-01,24281,12,covid_aftermath,0,147.21212576259728,145.00369071339355,137.50442295431154,141.22180240253073,172.50644127144182,14.223353757918671,18.016469526134465,25.379162079855504,40.087421583145264,65.25675520312078
2023,7,2023-07-01,24282,12,covid_aftermath,0,148.06654959617723,145.3339485110996,137.78758084931542,141.48006135133522,173.37681793324722,14.305906552949992,18.05750351305484,25.43142447227238,40.16073133547966,65.5860064260625
2023,8,2023-08-01,24283,12,covid_aftermath,0,148.11514051476797,145.34496071518447,137.8879149660427,141.6991946365859,174.44421521119628,14.310601314478351,18.05887176125828,25.449943118842803,40.22293482133876,65.98978777102685
2023,9,2023-09-01,24284,12,covid_aftermath,0,148.61349474302108,145.29093487121395,138.15574093235315,141.60309252821025,175.92276649303395,14.358751345927729,18.05215913920894,25.4993757004438,40.19565514024177,66.54910288032367
2023,10,2023-10-01,24285,12,covid_aftermath,0,149.5075748810376,145.46546329289433,138.40455629291063,141.3975615797283,176.07174941442372,14.445135657172887,18.073844007884894,25.54529949858696,40.137312833034166,66.6054610195266
2023,11,2023-11-01,24286,12,covid_aftermath,0,150.07638055439668,145.8766971775887,138.53445471760574,141.80088422569654,176.80665665016113,14.50009257237119,18.124939140120905,25.569274823186888,40.251800572660045,66.88346606806886
2023,12,2023-12-01,24287,12,covid_aftermath,0,150.64774098720903,146.20551341630411,139.10494847753893,142.24011545197936,177.29569367965115,14.555296323536862,18.165794015713164,25.674570735040582,40.37648137293969,67.06846188320179
2024,1,2024-01-01,24288,12,covid_aftermath,0,151.50249454212653,146.62129788589246,139.05366347680305,142.85214796304837,177.56226834947032,14.637880975612573,18.217454550620406,25.66510507336966,40.55021379156357,67.1693033233447
2024,2,2024-02-01,24289,12,covid_aftermath,0,151.61185581425366,146.63730228269932,138.97148863138267,142.84487280208003,177.49705501284302,14.648447252356572,18.219443070539704,25.649938079639547,40.54814865402913,67.14463403730008
2024,3,2024-03-01,24290,12,covid_aftermath,0,151.7032490641117,146.74415323672864,139.23027350314166,142.7806031990968,177.3028632788769,14.657277493188182,18.232719125429316,25.69770194834338,40.52990499316416,67.07117404153125
2024,4,2024-04-01,24291,12,covid_aftermath,0,152.6035422957718,147.10574882123663,139.50583740616622,143.61506027500124,178.1837827998359,14.7442621016464,18.277646780698102,25.748562719276848,40.766775164948776,67.40441347948601
2024,5,2024-05-01,24292,12,covid_aftermath,0,152.72558092519304,147.13472538124103,139.30228334981285,143.45461295713656,177.56775671276185,14.756053240381732,18.281247070509508,25.710992790417755,40.72123036121661,67.17137949381777
2024,6,2024-06-01,24293,12,covid_aftermath,0,152.40286818967485,147.52758926496335,139.48228435142414,143.88928432749157,178.79671131392527,14.724873353699957,18.330059760408496,25.744215536975855,40.84461679431054,67.63627569695537
2024,7,2024-07-01,24294,12,covid_aftermath,0,152.57345061857905,147.9166985414774,139.65902503301103,144.16847365287276,178.57154607840968,14.741354701405662,18.378405946551496,25.776836526960942,40.92386787309347,67.55109886213113
2024,8,2024-08-01,24295,12,covid_aftermath,0,153.39712375203558,148.32404528661644,139.85339411577627,144.49540393202236,178.9633041773452,14.820936422662365,18.429018108105875,25.8127111871997,41.01667076687902,67.6992954290109
2024,9,2024-09-01,24296,12,covid_aftermath,0,153.11482885143474,148.75146640830715,139.80448738449658,144.6868105732064,179.08129748060438,14.793661629811554,18.482124477853304,25.803684482216138,41.07100372813869,67.74393063248296
2024,10,2024-10-01,24297,12,covid_aftermath,0,153.68893934837374,149.16045440317313,139.64349013932542,145.0156866890492,179.87603534542617,14.849131086908224,18.53294056198058,25.773969254939654,41.16435896989407,68.04456876467724
2024,11,2024-11-01,24298,12,covid_aftermath,0,153.8233617960706,149.3463908628203,140.10654961853083,145.2103231315431,180.09010724486853,14.862118726456893,18.556042860567256,25.859436044464474,41.21960874714487,68.12554914682885
2024,12,2024-12-01,24299,12,covid_aftermath,0,154.2039202706524,149.30088265984458,140.07779869652438,145.65705017921877,181.09614483447766,14.898887557703034,18.55038854136981,25.854129492908747,41.346417321940734,68.50611898657736
2025,1,2025-01-01,24300,12,covid_aftermath,0,154.48973879511976,149.2194323407947,140.3807046654432,145.59634175372238,180.31062904112,14.926502796345956,18.54026847350232,25.910036783125157,41.329184541979565,68.20896943403012
2025,2,2025-02-01,24301,12,covid_aftermath,0,155.05311293364997,149.25328295126718,140.32037930291847,145.56125076033638,179.8215804836486,14.980934927047608,18.544474356049296,25.898902543802905,41.319223562713574,68.02396925802434
2025,3,2025-03-01,24302,12,covid_aftermath,0,155.43536833311347,149.32538535750132,140.61948807432893,146.34972692599726,180.39890030691805,15.017867711927108,18.553432961159878,25.954108986083348,41.54304152795252,68.24236120967164
2025,4,2025-04-01,24303,12,covid_aftermath,0,155.58175629404536,149.3461453967699,140.97593327065218,146.8449261213624,180.19890189008404,15.032011436456921,18.556012361815156,26.019898000107133,41.68360947549686,68.16670462762083
2025,5,2025-05-01,24304,12,covid_aftermath,0,155.93684225660726,149.393115295991,141.1399889264936,147.009485895608,180.7552021744675,15.066319162358075,18.56184829436142,26.05017771759011,41.730321646943366,68.37714518398425
2025,6,2025-06-01,24305,12,covid_aftermath,0,156.3602478898846,149.07347940286192,140.84113905786486,146.57644556798135,179.2614231562288,15.107227804047758,18.522134061574054,25.99501906094099,41.6073982039569,67.81206963664643
2025,7,2025-07-01,24306,12,covid_aftermath,0,156.12182933814583,149.09631273491868,141.00212989257952,146.2684843325761,179.1146589986921,15.084192260024029,18.524971065440347,26.02473310504088,41.519979889893975,67.75655082453498
2025,8,2025-08-01,24307,12,covid_aftermath,0,155.99346285541571,149.10648731046305,141.15093065960636,146.54184708806415,178.71016336210423,15.071789736216482,18.526235239678496,26.05219723094202,41.5975770302643,67.60353582670072
2025,9,2025-09-01,24308,12,covid_aftermath,0,156.5234388603087,149.27464811850413,141.12760960727624,146.67257715435792,178.73364419391302,15.122995003185846,18.547128942857064,26.04789286927683,41.63468625272114,67.61241829440463
2025,10,2025-10-01,24309,11,covid_aftermath,0,156.28580474552268,149.25462681398724,141.25073935499407,146.78724123982204,178.24293085760436,15.100035249958712,18.544641328776848,26.070618900607624,41.66723496302115,67.42678835603026
2025,11,2025-11-01,24310,11,covid_aftermath,0,156.38679132988997,149.63053097453357,141.08297356142597,146.6798754845779,177.81818508233704,15.109792380404446,18.591346801030074,26.039654403794056,41.63675796711229,67.26611301616532
2025,12,2025-12-01,24311,11,covid_aftermath,0,156.18824106574544,149.37452758838083,140.43726963362582,146.06943818188108,177.36768889246932,15.090608834001415,18.559538802333513,25.920476967263998,41.463478366604605,67.09569665741685
2026,1,2026-01-01,24312,11,covid_aftermath,0,155.80433373023263,149.63334017288963,140.18981781179545,146.0005895528216,177.4925408888374,15.053516442223412,18.591695839294726,25.874804837173503,41.44393489688835,67.14292640781667
2026,2,2026-02-01,24313,11,covid_aftermath,0,155.41155159264508,149.99374771278832,140.58116054574052,146.1496065546802,177.77744504730535,15.015566584059497,18.63647588197935,25.94703488228896,41.48623507487032,67.2507016351558
2026,3,2026-03-01,24314,11,covid_aftermath,0,155.18265390077605,150.27853489367462,140.37529918477784,145.7026714910461,177.0119638610294,14.993450927288977,18.671860219720195,25.909039094709186,41.35936745236879,66.9611308920738
2026,4,2026-04-01,24315,11,covid_aftermath,0,154.7080854490324,150.1998527306415,139.99800607039262,145.1214083561975,176.30829562492616,14.947599032028778,18.662084090674362,25.839402184885728,41.1943692726189,66.69494311677012
2026,5,2026-05-01,24316,11,covid_aftermath,0,154.4189645681845,150.42314521950084,140.23623883701748,145.5824037631626,177.09526484044858,14.919664726034634,18.689827814307577,25.883372755919027,41.325228084165786,66.99264247843587
2026,6,2026-06-01,24317,11,covid_aftermath,0,154.0845300205581,150.69445345421173,140.37461926265473,145.77657137572115,177.7644088368197,14.887352300308029,18.723537415206767,25.90891360162763,41.380344778684666,67.24577022047838
2026,7,2026-07-01,24318,11,covid_aftermath,0,154.09611804737523,150.6071204176963,140.1701049569186,146.13892839966877,178.30922181866643,14.888471913274165,18.712686429392107,25.871166439744332,41.4832039586093,67.45186529220912
2026,8,2026-08-01,24319,11,covid_aftermath,0,153.62502388634874,150.51246064712313,139.74265268800008,145.377302902147,177.53315889941527,14.842955697331632,18.70092510894921,25.792271665443945,41.26700786219776,67.15829162869528
